userid,X0,X1,X2,X3,X4,X5,X6,X7,X8,X9,Y0,Y1,Y2,Y3,Y4,Y5,Y6,Y7,Y8,Y9,Z0,Z1,Z2,Z3,Z4,Z5,Z6,Z7,Z8,Z9,YAVG,ZAVG,XABSOLDEV,YABSOLDEV,ZABSOLDEV,XSTANDDEV,YSTANDDEV,ZSTANDDEV,RESULTANT,label
33,0.04,0.09,0.14,0.12,0.11,0.1,0.08,0.13,0.13,0.08,0.09,0.1,0.11,0.11,0.08,0.04,0.16,0.13,0.1,0.03,0.12,0.08,0.09,0.12,0.1,0.1,0.08,0.11,0.12,0.1,8.4,1.76,3.29,7.21,4.0,4.05,8.17,4.05,11.96,Jogging
33,0.12,0.12,0.06,0.07,0.11,0.1,0.11,0.09,0.12,0.1,0.12,0.11,0.07,0.1,0.13,0.13,0.06,0.11,0.1,0.04,0.11,0.11,0.11,0.09,0.12,0.1,0.11,0.1,0.07,0.08,7.62,1.43,4.23,6.88,4.05,5.43,8.19,5.43,12.05,Jogging
33,0.14,0.09,0.11,0.09,0.09,0.11,0.12,0.08,0.05,0.12,0.09,0.1,0.12,0.1,0.1,0.12,0.08,0.07,0.1,0.06,0.07,0.11,0.1,0.09,0.08,0.11,0.11,0.09,0.1,0.12,7.77,2.39,4.18,6.89,4.07,5.55,8.19,5.55,11.99,Jogging
33,0.06,0.1,0.09,0.09,0.11,0.07,0.12,0.1,0.14,0.14,0.12,0.08,0.11,0.1,0.1,0.11,0.11,0.1,0.08,0.11,0.1,0.1,0.11,0.1,0.09,0.07,0.12,0.14,0.07,0.11,9.57,0.49,2.26,4.13,2.49,2.87,4.95,2.87,10.69,Walking
33,0.12,0.11,0.1,0.08,0.1,0.14,0.1,0.11,0.08,0.07,0.1,0.11,0.07,0.09,0.1,0.11,0.1,0.11,0.14,0.09,0.1,0.09,0.11,0.1,0.11,0.11,0.08,0.09,0.14,0.1,9.76,0.51,2.29,3.94,2.41,3.08,4.64,3.08,10.8,Walking
33,0.09,0.09,0.1,0.12,0.08,0.06,0.09,0.08,0.07,0.08,0.07,0.1,0.11,0.08,0.08,0.08,0.09,0.08,0.07,0.09,0.08,0.1,0.06,0.09,0.09,0.11,0.08,0.08,0.07,0.08,7.73,0.31,2.0,3.39,1.94,3.13,4.95,3.13,8.63,Walking
33,0.12,0.12,0.12,0.13,0.15,0.11,0.08,0.09,0.06,0.03,0.1,0.11,0.09,0.1,0.1,0.12,0.09,0.11,0.1,0.1,0.13,0.08,0.11,0.12,0.08,0.07,0.09,0.1,0.11,0.13,9.2,1.19,1.56,2.55,1.72,2.09,3.2,2.09,9.87,Upstairs
33,0.1,0.1,0.1,0.1,0.11,0.11,0.09,0.09,0.12,0.12,0.09,0.11,0.1,0.08,0.1,0.12,0.08,0.1,0.11,0.11,0.08,0.11,0.1,0.1,0.12,0.1,0.13,0.1,0.07,0.1,9.3,1.4,1.84,2.69,1.41,2.22,3.35,2.22,9.91,Upstairs
33,0.08,0.07,0.08,0.08,0.05,0.08,0.14,0.1,0.15,0.16,0.12,0.09,0.09,0.12,0.11,0.08,0.11,0.09,0.1,0.1,0.08,0.09,0.1,0.1,0.1,0.11,0.11,0.12,0.12,0.08,9.06,1.38,2.26,2.7,1.3,2.68,3.4,2.68,9.78,Upstairs
33,0.01,0.0,0.0,0.01,0.01,0.01,0.01,0.01,0.0,0.0,0.0,0.0,0.0,0.01,0.01,0.01,0.02,0.01,0.0,0.0,0.01,0.02,0.0,0.01,0.0,0.0,0.01,0.0,0.0,0.0,0.39,-0.01,0.07,0.37,0.03,1.85,9.34,1.85,0.39,Upstairs
33,0.03,0.08,0.07,0.07,0.09,0.13,0.14,0.16,0.1,0.12,0.12,0.11,0.11,0.14,0.08,0.11,0.09,0.09,0.08,0.08,0.11,0.08,0.1,0.08,0.07,0.08,0.09,0.11,0.07,0.19,7.93,2.69,1.64,2.77,2.39,2.6,3.6,2.6,9.52,Downstairs
33,0.1,0.1,0.14,0.11,0.1,0.09,0.09,0.09,0.08,0.12,0.09,0.11,0.1,0.07,0.13,0.09,0.07,0.12,0.12,0.1,0.07,0.14,0.12,0.11,0.13,0.09,0.11,0.07,0.12,0.05,8.99,2.04,1.62,3.03,1.49,1.98,3.74,1.98,9.62,Downstairs
33,0.17,0.11,0.08,0.12,0.11,0.11,0.06,0.07,0.12,0.06,0.08,0.08,0.08,0.11,0.09,0.1,0.13,0.09,0.11,0.13,0.11,0.09,0.08,0.12,0.09,0.14,0.1,0.12,0.11,0.07,9.16,2.2,1.79,2.98,1.58,2.24,3.7,2.24,9.89,Downstairs
33,0.0,0.01,0.01,0.01,0.01,0.0,0.0,0.0,0.01,0.01,0.0,0.0,0.01,0.01,0.01,0.0,0.01,0.01,0.0,0.0,0.0,0.01,0.01,0.01,0.0,0.01,0.01,0.0,0.01,0.0,0.38,0.08,0.07,0.36,0.07,1.97,9.96,1.97,0.4,Downstairs
33,0.03,0.11,0.07,0.12,0.08,0.09,0.11,0.12,0.13,0.15,0.08,0.1,0.1,0.1,0.11,0.12,0.09,0.1,0.11,0.11,0.09,0.1,0.13,0.11,0.11,0.11,0.1,0.11,0.06,0.11,8.83,2.38,1.59,2.71,1.5,2.05,3.4,2.05,9.69,Upstairs
33,0.15,0.11,0.08,0.1,0.12,0.13,0.08,0.1,0.07,0.08,0.1,0.1,0.1,0.12,0.08,0.09,0.12,0.11,0.11,0.09,0.13,0.09,0.11,0.11,0.06,0.1,0.09,0.08,0.13,0.11,8.57,2.39,2.14,2.93,1.71,2.78,3.62,2.78,9.75,Upstairs
33,0.09,0.06,0.11,0.06,0.07,0.06,0.06,0.06,0.06,0.05,0.08,0.07,0.07,0.06,0.07,0.07,0.08,0.06,0.04,0.09,0.06,0.06,0.06,0.06,0.09,0.05,0.09,0.08,0.08,0.06,5.7,1.54,1.44,2.63,0.93,2.75,4.86,2.75,6.42,Upstairs
33,0.05,0.08,0.08,0.09,0.09,0.1,0.09,0.14,0.14,0.14,0.11,0.07,0.11,0.11,0.09,0.13,0.11,0.1,0.09,0.11,0.08,0.1,0.11,0.09,0.1,0.09,0.14,0.1,0.12,0.09,9.18,2.32,1.45,3.03,1.61,1.82,3.82,1.82,9.84,Downstairs
33,0.12,0.11,0.09,0.11,0.12,0.11,0.1,0.1,0.05,0.12,0.09,0.12,0.09,0.11,0.11,0.08,0.1,0.09,0.11,0.12,0.1,0.1,0.09,0.11,0.1,0.09,0.11,0.1,0.08,0.13,9.17,2.3,1.69,3.14,1.81,2.11,3.84,2.11,9.9,Downstairs
33,0.1,0.07,0.11,0.06,0.04,0.08,0.05,0.05,0.04,0.04,0.07,0.08,0.07,0.06,0.07,0.06,0.05,0.08,0.06,0.05,0.08,0.07,0.05,0.06,0.09,0.06,0.04,0.06,0.07,0.05,5.33,1.25,1.14,2.39,1.05,2.33,4.96,2.33,5.78,Downstairs
33,0.01,0.06,0.09,0.08,0.07,0.1,0.11,0.18,0.14,0.16,0.08,0.1,0.1,0.11,0.08,0.08,0.1,0.13,0.12,0.11,0.08,0.11,0.12,0.14,0.09,0.13,0.11,0.08,0.07,0.1,9.02,2.23,1.21,2.77,1.39,1.55,3.36,1.55,9.67,Upstairs
33,0.09,0.08,0.06,0.1,0.13,0.11,0.13,0.1,0.12,0.11,0.11,0.1,0.09,0.09,0.12,0.11,0.08,0.11,0.08,0.12,0.11,0.11,0.09,0.08,0.13,0.09,0.1,0.09,0.12,0.1,8.88,2.41,1.5,2.96,1.68,2.03,3.73,2.03,9.84,Upstairs
33,0.18,0.14,0.12,0.1,0.07,0.07,0.03,0.01,0.02,0.01,0.08,0.08,0.08,0.09,0.07,0.08,0.09,0.05,0.07,0.05,0.08,0.05,0.04,0.07,0.06,0.07,0.1,0.1,0.1,0.08,6.15,1.97,2.0,2.51,1.25,3.42,4.28,3.42,7.23,Upstairs
33,0.02,0.07,0.08,0.09,0.09,0.11,0.1,0.14,0.15,0.15,0.1,0.12,0.1,0.1,0.1,0.07,0.12,0.1,0.12,0.09,0.06,0.09,0.14,0.11,0.11,0.09,0.12,0.1,0.1,0.1,9.0,2.58,1.66,3.27,1.76,2.13,3.95,2.13,9.79,Downstairs
33,0.15,0.12,0.1,0.07,0.13,0.09,0.1,0.1,0.07,0.09,0.1,0.11,0.08,0.11,0.11,0.13,0.07,0.08,0.11,0.11,0.12,0.09,0.08,0.09,0.12,0.1,0.1,0.1,0.1,0.12,9.15,2.58,1.86,3.28,2.03,2.41,4.09,2.41,10.05,Downstairs
33,0.1,0.1,0.09,0.1,0.06,0.09,0.07,0.04,0.06,0.04,0.07,0.05,0.1,0.07,0.06,0.08,0.09,0.09,0.05,0.08,0.1,0.1,0.05,0.05,0.08,0.08,0.07,0.07,0.08,0.06,6.74,1.74,1.3,2.58,1.51,2.21,4.59,2.21,7.37,Downstairs
33,0.05,0.08,0.06,0.05,0.11,0.11,0.14,0.12,0.17,0.11,0.09,0.09,0.11,0.09,0.14,0.12,0.07,0.1,0.07,0.15,0.12,0.09,0.13,0.09,0.09,0.1,0.1,0.12,0.08,0.12,9.08,2.42,1.66,3.09,1.7,2.19,3.78,2.19,9.97,Upstairs
33,0.11,0.07,0.09,0.11,0.1,0.09,0.1,0.1,0.09,0.15,0.12,0.09,0.13,0.11,0.06,0.09,0.1,0.11,0.14,0.08,0.11,0.12,0.08,0.11,0.11,0.07,0.11,0.08,0.1,0.11,8.65,2.59,1.79,3.23,1.94,2.32,3.9,2.32,9.8,Upstairs
33,0.11,0.12,0.12,0.09,0.07,0.04,0.05,0.04,0.02,0.01,0.05,0.08,0.04,0.07,0.06,0.07,0.1,0.06,0.06,0.04,0.03,0.04,0.08,0.06,0.07,0.07,0.08,0.07,0.11,0.04,5.7,1.69,1.22,2.56,1.0,2.58,5.04,2.58,6.37,Upstairs
33,0.06,0.09,0.07,0.12,0.08,0.11,0.12,0.11,0.11,0.12,0.11,0.09,0.08,0.1,0.14,0.09,0.11,0.09,0.12,0.09,0.08,0.08,0.09,0.11,0.09,0.1,0.11,0.13,0.12,0.09,8.93,2.42,1.67,3.2,1.88,2.27,4.05,2.27,9.74,Downstairs
33,0.09,0.13,0.13,0.08,0.12,0.1,0.1,0.09,0.11,0.09,0.09,0.14,0.1,0.1,0.07,0.11,0.11,0.09,0.09,0.11,0.12,0.12,0.08,0.1,0.13,0.1,0.09,0.09,0.08,0.1,8.67,2.03,1.52,3.31,2.03,1.94,4.15,1.94,9.45,Downstairs
33,0.09,0.05,0.05,0.06,0.05,0.07,0.04,0.06,0.04,0.05,0.06,0.03,0.07,0.07,0.04,0.06,0.04,0.08,0.05,0.06,0.04,0.07,0.07,0.06,0.03,0.05,0.06,0.04,0.05,0.07,5.0,1.33,0.91,2.6,1.18,2.23,6.15,2.23,5.43,Downstairs
33,0.08,0.1,0.11,0.1,0.16,0.1,0.1,0.12,0.07,0.08,0.11,0.1,0.11,0.1,0.14,0.07,0.09,0.11,0.1,0.05,0.13,0.08,0.07,0.11,0.12,0.11,0.1,0.07,0.11,0.11,8.94,1.69,4.57,6.5,3.94,5.65,7.69,5.65,12.85,Jogging
33,0.12,0.09,0.11,0.08,0.08,0.09,0.11,0.1,0.11,0.11,0.09,0.09,0.1,0.07,0.12,0.11,0.1,0.09,0.13,0.06,0.07,0.12,0.14,0.1,0.08,0.09,0.12,0.12,0.1,0.07,10.02,1.52,5.7,6.37,3.73,6.82,7.58,6.82,13.93,Jogging
33,0.07,0.1,0.06,0.1,0.05,0.09,0.07,0.06,0.1,0.09,0.08,0.09,0.07,0.11,0.03,0.1,0.09,0.08,0.05,0.06,0.09,0.08,0.07,0.07,0.08,0.08,0.07,0.09,0.08,0.1,6.97,1.42,4.23,5.49,3.18,6.55,8.2,6.55,10.61,Jogging
33,0.08,0.08,0.09,0.09,0.1,0.13,0.08,0.15,0.12,0.08,0.09,0.14,0.09,0.08,0.12,0.09,0.09,0.09,0.1,0.12,0.1,0.06,0.13,0.1,0.13,0.09,0.09,0.11,0.11,0.08,9.59,0.21,2.55,4.17,2.27,3.04,5.02,3.04,10.68,Walking
33,0.11,0.09,0.13,0.1,0.1,0.07,0.09,0.1,0.11,0.11,0.12,0.06,0.07,0.13,0.11,0.1,0.12,0.13,0.09,0.08,0.09,0.13,0.1,0.13,0.09,0.12,0.08,0.08,0.09,0.12,9.64,0.21,2.64,3.86,2.41,3.12,4.69,3.12,10.86,Walking
33,0.1,0.11,0.08,0.1,0.1,0.1,0.1,0.05,0.06,0.11,0.08,0.09,0.13,0.08,0.07,0.09,0.09,0.08,0.1,0.1,0.08,0.13,0.05,0.06,0.07,0.08,0.12,0.1,0.1,0.09,8.49,0.53,2.29,3.78,2.28,3.09,4.96,3.09,9.67,Walking
33,0.06,0.08,0.12,0.15,0.2,0.1,0.08,0.11,0.06,0.06,0.08,0.09,0.14,0.1,0.1,0.13,0.09,0.09,0.1,0.03,0.13,0.06,0.09,0.1,0.08,0.11,0.14,0.12,0.08,0.11,9.7,0.69,4.6,6.35,3.72,5.88,7.73,5.88,13.26,Jogging
33,0.12,0.06,0.12,0.11,0.06,0.11,0.1,0.16,0.1,0.08,0.07,0.13,0.1,0.1,0.1,0.1,0.08,0.08,0.12,0.04,0.1,0.09,0.09,0.11,0.09,0.13,0.14,0.11,0.06,0.1,10.48,0.76,6.06,6.6,3.33,7.15,7.8,7.15,14.48,Jogging
33,0.13,0.1,0.08,0.08,0.09,0.11,0.07,0.12,0.16,0.07,0.1,0.12,0.09,0.13,0.07,0.08,0.1,0.08,0.13,0.03,0.1,0.11,0.1,0.1,0.12,0.13,0.09,0.1,0.08,0.1,10.04,0.72,6.24,6.73,3.36,7.32,7.9,7.32,14.28,Jogging
33,0.16,0.12,0.06,0.05,0.07,0.13,0.11,0.1,0.11,0.1,0.1,0.12,0.12,0.08,0.09,0.08,0.13,0.14,0.08,0.02,0.15,0.1,0.14,0.06,0.09,0.1,0.09,0.07,0.11,0.12,9.41,0.22,6.65,7.05,4.12,7.66,8.49,7.66,14.63,Jogging
33,0.09,0.12,0.11,0.12,0.08,0.1,0.09,0.1,0.08,0.13,0.09,0.11,0.11,0.1,0.08,0.12,0.09,0.11,0.12,0.02,0.11,0.11,0.08,0.07,0.11,0.09,0.09,0.16,0.1,0.11,10.18,0.96,6.03,6.45,3.43,7.3,7.63,7.3,14.18,Jogging
33,0.09,0.1,0.12,0.11,0.1,0.1,0.1,0.12,0.09,0.1,0.13,0.1,0.1,0.12,0.11,0.09,0.07,0.09,0.11,0.03,0.06,0.14,0.08,0.11,0.1,0.12,0.06,0.13,0.12,0.1,9.47,0.91,6.05,6.71,3.18,7.32,7.96,7.32,13.71,Jogging
33,0.09,0.12,0.1,0.09,0.09,0.07,0.12,0.07,0.12,0.15,0.09,0.1,0.09,0.08,0.09,0.11,0.12,0.15,0.09,0.01,0.11,0.09,0.12,0.12,0.09,0.08,0.07,0.11,0.15,0.08,10.45,0.68,6.54,6.46,3.44,7.87,7.85,7.87,14.85,Jogging
33,0.1,0.12,0.11,0.09,0.06,0.1,0.13,0.11,0.11,0.11,0.15,0.1,0.11,0.08,0.08,0.13,0.12,0.08,0.07,0.01,0.07,0.1,0.13,0.08,0.12,0.09,0.11,0.09,0.11,0.12,9.04,0.95,6.44,6.81,3.29,7.59,7.93,7.59,13.68,Jogging
33,0.08,0.09,0.08,0.11,0.19,0.08,0.12,0.06,0.08,0.11,0.11,0.05,0.05,0.11,0.17,0.11,0.11,0.1,0.1,0.02,0.08,0.11,0.11,0.16,0.13,0.06,0.1,0.06,0.11,0.07,9.81,0.44,5.29,5.65,3.09,6.91,7.54,6.91,13.49,Jogging
20,0.01,0.08,0.08,0.05,0.11,0.14,0.15,0.12,0.16,0.0,0.09,0.14,0.09,0.14,0.14,0.09,0.08,0.08,0.09,0.0,0.17,0.12,0.08,0.13,0.11,0.13,0.09,0.05,0.08,0.0,8.81,-1.06,5.82,3.16,2.74,7.0,3.94,7.0,11.65,Walking
20,0.02,0.07,0.09,0.03,0.1,0.17,0.09,0.07,0.17,0.0,0.13,0.15,0.1,0.11,0.16,0.07,0.06,0.07,0.1,0.0,0.14,0.1,0.15,0.13,0.11,0.06,0.06,0.1,0.07,0.0,8.45,-0.76,6.47,3.32,2.83,7.77,4.14,7.77,11.69,Walking
20,0.01,0.08,0.07,0.04,0.1,0.12,0.21,0.11,0.11,0.0,0.11,0.14,0.11,0.15,0.12,0.09,0.12,0.03,0.09,0.0,0.16,0.16,0.12,0.12,0.08,0.07,0.08,0.07,0.08,0.0,8.43,-1.03,6.26,3.0,3.0,7.46,3.73,7.46,11.68,Walking
20,0.03,0.09,0.08,0.03,0.06,0.12,0.17,0.12,0.11,0.0,0.07,0.21,0.12,0.15,0.13,0.06,0.08,0.04,0.12,0.0,0.16,0.11,0.16,0.11,0.08,0.12,0.06,0.06,0.08,0.0,8.48,-0.92,6.6,3.15,2.82,8.05,3.91,8.05,11.83,Walking
20,0.03,0.1,0.06,0.05,0.08,0.08,0.18,0.13,0.13,0.0,0.08,0.17,0.1,0.18,0.17,0.05,0.1,0.04,0.02,0.0,0.18,0.14,0.14,0.11,0.07,0.1,0.08,0.06,0.09,0.0,8.65,-1.28,6.31,3.13,2.76,7.49,4.03,7.49,11.89,Walking
20,0.01,0.11,0.04,0.07,0.07,0.1,0.14,0.13,0.2,0.0,0.11,0.22,0.11,0.14,0.11,0.07,0.07,0.05,0.05,0.0,0.15,0.11,0.12,0.06,0.1,0.16,0.08,0.08,0.09,0.0,8.16,-1.0,6.51,3.17,2.59,7.62,3.94,7.62,11.49,Walking
20,0.01,0.08,0.03,0.05,0.08,0.17,0.11,0.15,0.12,0.0,0.14,0.11,0.12,0.16,0.15,0.08,0.09,0.04,0.09,0.0,0.14,0.19,0.09,0.1,0.08,0.11,0.07,0.1,0.07,0.0,8.29,-1.02,6.87,2.99,2.8,8.15,3.82,8.15,11.87,Walking
20,0.0,0.09,0.08,0.03,0.01,0.11,0.17,0.18,0.14,0.0,0.13,0.18,0.14,0.13,0.14,0.05,0.07,0.05,0.09,0.0,0.12,0.17,0.1,0.14,0.08,0.08,0.09,0.1,0.08,0.0,8.09,-0.74,6.92,3.12,2.64,8.15,3.82,8.15,11.61,Walking
20,0.01,0.08,0.04,0.04,0.11,0.16,0.14,0.1,0.17,0.0,0.1,0.14,0.12,0.15,0.16,0.07,0.08,0.06,0.09,0.0,0.15,0.11,0.14,0.11,0.11,0.08,0.07,0.11,0.05,0.0,8.49,-1.02,6.47,2.99,2.62,7.61,3.73,7.61,11.7,Walking
20,0.14,0.1,0.15,0.11,0.12,0.08,0.11,0.07,0.07,0.0,0.12,0.07,0.13,0.11,0.07,0.11,0.08,0.13,0.08,0.0,0.13,0.09,0.04,0.05,0.11,0.1,0.11,0.16,0.13,0.0,9.72,0.31,4.29,3.76,2.9,5.6,4.53,5.6,11.64,Walking
20,0.16,0.11,0.2,0.07,0.09,0.08,0.09,0.08,0.07,0.0,0.1,0.09,0.08,0.09,0.07,0.09,0.15,0.14,0.12,0.0,0.14,0.05,0.09,0.13,0.09,0.07,0.09,0.08,0.15,0.0,9.96,0.14,4.22,3.44,3.31,5.62,4.2,5.62,11.91,Walking
20,0.15,0.11,0.11,0.18,0.1,0.07,0.08,0.08,0.07,0.0,0.1,0.09,0.12,0.08,0.05,0.09,0.14,0.1,0.11,0.0,0.09,0.1,0.07,0.11,0.1,0.09,0.14,0.11,0.07,0.0,10.02,0.27,4.36,3.8,2.98,5.77,4.51,5.77,11.93,Walking
20,0.16,0.08,0.12,0.11,0.13,0.09,0.08,0.11,0.09,0.0,0.11,0.08,0.09,0.08,0.09,0.11,0.09,0.17,0.08,0.0,0.1,0.08,0.1,0.09,0.08,0.13,0.1,0.08,0.16,0.0,9.8,0.36,4.59,3.62,3.02,5.92,4.47,5.92,11.85,Walking
20,0.12,0.13,0.12,0.15,0.13,0.09,0.05,0.07,0.1,0.0,0.09,0.12,0.05,0.07,0.09,0.12,0.1,0.14,0.09,0.0,0.07,0.13,0.08,0.13,0.09,0.05,0.15,0.13,0.08,0.0,10.12,0.14,4.29,3.63,2.86,5.72,4.43,5.72,11.95,Walking
20,0.13,0.13,0.09,0.14,0.12,0.11,0.07,0.06,0.1,0.0,0.09,0.12,0.08,0.1,0.08,0.11,0.11,0.09,0.11,0.0,0.1,0.08,0.05,0.14,0.13,0.09,0.11,0.14,0.08,0.0,9.92,0.17,4.45,3.63,2.75,5.83,4.36,5.83,11.78,Walking
20,0.15,0.1,0.14,0.1,0.07,0.12,0.09,0.1,0.08,0.0,0.08,0.09,0.1,0.11,0.08,0.08,0.17,0.08,0.14,0.0,0.1,0.07,0.12,0.08,0.09,0.11,0.11,0.09,0.15,0.0,9.95,0.2,4.44,3.44,2.96,5.73,4.17,5.73,11.87,Walking
20,0.11,0.13,0.14,0.11,0.08,0.08,0.06,0.14,0.09,0.0,0.1,0.06,0.09,0.09,0.12,0.1,0.1,0.11,0.13,0.0,0.06,0.12,0.07,0.11,0.1,0.12,0.14,0.11,0.11,0.0,9.92,0.32,4.49,3.42,2.72,5.77,4.17,5.77,11.8,Walking
20,0.14,0.11,0.13,0.13,0.07,0.1,0.09,0.1,0.07,0.0,0.08,0.09,0.1,0.08,0.08,0.13,0.1,0.11,0.14,0.0,0.09,0.08,0.1,0.11,0.07,0.13,0.12,0.09,0.13,0.0,10.06,0.29,4.45,3.38,2.87,5.77,4.13,5.77,11.94,Walking
20,0.12,0.11,0.12,0.09,0.13,0.07,0.08,0.09,0.12,0.0,0.11,0.06,0.08,0.13,0.11,0.11,0.08,0.14,0.11,0.0,0.06,0.07,0.1,0.07,0.14,0.12,0.11,0.12,0.1,0.0,9.71,0.57,4.79,3.39,2.88,6.12,4.16,6.12,11.78,Walking
20,0.14,0.1,0.14,0.1,0.11,0.09,0.08,0.13,0.07,0.0,0.07,0.09,0.09,0.08,0.12,0.14,0.1,0.14,0.11,0.0,0.05,0.11,0.07,0.12,0.1,0.15,0.07,0.11,0.14,0.0,9.92,0.28,4.39,3.11,2.74,5.64,3.86,5.64,11.72,Walking
20,0.12,0.13,0.1,0.13,0.11,0.11,0.04,0.11,0.1,0.0,0.09,0.07,0.09,0.1,0.07,0.13,0.12,0.12,0.12,0.0,0.06,0.09,0.09,0.12,0.13,0.12,0.09,0.1,0.11,0.0,10.06,0.41,4.57,3.34,2.94,5.85,4.13,5.85,11.98,Walking
20,0.12,0.09,0.13,0.14,0.09,0.12,0.06,0.1,0.07,0.0,0.1,0.08,0.11,0.09,0.07,0.13,0.1,0.06,0.19,0.0,0.09,0.09,0.1,0.11,0.08,0.07,0.13,0.12,0.1,0.0,9.92,0.29,4.59,3.58,2.89,5.9,4.35,5.9,11.92,Walking
20,0.13,0.09,0.1,0.16,0.1,0.1,0.08,0.11,0.08,0.0,0.11,0.08,0.08,0.11,0.06,0.16,0.11,0.1,0.13,0.0,0.07,0.06,0.11,0.11,0.1,0.12,0.12,0.12,0.1,0.0,9.85,0.32,4.53,3.43,2.76,5.79,4.25,5.79,11.74,Walking
20,0.15,0.09,0.1,0.15,0.11,0.08,0.12,0.08,0.08,0.0,0.1,0.07,0.1,0.08,0.09,0.15,0.1,0.13,0.09,0.0,0.06,0.09,0.09,0.12,0.14,0.1,0.12,0.11,0.11,0.0,9.87,0.22,4.41,3.33,2.7,5.64,4.14,5.64,11.68,Walking
20,0.09,0.12,0.15,0.12,0.11,0.09,0.08,0.1,0.09,0.0,0.1,0.05,0.15,0.05,0.09,0.14,0.1,0.1,0.12,0.0,0.06,0.1,0.1,0.1,0.08,0.11,0.14,0.13,0.1,0.0,9.86,0.27,4.35,3.49,2.68,5.69,4.29,5.69,11.69,Walking
20,0.12,0.13,0.09,0.12,0.15,0.07,0.08,0.11,0.08,0.0,0.09,0.05,0.12,0.07,0.12,0.1,0.1,0.16,0.12,0.0,0.06,0.1,0.11,0.07,0.13,0.14,0.09,0.12,0.09,0.0,10.0,0.14,4.57,3.33,2.75,5.85,4.03,5.85,11.87,Walking
20,0.15,0.11,0.09,0.12,0.1,0.09,0.09,0.1,0.09,0.0,0.12,0.09,0.1,0.08,0.08,0.1,0.1,0.13,0.11,0.0,0.09,0.09,0.1,0.11,0.12,0.09,0.07,0.12,0.12,0.0,9.8,0.25,4.73,3.67,3.03,5.95,4.43,5.95,11.88,Walking
20,0.15,0.1,0.06,0.14,0.14,0.09,0.08,0.11,0.08,0.0,0.1,0.06,0.12,0.07,0.11,0.09,0.11,0.13,0.09,0.0,0.08,0.11,0.09,0.11,0.08,0.14,0.09,0.13,0.06,0.0,9.98,0.18,4.68,3.54,2.9,5.98,4.29,5.98,11.95,Walking
20,0.13,0.12,0.1,0.09,0.11,0.1,0.11,0.13,0.08,0.0,0.1,0.1,0.1,0.06,0.08,0.13,0.11,0.15,0.1,0.0,0.06,0.09,0.09,0.09,0.18,0.1,0.07,0.1,0.14,0.0,9.77,0.21,4.66,3.44,2.8,5.88,4.16,5.88,11.7,Walking
20,0.14,0.1,0.08,0.12,0.16,0.13,0.05,0.08,0.08,0.0,0.08,0.09,0.09,0.07,0.1,0.14,0.1,0.16,0.09,0.0,0.08,0.1,0.11,0.07,0.13,0.07,0.12,0.13,0.11,0.0,9.91,0.18,4.47,3.29,2.8,5.7,4.06,5.7,11.71,Walking
20,0.15,0.11,0.07,0.13,0.13,0.12,0.06,0.11,0.08,0.0,0.11,0.08,0.1,0.1,0.09,0.12,0.1,0.1,0.11,0.0,0.08,0.08,0.12,0.12,0.08,0.06,0.12,0.11,0.12,0.0,9.62,0.34,4.56,3.6,3.0,5.77,4.4,5.77,11.59,Walking
20,0.12,0.15,0.07,0.13,0.13,0.07,0.12,0.09,0.09,0.0,0.1,0.09,0.08,0.07,0.1,0.13,0.09,0.14,0.09,0.0,0.09,0.09,0.08,0.1,0.11,0.11,0.13,0.09,0.11,0.0,9.87,0.32,4.55,3.51,2.9,5.82,4.29,5.82,11.8,Walking
20,0.06,0.07,0.12,0.06,0.06,0.04,0.04,0.03,0.05,0.0,0.04,0.07,0.05,0.04,0.06,0.04,0.08,0.08,0.06,0.0,0.05,0.05,0.05,0.06,0.04,0.05,0.07,0.06,0.07,0.0,5.5,0.24,2.25,2.77,1.67,5.55,6.11,5.55,6.5,Walking
20,0.04,0.12,0.11,0.07,0.14,0.12,0.1,0.1,0.17,0.05,0.07,0.09,0.11,0.11,0.05,0.16,0.14,0.14,0.08,0.0,0.07,0.09,0.07,0.12,0.1,0.13,0.1,0.14,0.08,0.12,8.18,0.52,10.31,7.26,4.13,11.93,8.14,11.93,16.08,Jogging
20,0.1,0.11,0.12,0.07,0.16,0.07,0.11,0.1,0.06,0.08,0.1,0.1,0.11,0.14,0.09,0.13,0.09,0.07,0.08,0.0,0.06,0.08,0.09,0.14,0.1,0.14,0.14,0.12,0.11,0.05,6.76,-0.29,10.23,7.4,3.23,11.94,8.51,11.94,15.12,Jogging
20,0.1,0.14,0.06,0.07,0.15,0.1,0.15,0.12,0.05,0.04,0.18,0.11,0.1,0.1,0.03,0.11,0.14,0.09,0.03,0.0,0.11,0.09,0.09,0.05,0.11,0.08,0.12,0.15,0.11,0.1,6.45,0.03,10.61,7.83,3.89,11.96,8.7,11.96,15.52,Jogging
20,0.11,0.1,0.13,0.11,0.07,0.07,0.1,0.1,0.12,0.07,0.1,0.12,0.11,0.1,0.08,0.08,0.11,0.12,0.06,0.0,0.12,0.11,0.11,0.11,0.06,0.06,0.12,0.06,0.12,0.15,7.71,0.3,11.13,8.15,4.81,12.78,8.84,12.78,17.01,Jogging
20,0.11,0.19,0.1,0.02,0.08,0.09,0.12,0.07,0.09,0.09,0.13,0.07,0.08,0.13,0.07,0.09,0.1,0.12,0.04,0.0,0.08,0.11,0.07,0.12,0.11,0.17,0.1,0.07,0.1,0.08,8.26,-0.19,11.59,8.19,3.88,12.94,8.9,12.94,17.18,Jogging
20,0.1,0.13,0.08,0.08,0.12,0.1,0.11,0.06,0.09,0.06,0.1,0.09,0.08,0.1,0.11,0.11,0.09,0.14,0.1,0.0,0.13,0.07,0.08,0.13,0.09,0.11,0.09,0.13,0.11,0.08,8.39,-0.4,10.69,7.97,3.88,12.36,8.74,12.36,16.53,Jogging
20,0.11,0.16,0.06,0.11,0.06,0.11,0.06,0.1,0.11,0.09,0.13,0.11,0.09,0.14,0.1,0.08,0.06,0.08,0.1,0.0,0.11,0.07,0.12,0.11,0.04,0.1,0.15,0.13,0.09,0.1,7.12,-0.07,11.22,8.14,4.19,12.87,8.99,12.87,16.58,Jogging
20,0.1,0.12,0.1,0.13,0.06,0.06,0.08,0.14,0.09,0.13,0.15,0.11,0.05,0.1,0.1,0.06,0.06,0.13,0.11,0.0,0.14,0.04,0.12,0.09,0.12,0.04,0.06,0.15,0.1,0.16,8.02,0.59,10.98,8.82,4.95,12.68,9.5,12.68,17.5,Jogging
20,0.11,0.13,0.13,0.13,0.06,0.1,0.08,0.1,0.09,0.07,0.13,0.09,0.11,0.11,0.07,0.07,0.1,0.1,0.09,0.0,0.13,0.11,0.12,0.1,0.11,0.07,0.1,0.1,0.08,0.11,7.75,-0.56,10.24,8.42,4.18,12.06,9.14,12.06,16.45,Jogging
20,0.11,0.1,0.15,0.09,0.07,0.09,0.11,0.1,0.11,0.1,0.11,0.13,0.1,0.06,0.14,0.06,0.13,0.09,0.08,0.0,0.12,0.1,0.11,0.1,0.11,0.08,0.09,0.1,0.12,0.11,7.42,-0.22,10.69,8.1,4.17,12.38,8.81,12.38,16.3,Jogging
20,0.15,0.12,0.07,0.11,0.1,0.07,0.14,0.06,0.09,0.06,0.1,0.09,0.16,0.07,0.12,0.05,0.12,0.1,0.12,0.0,0.16,0.11,0.13,0.1,0.09,0.1,0.08,0.12,0.07,0.07,7.76,-1.4,10.81,8.14,3.82,12.45,8.79,12.45,16.35,Jogging
20,0.12,0.08,0.09,0.13,0.11,0.17,0.06,0.05,0.1,0.05,0.13,0.09,0.11,0.08,0.11,0.11,0.11,0.07,0.13,0.0,0.11,0.08,0.12,0.08,0.11,0.12,0.14,0.1,0.1,0.07,7.09,-0.6,9.67,7.79,3.48,11.48,8.78,11.48,15.17,Jogging
20,0.06,0.11,0.05,0.17,0.13,0.09,0.13,0.14,0.09,0.04,0.1,0.1,0.12,0.11,0.08,0.12,0.06,0.16,0.1,0.0,0.08,0.06,0.11,0.11,0.12,0.08,0.1,0.12,0.16,0.08,7.58,0.17,9.46,7.92,3.84,11.21,8.76,11.21,15.32,Jogging
20,0.08,0.08,0.11,0.09,0.14,0.08,0.08,0.14,0.14,0.03,0.08,0.09,0.12,0.12,0.07,0.14,0.11,0.09,0.11,0.0,0.12,0.1,0.1,0.12,0.08,0.09,0.07,0.1,0.11,0.13,7.88,0.0,10.46,7.59,4.46,12.22,8.43,12.22,16.27,Jogging
20,0.13,0.06,0.11,0.13,0.11,0.09,0.11,0.07,0.12,0.08,0.09,0.12,0.09,0.08,0.13,0.09,0.09,0.09,0.12,0.0,0.11,0.06,0.11,0.11,0.13,0.09,0.08,0.16,0.05,0.11,7.93,-0.39,10.28,8.01,3.75,12.09,8.85,12.09,16.26,Jogging
20,0.09,0.08,0.11,0.11,0.1,0.1,0.09,0.11,0.14,0.05,0.08,0.11,0.11,0.1,0.12,0.05,0.13,0.13,0.08,0.0,0.08,0.15,0.11,0.09,0.1,0.11,0.1,0.1,0.09,0.1,8.17,-0.47,10.72,8.02,3.76,12.42,8.62,12.42,16.35,Jogging
20,0.11,0.09,0.13,0.09,0.12,0.08,0.11,0.1,0.1,0.06,0.15,0.1,0.11,0.1,0.1,0.12,0.08,0.11,0.03,0.0,0.13,0.11,0.08,0.07,0.08,0.07,0.11,0.14,0.1,0.14,6.14,0.29,10.58,7.45,4.55,12.27,8.56,12.27,15.83,Jogging
20,0.13,0.04,0.14,0.06,0.1,0.14,0.12,0.06,0.14,0.07,0.1,0.13,0.08,0.09,0.1,0.09,0.09,0.11,0.07,0.0,0.13,0.17,0.07,0.07,0.08,0.09,0.09,0.13,0.1,0.09,7.8,-0.57,10.99,8.28,4.12,12.53,9.06,12.53,16.74,Jogging
20,0.11,0.09,0.18,0.05,0.06,0.16,0.09,0.06,0.09,0.09,0.11,0.08,0.13,0.11,0.1,0.08,0.12,0.12,0.05,0.0,0.11,0.12,0.08,0.11,0.16,0.06,0.09,0.08,0.12,0.09,7.32,-0.57,10.54,7.77,3.85,12.13,8.55,12.13,15.95,Jogging
20,0.13,0.07,0.13,0.11,0.06,0.11,0.1,0.09,0.13,0.04,0.09,0.08,0.08,0.15,0.12,0.12,0.13,0.05,0.11,0.0,0.04,0.15,0.09,0.11,0.12,0.14,0.08,0.07,0.09,0.14,7.21,-0.13,10.74,7.12,3.7,12.45,8.15,12.45,15.77,Jogging
20,0.13,0.08,0.08,0.12,0.09,0.1,0.08,0.15,0.09,0.05,0.06,0.13,0.06,0.07,0.11,0.12,0.15,0.09,0.08,0.0,0.12,0.11,0.12,0.09,0.14,0.14,0.05,0.05,0.09,0.11,8.83,-0.74,10.86,7.7,3.79,12.56,8.45,12.56,16.9,Jogging
20,0.1,0.08,0.08,0.14,0.09,0.07,0.14,0.15,0.09,0.07,0.05,0.11,0.12,0.08,0.15,0.16,0.08,0.1,0.06,0.0,0.1,0.13,0.08,0.11,0.12,0.08,0.11,0.07,0.08,0.15,7.46,-0.03,10.54,7.16,4.22,12.28,8.08,12.28,16.02,Jogging
20,0.09,0.11,0.1,0.06,0.11,0.16,0.08,0.12,0.11,0.07,0.07,0.08,0.11,0.16,0.13,0.09,0.11,0.11,0.05,0.0,0.08,0.14,0.11,0.09,0.06,0.14,0.09,0.08,0.14,0.09,7.41,-0.06,10.64,7.41,3.86,12.08,8.26,12.08,15.67,Jogging
20,0.05,0.12,0.09,0.12,0.13,0.11,0.09,0.12,0.1,0.09,0.06,0.07,0.12,0.07,0.15,0.17,0.1,0.07,0.11,0.0,0.04,0.1,0.11,0.1,0.13,0.18,0.13,0.07,0.11,0.06,7.94,-0.38,9.91,7.02,2.89,11.68,8.02,11.68,15.11,Jogging
20,0.08,0.07,0.08,0.12,0.16,0.12,0.11,0.12,0.06,0.07,0.08,0.13,0.08,0.09,0.13,0.12,0.09,0.1,0.1,0.0,0.09,0.11,0.13,0.12,0.08,0.1,0.14,0.06,0.09,0.1,7.78,-0.51,10.01,7.58,3.57,11.73,8.41,11.73,15.63,Jogging
20,0.05,0.05,0.04,0.12,0.07,0.09,0.08,0.08,0.06,0.03,0.05,0.07,0.08,0.06,0.07,0.07,0.05,0.05,0.09,0.0,0.03,0.06,0.06,0.12,0.07,0.07,0.07,0.05,0.09,0.04,5.05,-0.08,6.08,4.84,2.14,11.17,9.13,11.17,9.65,Jogging
20,0.08,0.06,0.05,0.11,0.13,0.19,0.11,0.09,0.1,0.1,0.12,0.1,0.12,0.1,0.13,0.09,0.14,0.09,0.04,0.08,0.05,0.07,0.08,0.07,0.15,0.19,0.15,0.07,0.1,0.1,9.57,1.14,3.3,3.96,2.97,4.21,4.77,4.21,11.3,Walking
20,0.04,0.09,0.11,0.11,0.11,0.1,0.11,0.1,0.13,0.12,0.1,0.1,0.1,0.14,0.13,0.13,0.07,0.11,0.05,0.08,0.03,0.07,0.11,0.14,0.14,0.15,0.09,0.09,0.14,0.07,9.74,0.94,3.62,3.74,2.94,4.44,4.6,4.44,11.37,Walking
20,0.04,0.11,0.08,0.13,0.09,0.13,0.08,0.09,0.12,0.15,0.12,0.1,0.12,0.09,0.11,0.1,0.11,0.1,0.07,0.12,0.04,0.06,0.13,0.16,0.12,0.11,0.09,0.11,0.1,0.1,9.77,0.97,3.62,4.15,3.14,4.38,4.9,4.38,11.52,Walking
20,0.06,0.06,0.12,0.1,0.1,0.12,0.09,0.1,0.15,0.12,0.12,0.1,0.09,0.1,0.1,0.12,0.08,0.08,0.12,0.11,0.07,0.12,0.13,0.08,0.09,0.11,0.1,0.1,0.11,0.12,9.93,0.99,3.6,4.19,3.54,4.42,4.92,4.42,11.83,Walking
20,0.07,0.06,0.1,0.15,0.08,0.13,0.08,0.07,0.13,0.15,0.12,0.07,0.12,0.11,0.11,0.12,0.08,0.1,0.1,0.1,0.04,0.08,0.13,0.12,0.13,0.09,0.12,0.1,0.09,0.11,9.95,1.09,3.73,4.07,3.36,4.47,4.86,4.47,11.82,Walking
20,0.06,0.07,0.12,0.14,0.1,0.08,0.13,0.09,0.1,0.13,0.13,0.08,0.09,0.13,0.09,0.12,0.07,0.12,0.13,0.06,0.05,0.09,0.11,0.11,0.09,0.14,0.1,0.13,0.1,0.11,9.84,1.16,3.67,4.12,3.34,4.49,4.86,4.49,11.73,Walking
20,0.06,0.08,0.11,0.13,0.11,0.13,0.09,0.12,0.1,0.1,0.1,0.1,0.1,0.13,0.11,0.09,0.13,0.09,0.1,0.08,0.03,0.1,0.13,0.12,0.1,0.14,0.13,0.1,0.08,0.11,9.93,1.03,3.46,3.94,3.16,4.24,4.7,4.24,11.6,Walking
20,0.09,0.06,0.12,0.12,0.1,0.12,0.1,0.08,0.12,0.12,0.11,0.1,0.09,0.09,0.15,0.13,0.1,0.13,0.06,0.07,0.07,0.07,0.08,0.14,0.15,0.1,0.11,0.1,0.09,0.12,9.85,0.97,3.68,3.87,3.3,4.51,4.66,4.51,11.69,Walking
20,0.09,0.06,0.1,0.09,0.14,0.13,0.1,0.1,0.09,0.12,0.15,0.11,0.07,0.08,0.11,0.14,0.1,0.1,0.05,0.11,0.08,0.08,0.1,0.09,0.11,0.11,0.14,0.1,0.1,0.11,9.59,0.95,3.67,4.22,3.43,4.6,4.99,4.6,11.58,Walking
20,0.09,0.07,0.13,0.11,0.09,0.07,0.18,0.1,0.09,0.09,0.1,0.08,0.1,0.13,0.09,0.16,0.11,0.08,0.06,0.11,0.08,0.14,0.1,0.12,0.09,0.09,0.1,0.09,0.08,0.14,10.11,0.76,3.57,3.81,3.78,4.58,4.59,4.58,12.07,Walking
20,0.07,0.1,0.19,0.1,0.09,0.09,0.09,0.11,0.12,0.07,0.08,0.08,0.14,0.13,0.11,0.08,0.11,0.07,0.18,0.05,0.09,0.16,0.1,0.13,0.11,0.05,0.1,0.11,0.07,0.11,10.14,0.38,3.95,3.7,3.57,4.86,4.35,4.86,12.14,Walking
20,0.15,0.21,0.08,0.03,0.08,0.06,0.12,0.12,0.08,0.1,0.02,0.04,0.09,0.1,0.12,0.07,0.15,0.12,0.24,0.08,0.16,0.17,0.1,0.12,0.08,0.05,0.06,0.1,0.08,0.11,11.91,-0.18,4.77,3.13,3.87,5.88,3.64,5.88,14.07,Walking
20,0.28,0.18,0.09,0.05,0.05,0.05,0.08,0.07,0.1,0.08,0.03,0.14,0.11,0.07,0.06,0.06,0.08,0.19,0.2,0.1,0.31,0.15,0.04,0.1,0.07,0.06,0.04,0.08,0.08,0.07,11.33,-1.24,5.43,3.91,4.2,6.31,4.4,6.31,14.02,Walking
20,0.24,0.25,0.12,0.02,0.05,0.01,0.07,0.09,0.07,0.1,0.01,0.12,0.24,0.03,0.03,0.06,0.07,0.08,0.2,0.19,0.25,0.27,0.04,0.04,0.09,0.07,0.04,0.02,0.1,0.09,11.07,-1.02,5.62,4.17,4.16,6.46,4.5,6.46,13.96,Walking
20,0.16,0.23,0.08,0.05,0.06,0.1,0.09,0.11,0.09,0.06,0.08,0.22,0.09,0.05,0.05,0.08,0.13,0.13,0.06,0.13,0.13,0.15,0.13,0.09,0.07,0.06,0.14,0.07,0.12,0.07,9.82,0.04,4.62,4.52,3.59,5.64,4.98,5.64,12.3,Walking
20,0.06,0.09,0.14,0.14,0.07,0.1,0.13,0.1,0.12,0.08,0.06,0.07,0.11,0.09,0.08,0.19,0.1,0.13,0.05,0.14,0.18,0.09,0.06,0.09,0.12,0.06,0.08,0.12,0.14,0.08,10.65,0.42,3.59,3.57,3.78,4.43,4.33,4.43,12.49,Walking
20,0.15,0.2,0.11,0.09,0.04,0.05,0.11,0.07,0.1,0.11,0.03,0.05,0.11,0.12,0.09,0.11,0.11,0.12,0.08,0.2,0.3,0.09,0.06,0.08,0.08,0.07,0.1,0.08,0.09,0.07,11.54,-0.91,4.71,3.53,3.73,5.58,4.13,5.58,13.64,Walking
20,0.12,0.13,0.08,0.08,0.12,0.11,0.11,0.1,0.07,0.09,0.08,0.08,0.19,0.07,0.12,0.07,0.1,0.08,0.1,0.14,0.17,0.08,0.1,0.1,0.09,0.09,0.1,0.11,0.1,0.09,10.24,0.34,4.15,4.19,3.8,5.22,4.89,5.22,12.45,Walking
20,0.09,0.1,0.09,0.12,0.13,0.09,0.07,0.14,0.07,0.13,0.1,0.16,0.08,0.13,0.08,0.08,0.08,0.11,0.11,0.11,0.03,0.11,0.13,0.12,0.13,0.09,0.1,0.1,0.11,0.11,9.78,0.99,3.77,4.32,3.33,4.62,4.97,4.62,11.74,Walking
20,0.08,0.07,0.12,0.12,0.1,0.08,0.1,0.11,0.12,0.12,0.09,0.14,0.1,0.12,0.09,0.07,0.15,0.11,0.06,0.09,0.06,0.09,0.09,0.1,0.13,0.11,0.14,0.13,0.09,0.08,9.73,0.92,3.67,4.09,3.16,4.49,4.75,4.49,11.58,Walking
20,0.1,0.06,0.12,0.14,0.09,0.08,0.11,0.1,0.1,0.13,0.13,0.09,0.11,0.12,0.09,0.08,0.09,0.09,0.1,0.12,0.08,0.1,0.06,0.1,0.13,0.13,0.12,0.13,0.06,0.11,9.87,0.9,3.81,4.24,3.27,4.71,4.95,4.71,11.88,Walking
20,0.07,0.09,0.11,0.13,0.1,0.1,0.11,0.09,0.09,0.14,0.14,0.09,0.09,0.11,0.11,0.11,0.06,0.12,0.08,0.13,0.07,0.1,0.06,0.1,0.11,0.16,0.1,0.11,0.1,0.12,9.87,1.1,3.69,4.29,3.4,4.5,5.08,4.5,11.84,Walking
20,0.09,0.06,0.13,0.13,0.11,0.1,0.08,0.1,0.12,0.11,0.08,0.15,0.07,0.14,0.1,0.09,0.11,0.14,0.1,0.05,0.07,0.09,0.11,0.11,0.12,0.08,0.13,0.14,0.1,0.09,9.89,0.99,3.87,3.94,3.35,4.71,4.62,4.71,11.8,Walking
20,0.13,0.04,0.15,0.07,0.09,0.15,0.13,0.09,0.09,0.1,0.12,0.13,0.11,0.07,0.12,0.08,0.1,0.05,0.07,0.18,0.11,0.11,0.09,0.07,0.09,0.11,0.12,0.11,0.1,0.12,9.86,0.89,3.77,4.55,3.8,4.83,5.34,4.83,12.1,Walking
20,0.11,0.07,0.12,0.1,0.1,0.11,0.11,0.08,0.12,0.1,0.13,0.09,0.11,0.09,0.09,0.06,0.12,0.1,0.09,0.15,0.11,0.09,0.11,0.11,0.06,0.1,0.11,0.13,0.09,0.12,10.04,0.92,3.83,4.45,3.77,4.79,5.16,4.79,12.23,Walking
20,0.09,0.08,0.12,0.11,0.1,0.11,0.08,0.13,0.11,0.09,0.14,0.1,0.11,0.1,0.1,0.07,0.1,0.11,0.11,0.08,0.06,0.1,0.12,0.09,0.1,0.16,0.1,0.08,0.09,0.12,9.59,1.02,3.69,4.3,3.53,4.58,5.07,4.58,11.67,Walking
20,0.09,0.09,0.11,0.09,0.12,0.13,0.08,0.13,0.1,0.08,0.13,0.09,0.1,0.1,0.1,0.11,0.12,0.05,0.08,0.13,0.07,0.12,0.11,0.11,0.11,0.09,0.09,0.08,0.13,0.11,9.84,0.97,3.67,4.16,3.76,4.54,4.99,4.54,11.94,Walking
20,0.09,0.07,0.09,0.09,0.14,0.13,0.11,0.12,0.1,0.09,0.15,0.1,0.04,0.11,0.1,0.15,0.11,0.07,0.09,0.12,0.09,0.09,0.09,0.11,0.08,0.08,0.11,0.16,0.12,0.11,9.84,1.14,3.51,4.15,3.66,4.42,4.91,4.42,11.79,Walking
20,0.1,0.07,0.08,0.13,0.1,0.14,0.13,0.08,0.13,0.07,0.13,0.09,0.07,0.12,0.11,0.1,0.1,0.12,0.07,0.11,0.08,0.07,0.08,0.12,0.12,0.11,0.09,0.11,0.13,0.11,9.9,1.06,3.55,4.12,3.57,4.54,4.87,4.54,11.83,Walking
20,0.11,0.07,0.07,0.1,0.14,0.13,0.09,0.13,0.1,0.08,0.1,0.11,0.07,0.13,0.13,0.12,0.09,0.11,0.09,0.07,0.09,0.07,0.12,0.09,0.13,0.09,0.09,0.07,0.17,0.1,9.81,1.06,3.63,3.92,3.67,4.59,4.68,4.59,11.82,Walking
20,0.09,0.07,0.1,0.12,0.12,0.12,0.13,0.12,0.08,0.08,0.13,0.1,0.08,0.09,0.15,0.13,0.11,0.08,0.09,0.06,0.11,0.04,0.14,0.08,0.11,0.09,0.09,0.16,0.11,0.1,9.58,1.01,3.54,3.89,3.56,4.45,4.68,4.45,11.53,Walking
20,0.05,0.1,0.08,0.07,0.12,0.09,0.12,0.09,0.06,0.07,0.1,0.1,0.05,0.1,0.1,0.11,0.07,0.09,0.07,0.07,0.05,0.06,0.08,0.1,0.08,0.11,0.09,0.08,0.11,0.09,8.11,1.16,2.9,3.51,2.99,4.42,4.95,4.42,9.75,Walking
20,0.09,0.09,0.13,0.09,0.14,0.11,0.1,0.1,0.1,0.07,0.13,0.11,0.1,0.07,0.08,0.13,0.12,0.1,0.11,0.0,0.07,0.09,0.12,0.07,0.12,0.12,0.12,0.11,0.13,0.08,7.36,0.06,9.6,7.8,3.58,11.4,8.68,11.4,15.29,Jogging
20,0.12,0.14,0.1,0.05,0.08,0.13,0.12,0.07,0.07,0.09,0.1,0.13,0.11,0.07,0.08,0.13,0.12,0.06,0.08,0.0,0.09,0.06,0.12,0.11,0.11,0.12,0.08,0.13,0.12,0.07,7.38,-0.22,10.6,7.79,3.51,12.14,8.7,12.14,15.88,Jogging
20,0.08,0.12,0.15,0.06,0.06,0.14,0.11,0.07,0.1,0.09,0.11,0.16,0.12,0.07,0.12,0.06,0.13,0.08,0.07,0.0,0.06,0.07,0.12,0.14,0.07,0.13,0.08,0.14,0.14,0.09,6.24,0.34,10.16,7.69,3.74,11.91,8.61,11.91,15.3,Jogging
20,0.11,0.16,0.1,0.08,0.08,0.08,0.07,0.06,0.16,0.11,0.06,0.14,0.11,0.08,0.1,0.09,0.1,0.09,0.13,0.0,0.12,0.11,0.1,0.1,0.09,0.1,0.13,0.09,0.11,0.08,7.99,-0.4,10.68,8.04,3.93,12.43,8.71,12.43,16.39,Jogging
20,0.11,0.16,0.12,0.07,0.05,0.12,0.14,0.03,0.1,0.09,0.09,0.13,0.1,0.09,0.09,0.08,0.14,0.13,0.05,0.0,0.12,0.07,0.08,0.14,0.11,0.1,0.1,0.08,0.13,0.1,7.56,-0.17,10.14,7.85,3.77,11.76,8.63,11.76,15.81,Jogging
20,0.11,0.08,0.1,0.1,0.12,0.12,0.08,0.09,0.09,0.1,0.1,0.13,0.08,0.13,0.09,0.1,0.11,0.1,0.09,0.0,0.09,0.06,0.09,0.08,0.07,0.16,0.12,0.13,0.13,0.09,7.36,0.3,10.22,7.75,3.6,11.94,8.54,11.94,15.43,Jogging
20,0.09,0.13,0.13,0.06,0.1,0.09,0.09,0.16,0.1,0.06,0.03,0.2,0.16,0.11,0.07,0.09,0.07,0.09,0.11,0.0,0.09,0.06,0.09,0.07,0.13,0.1,0.12,0.09,0.15,0.13,6.72,0.89,10.06,7.61,4.3,11.72,8.42,11.72,15.32,Jogging
20,0.11,0.14,0.08,0.1,0.05,0.08,0.08,0.08,0.19,0.08,0.1,0.07,0.13,0.09,0.13,0.09,0.07,0.1,0.03,0.0,0.15,0.13,0.07,0.13,0.08,0.07,0.13,0.06,0.1,0.11,7.98,-0.64,11.0,8.1,4.03,12.69,8.83,12.69,16.6,Jogging
20,0.11,0.12,0.1,0.11,0.11,0.08,0.1,0.11,0.11,0.07,0.14,0.1,0.12,0.09,0.1,0.08,0.08,0.07,0.08,0.0,0.19,0.13,0.12,0.09,0.06,0.09,0.09,0.11,0.1,0.05,7.24,-1.46,9.9,8.18,3.67,11.69,8.9,11.69,15.59,Jogging
20,0.1,0.14,0.1,0.08,0.11,0.1,0.11,0.1,0.08,0.09,0.14,0.09,0.08,0.12,0.1,0.1,0.1,0.07,0.07,0.0,0.12,0.09,0.1,0.09,0.11,0.11,0.07,0.1,0.11,0.13,7.08,0.08,10.03,7.79,4.07,11.78,8.7,11.78,15.48,Jogging
20,0.11,0.1,0.14,0.11,0.07,0.07,0.09,0.13,0.12,0.08,0.11,0.1,0.09,0.1,0.09,0.13,0.09,0.11,0.1,0.0,0.11,0.12,0.14,0.1,0.12,0.09,0.08,0.06,0.08,0.12,7.72,-0.52,10.19,7.75,4.06,12.02,8.57,12.02,16.1,Jogging
20,0.13,0.07,0.13,0.07,0.09,0.11,0.12,0.12,0.08,0.05,0.11,0.09,0.1,0.08,0.07,0.12,0.12,0.1,0.1,0.0,0.16,0.06,0.12,0.07,0.09,0.11,0.1,0.11,0.13,0.07,8.09,-0.5,10.4,7.87,3.71,12.03,8.73,12.03,16.17,Jogging
20,0.09,0.1,0.1,0.12,0.12,0.09,0.08,0.14,0.08,0.09,0.1,0.08,0.1,0.16,0.09,0.12,0.09,0.11,0.08,0.0,0.13,0.13,0.1,0.12,0.12,0.13,0.08,0.06,0.07,0.1,7.01,-0.9,9.81,7.39,3.45,11.61,8.38,11.61,15.11,Jogging
20,0.08,0.1,0.1,0.13,0.13,0.11,0.12,0.07,0.1,0.08,0.12,0.06,0.14,0.07,0.1,0.12,0.1,0.14,0.07,0.0,0.05,0.05,0.1,0.12,0.09,0.11,0.15,0.15,0.13,0.08,7.05,0.48,9.47,7.6,3.36,11.24,8.54,11.24,14.8,Jogging
20,0.1,0.08,0.11,0.12,0.14,0.07,0.11,0.12,0.08,0.05,0.07,0.06,0.13,0.15,0.09,0.08,0.14,0.09,0.08,0.0,0.1,0.09,0.11,0.1,0.09,0.12,0.1,0.13,0.1,0.08,8.11,-0.49,9.74,7.6,3.39,11.61,8.33,11.61,15.35,Jogging
20,0.11,0.09,0.07,0.12,0.11,0.08,0.11,0.14,0.12,0.08,0.11,0.07,0.11,0.09,0.13,0.08,0.08,0.15,0.15,0.0,0.12,0.12,0.1,0.12,0.07,0.1,0.1,0.09,0.06,0.14,8.0,-0.23,10.59,8.13,4.06,12.27,8.85,12.27,16.4,Jogging
20,0.1,0.08,0.12,0.1,0.09,0.1,0.11,0.1,0.12,0.08,0.06,0.08,0.12,0.1,0.12,0.1,0.15,0.1,0.11,0.0,0.12,0.13,0.09,0.1,0.11,0.09,0.1,0.11,0.09,0.09,7.8,-0.6,10.36,7.3,3.78,12.18,8.13,12.18,15.81,Jogging
20,0.13,0.08,0.11,0.11,0.07,0.12,0.09,0.1,0.11,0.08,0.12,0.05,0.08,0.11,0.15,0.13,0.1,0.04,0.13,0.0,0.13,0.12,0.1,0.07,0.13,0.06,0.13,0.1,0.09,0.09,7.38,-0.73,10.5,7.52,3.75,12.27,8.53,12.27,15.88,Jogging
20,0.08,0.08,0.1,0.12,0.09,0.16,0.13,0.08,0.09,0.1,0.15,0.07,0.07,0.07,0.13,0.12,0.1,0.13,0.11,0.0,0.05,0.15,0.09,0.09,0.15,0.11,0.09,0.08,0.09,0.11,7.31,-0.21,10.09,7.85,3.62,11.81,8.84,11.81,15.7,Jogging
20,0.07,0.07,0.09,0.15,0.15,0.11,0.15,0.09,0.03,0.08,0.13,0.12,0.08,0.12,0.07,0.12,0.11,0.1,0.09,0.0,0.05,0.09,0.15,0.13,0.12,0.12,0.1,0.1,0.06,0.11,6.93,-0.35,9.21,7.76,3.25,11.1,8.61,11.1,14.66,Jogging
20,0.09,0.1,0.1,0.12,0.14,0.08,0.11,0.1,0.08,0.08,0.1,0.1,0.09,0.11,0.14,0.08,0.07,0.1,0.12,0.0,0.07,0.08,0.1,0.13,0.12,0.11,0.08,0.1,0.11,0.11,7.42,0.09,9.54,7.85,3.63,11.38,8.64,11.38,15.25,Jogging
20,0.12,0.11,0.09,0.1,0.12,0.11,0.09,0.08,0.09,0.09,0.08,0.08,0.1,0.14,0.13,0.07,0.08,0.11,0.13,0.0,0.13,0.08,0.09,0.11,0.11,0.08,0.12,0.14,0.09,0.08,8.09,-0.55,9.8,7.94,3.48,11.65,8.59,11.65,15.54,Jogging
20,0.1,0.08,0.09,0.07,0.11,0.06,0.07,0.16,0.14,0.08,0.09,0.12,0.08,0.12,0.09,0.13,0.13,0.08,0.09,0.0,0.08,0.12,0.08,0.13,0.09,0.05,0.09,0.14,0.06,0.15,7.21,0.85,11.4,7.55,4.59,13.0,8.48,13.0,16.6,Jogging
20,0.1,0.08,0.08,0.1,0.11,0.14,0.08,0.13,0.14,0.06,0.09,0.11,0.12,0.1,0.08,0.09,0.09,0.1,0.16,0.0,0.06,0.11,0.1,0.13,0.1,0.11,0.12,0.09,0.1,0.11,7.88,0.09,10.42,8.02,3.64,12.07,8.74,12.07,16.07,Jogging
20,0.1,0.09,0.07,0.1,0.1,0.13,0.11,0.11,0.1,0.1,0.1,0.11,0.07,0.09,0.14,0.1,0.07,0.12,0.1,0.0,0.1,0.12,0.07,0.1,0.07,0.12,0.1,0.1,0.1,0.15,7.96,0.39,10.54,8.01,4.14,12.18,8.75,12.18,16.36,Jogging
20,0.11,0.08,0.09,0.13,0.15,0.08,0.08,0.11,0.09,0.1,0.1,0.12,0.08,0.11,0.13,0.13,0.09,0.11,0.11,0.0,0.1,0.14,0.07,0.11,0.09,0.1,0.11,0.11,0.08,0.12,6.89,-0.16,9.66,7.44,3.81,11.54,8.41,11.54,15.1,Jogging
20,0.09,0.09,0.09,0.15,0.09,0.11,0.12,0.09,0.11,0.08,0.12,0.1,0.09,0.11,0.08,0.1,0.1,0.11,0.13,0.0,0.09,0.12,0.12,0.08,0.12,0.11,0.09,0.09,0.09,0.12,7.51,-0.3,9.85,8.16,3.76,11.67,8.95,11.67,15.79,Jogging
20,0.03,0.02,0.04,0.06,0.05,0.05,0.04,0.03,0.03,0.0,0.04,0.04,0.05,0.05,0.02,0.03,0.03,0.03,0.04,0.0,0.03,0.06,0.05,0.01,0.03,0.04,0.04,0.05,0.05,0.01,2.38,-0.21,2.97,2.7,1.17,10.49,10.03,10.49,4.97,Jogging
20,0.06,0.06,0.08,0.1,0.07,0.11,0.11,0.15,0.15,0.13,0.1,0.14,0.09,0.13,0.12,0.06,0.11,0.09,0.08,0.1,0.09,0.09,0.07,0.14,0.11,0.09,0.13,0.1,0.1,0.11,8.81,2.69,1.69,2.96,1.9,2.23,3.84,2.23,9.91,Upstairs
20,0.06,0.09,0.11,0.1,0.09,0.11,0.11,0.1,0.12,0.13,0.09,0.08,0.14,0.08,0.12,0.09,0.06,0.12,0.12,0.13,0.11,0.12,0.08,0.12,0.08,0.11,0.11,0.1,0.11,0.08,9.36,2.66,1.6,2.91,2.18,2.24,3.85,2.24,10.46,Upstairs
20,0.15,0.05,0.09,0.1,0.13,0.12,0.11,0.07,0.11,0.09,0.1,0.12,0.09,0.08,0.14,0.09,0.1,0.09,0.1,0.1,0.13,0.14,0.09,0.1,0.11,0.07,0.09,0.1,0.1,0.1,9.08,2.39,1.37,2.86,2.09,1.83,3.78,1.83,10.1,Upstairs
20,0.09,0.13,0.15,0.11,0.12,0.06,0.07,0.09,0.11,0.09,0.12,0.07,0.07,0.09,0.06,0.15,0.13,0.11,0.1,0.12,0.13,0.1,0.11,0.11,0.11,0.11,0.09,0.08,0.08,0.1,9.27,2.5,1.34,3.02,2.04,1.9,4.08,1.9,10.26,Upstairs
20,0.14,0.13,0.09,0.12,0.1,0.12,0.11,0.11,0.05,0.06,0.1,0.1,0.1,0.09,0.1,0.12,0.08,0.1,0.16,0.08,0.07,0.1,0.08,0.11,0.09,0.16,0.07,0.13,0.1,0.1,9.12,2.93,1.34,2.77,2.17,1.87,3.64,1.87,10.2,Upstairs
20,0.08,0.08,0.1,0.05,0.04,0.09,0.08,0.06,0.05,0.07,0.07,0.08,0.08,0.09,0.06,0.08,0.1,0.06,0.03,0.07,0.05,0.04,0.11,0.03,0.07,0.04,0.09,0.06,0.11,0.09,5.82,2.11,0.94,2.72,1.41,1.89,4.62,1.89,6.7,Upstairs
20,0.1,0.13,0.11,0.11,0.1,0.1,0.11,0.08,0.1,0.08,0.07,0.09,0.12,0.12,0.09,0.13,0.12,0.1,0.09,0.1,0.1,0.08,0.12,0.1,0.12,0.08,0.1,0.09,0.14,0.1,8.94,0.86,4.41,2.74,1.89,5.22,3.47,5.22,10.48,Downstairs
20,0.11,0.09,0.11,0.09,0.09,0.12,0.11,0.13,0.1,0.06,0.09,0.08,0.12,0.09,0.12,0.12,0.11,0.06,0.14,0.09,0.11,0.09,0.08,0.1,0.08,0.11,0.09,0.15,0.09,0.1,8.96,0.97,4.57,2.95,2.05,5.29,3.71,5.29,10.59,Downstairs
20,0.08,0.09,0.14,0.1,0.09,0.11,0.13,0.11,0.08,0.1,0.1,0.1,0.1,0.09,0.09,0.12,0.11,0.11,0.11,0.09,0.1,0.11,0.13,0.09,0.08,0.11,0.11,0.1,0.1,0.1,8.91,0.76,4.62,2.92,1.96,5.36,3.66,5.36,10.54,Downstairs
20,0.12,0.09,0.09,0.09,0.11,0.1,0.11,0.09,0.1,0.11,0.12,0.08,0.08,0.14,0.09,0.1,0.12,0.09,0.08,0.12,0.1,0.1,0.13,0.12,0.09,0.08,0.12,0.08,0.08,0.11,8.84,0.71,4.77,2.95,2.03,5.61,3.71,5.61,10.57,Downstairs
20,0.11,0.12,0.1,0.09,0.09,0.07,0.11,0.09,0.13,0.12,0.1,0.13,0.06,0.11,0.13,0.08,0.08,0.12,0.09,0.11,0.11,0.1,0.08,0.11,0.14,0.13,0.1,0.09,0.08,0.1,8.86,0.68,4.67,3.13,1.93,5.5,3.9,5.5,10.51,Downstairs
20,0.06,0.06,0.02,0.09,0.08,0.05,0.05,0.05,0.07,0.09,0.08,0.09,0.08,0.04,0.05,0.03,0.03,0.08,0.07,0.05,0.05,0.07,0.06,0.03,0.08,0.05,0.06,0.05,0.08,0.07,5.23,0.73,3.02,2.44,1.27,5.93,5.58,5.93,6.39,Downstairs
20,0.04,0.08,0.08,0.08,0.06,0.1,0.12,0.1,0.16,0.19,0.11,0.1,0.1,0.13,0.14,0.07,0.08,0.11,0.06,0.12,0.08,0.09,0.1,0.1,0.11,0.08,0.1,0.12,0.12,0.11,8.87,2.71,2.23,2.81,2.14,2.76,3.78,2.76,10.17,Upstairs
20,0.08,0.05,0.1,0.12,0.16,0.1,0.1,0.09,0.09,0.13,0.1,0.13,0.08,0.12,0.08,0.07,0.12,0.07,0.12,0.13,0.11,0.13,0.11,0.12,0.12,0.09,0.1,0.09,0.07,0.09,9.06,2.23,1.86,3.06,1.97,2.39,3.91,2.39,10.09,Upstairs
20,0.09,0.09,0.1,0.16,0.09,0.15,0.08,0.08,0.1,0.08,0.09,0.07,0.11,0.09,0.11,0.14,0.11,0.11,0.1,0.09,0.11,0.09,0.11,0.05,0.1,0.11,0.11,0.13,0.1,0.11,9.22,2.59,1.66,2.66,2.1,2.22,3.67,2.22,10.28,Upstairs
20,0.12,0.11,0.09,0.08,0.08,0.12,0.1,0.15,0.11,0.06,0.1,0.12,0.1,0.11,0.12,0.07,0.12,0.1,0.09,0.09,0.1,0.06,0.1,0.1,0.07,0.13,0.12,0.12,0.11,0.11,8.84,2.67,1.65,2.78,2.02,2.08,3.65,2.08,9.98,Upstairs
20,0.14,0.09,0.08,0.11,0.14,0.07,0.09,0.1,0.1,0.12,0.09,0.12,0.1,0.08,0.08,0.14,0.11,0.09,0.13,0.08,0.09,0.08,0.1,0.1,0.14,0.1,0.12,0.1,0.09,0.11,9.15,2.65,1.8,2.89,2.01,2.32,3.82,2.32,10.24,Upstairs
20,0.12,0.15,0.12,0.07,0.11,0.13,0.08,0.1,0.07,0.06,0.13,0.08,0.1,0.07,0.08,0.13,0.06,0.13,0.12,0.1,0.12,0.12,0.07,0.1,0.14,0.08,0.08,0.09,0.14,0.08,9.08,2.26,1.58,3.21,1.93,2.23,4.14,2.23,10.07,Upstairs
20,0.05,0.07,0.01,0.02,0.02,0.01,0.02,0.04,0.02,0.01,0.02,0.02,0.04,0.02,0.01,0.01,0.06,0.03,0.01,0.03,0.03,0.07,0.02,0.03,0.01,0.02,0.01,0.02,0.02,0.03,2.15,0.5,0.26,1.67,0.55,1.57,7.88,1.57,2.34,Upstairs
20,0.03,0.03,0.08,0.07,0.09,0.07,0.11,0.15,0.17,0.22,0.08,0.1,0.14,0.11,0.09,0.1,0.1,0.11,0.1,0.1,0.07,0.14,0.11,0.11,0.09,0.12,0.13,0.1,0.08,0.08,9.35,2.57,2.48,3.2,2.42,3.14,3.97,3.14,10.48,Downstairs
20,0.02,0.07,0.07,0.08,0.09,0.12,0.15,0.13,0.15,0.14,0.08,0.1,0.13,0.1,0.11,0.13,0.07,0.1,0.11,0.1,0.12,0.08,0.13,0.12,0.08,0.09,0.11,0.1,0.1,0.09,9.45,2.44,2.03,3.25,2.75,2.61,4.09,2.61,10.54,Downstairs
20,0.06,0.14,0.08,0.09,0.11,0.12,0.13,0.08,0.1,0.12,0.09,0.11,0.1,0.07,0.11,0.12,0.12,0.11,0.09,0.1,0.11,0.07,0.1,0.11,0.12,0.11,0.08,0.11,0.11,0.11,9.52,2.69,1.91,3.25,2.74,2.41,4.19,2.41,10.64,Downstairs
20,0.16,0.12,0.13,0.12,0.12,0.08,0.09,0.08,0.09,0.04,0.11,0.11,0.1,0.11,0.1,0.08,0.11,0.08,0.13,0.1,0.08,0.13,0.08,0.09,0.11,0.08,0.11,0.12,0.12,0.12,9.29,2.78,1.75,3.48,2.86,2.23,4.35,2.23,10.46,Downstairs
20,0.17,0.11,0.13,0.15,0.09,0.12,0.06,0.09,0.05,0.06,0.13,0.11,0.08,0.08,0.08,0.1,0.08,0.12,0.11,0.12,0.12,0.11,0.12,0.08,0.11,0.11,0.08,0.07,0.1,0.13,9.5,2.57,1.72,3.73,2.87,2.2,4.57,2.2,10.61,Downstairs
20,0.14,0.13,0.1,0.08,0.1,0.08,0.07,0.06,0.05,0.02,0.1,0.04,0.07,0.12,0.09,0.1,0.1,0.08,0.06,0.08,0.07,0.09,0.06,0.08,0.1,0.08,0.09,0.09,0.09,0.08,7.52,2.35,1.41,2.69,2.25,2.22,4.51,2.22,8.48,Downstairs
20,0.11,0.12,0.12,0.13,0.13,0.1,0.08,0.09,0.05,0.0,0.11,0.13,0.08,0.09,0.09,0.1,0.07,0.15,0.07,0.0,0.1,0.1,0.08,0.12,0.11,0.1,0.09,0.14,0.09,0.0,9.13,2.8,1.25,3.25,1.99,1.76,4.14,1.76,10.22,Upstairs
20,0.08,0.16,0.11,0.1,0.1,0.09,0.13,0.09,0.1,0.0,0.09,0.11,0.09,0.09,0.12,0.1,0.09,0.09,0.13,0.0,0.1,0.16,0.13,0.11,0.07,0.1,0.08,0.09,0.09,0.0,9.43,2.54,1.25,3.01,2.14,1.89,3.94,1.89,10.38,Upstairs
20,0.12,0.11,0.09,0.08,0.12,0.1,0.14,0.1,0.07,0.0,0.1,0.11,0.1,0.12,0.08,0.12,0.11,0.09,0.08,0.0,0.11,0.1,0.09,0.11,0.12,0.07,0.1,0.11,0.12,0.0,9.1,2.74,1.36,2.95,2.02,1.97,3.89,1.97,10.16,Upstairs
20,0.09,0.1,0.1,0.06,0.11,0.1,0.08,0.11,0.15,0.0,0.09,0.06,0.15,0.1,0.1,0.1,0.13,0.11,0.1,0.0,0.08,0.11,0.08,0.11,0.11,0.11,0.14,0.1,0.09,0.0,9.3,2.97,1.31,2.7,1.99,1.72,3.72,1.72,10.39,Upstairs
20,0.07,0.07,0.09,0.1,0.1,0.11,0.12,0.09,0.16,0.0,0.11,0.1,0.08,0.12,0.1,0.13,0.13,0.07,0.1,0.0,0.11,0.07,0.12,0.09,0.12,0.11,0.1,0.07,0.12,0.0,9.0,2.84,1.29,2.9,2.12,1.85,3.85,1.85,10.11,Upstairs
20,0.1,0.06,0.1,0.08,0.07,0.05,0.09,0.12,0.08,0.0,0.1,0.08,0.1,0.08,0.07,0.08,0.08,0.1,0.12,0.0,0.1,0.06,0.09,0.06,0.07,0.12,0.09,0.1,0.09,0.0,7.84,2.56,1.24,2.92,1.81,2.05,4.18,2.05,8.83,Upstairs
20,0.08,0.09,0.1,0.09,0.12,0.1,0.11,0.12,0.14,0.09,0.1,0.11,0.1,0.09,0.12,0.09,0.11,0.1,0.1,0.12,0.09,0.1,0.1,0.12,0.11,0.1,0.09,0.1,0.11,0.11,9.35,2.99,1.64,3.23,2.58,2.13,4.09,2.13,10.41,Downstairs
20,0.1,0.12,0.09,0.11,0.11,0.11,0.08,0.12,0.08,0.1,0.11,0.13,0.09,0.09,0.1,0.08,0.07,0.12,0.11,0.12,0.11,0.09,0.11,0.07,0.07,0.08,0.13,0.13,0.1,0.14,9.45,3.29,1.87,3.48,2.99,2.41,4.37,2.41,10.76,Downstairs
20,0.11,0.1,0.09,0.09,0.08,0.12,0.11,0.1,0.08,0.14,0.09,0.1,0.1,0.11,0.12,0.08,0.12,0.09,0.11,0.1,0.11,0.11,0.11,0.09,0.12,0.09,0.11,0.08,0.12,0.08,9.32,2.77,1.84,3.09,2.72,2.37,3.99,2.37,10.48,Downstairs
20,0.08,0.11,0.1,0.1,0.1,0.09,0.08,0.1,0.13,0.13,0.1,0.12,0.08,0.13,0.08,0.1,0.08,0.12,0.13,0.09,0.1,0.07,0.15,0.1,0.04,0.11,0.13,0.12,0.1,0.1,9.34,2.93,1.87,3.26,2.73,2.36,4.11,2.36,10.49,Downstairs
20,0.12,0.12,0.08,0.1,0.06,0.11,0.11,0.13,0.08,0.1,0.11,0.07,0.11,0.1,0.1,0.1,0.14,0.09,0.11,0.1,0.11,0.1,0.11,0.11,0.11,0.09,0.08,0.11,0.12,0.09,9.29,2.55,1.87,3.09,2.86,2.44,4.06,2.44,10.46,Downstairs
20,0.1,0.09,0.14,0.12,0.13,0.09,0.11,0.08,0.1,0.07,0.1,0.09,0.1,0.11,0.1,0.17,0.09,0.1,0.07,0.09,0.09,0.13,0.06,0.12,0.14,0.13,0.1,0.08,0.07,0.1,9.14,2.75,1.81,2.81,2.61,2.28,3.81,2.28,10.3,Downstairs
20,0.0,0.0,0.01,0.0,0.0,0.0,0.0,0.0,0.0,0.0,0.0,0.01,0.0,0.0,0.0,0.0,0.0,0.0,0.0,0.0,0.0,0.0,0.0,0.0,0.01,0.0,0.0,0.0,0.0,0.0,0.03,0.01,0.01,0.03,0.01,2.56,6.01,2.56,0.03,Downstairs
20,0.09,0.09,0.11,0.08,0.11,0.08,0.13,0.11,0.13,0.09,0.08,0.12,0.1,0.08,0.12,0.1,0.12,0.1,0.1,0.1,0.08,0.13,0.11,0.07,0.1,0.11,0.09,0.13,0.1,0.1,9.17,2.8,1.18,2.78,1.93,1.65,3.6,1.65,10.18,Upstairs
20,0.09,0.09,0.09,0.08,0.12,0.13,0.1,0.13,0.09,0.1,0.09,0.12,0.11,0.11,0.11,0.05,0.14,0.09,0.09,0.11,0.09,0.1,0.09,0.1,0.13,0.08,0.09,0.14,0.11,0.09,9.09,2.79,1.23,2.92,1.97,1.82,3.84,1.82,10.15,Upstairs
20,0.12,0.14,0.09,0.1,0.09,0.07,0.11,0.09,0.11,0.1,0.1,0.09,0.12,0.08,0.13,0.12,0.08,0.1,0.1,0.1,0.11,0.09,0.08,0.09,0.16,0.11,0.07,0.06,0.11,0.15,9.14,2.88,1.39,2.98,2.19,1.94,4.02,1.94,10.34,Upstairs
20,0.1,0.13,0.08,0.11,0.13,0.11,0.13,0.05,0.09,0.09,0.1,0.08,0.11,0.12,0.08,0.11,0.1,0.12,0.1,0.1,0.11,0.08,0.09,0.11,0.09,0.1,0.14,0.08,0.11,0.1,9.21,2.79,1.28,2.93,2.02,1.83,3.86,1.83,10.29,Upstairs
20,0.14,0.05,0.09,0.11,0.09,0.1,0.11,0.08,0.14,0.11,0.11,0.1,0.1,0.11,0.1,0.12,0.07,0.11,0.11,0.09,0.11,0.11,0.11,0.12,0.09,0.1,0.12,0.08,0.1,0.07,9.1,2.66,1.42,2.97,2.04,2.11,3.92,2.11,10.17,Upstairs
20,0.05,0.09,0.11,0.08,0.12,0.04,0.1,0.07,0.09,0.1,0.11,0.08,0.08,0.08,0.05,0.09,0.09,0.08,0.1,0.09,0.08,0.08,0.1,0.1,0.06,0.08,0.08,0.11,0.06,0.09,7.58,2.31,1.04,3.1,1.63,1.7,4.44,1.7,8.44,Upstairs
20,0.08,0.1,0.11,0.11,0.13,0.09,0.09,0.1,0.12,0.09,0.1,0.09,0.08,0.13,0.08,0.13,0.11,0.13,0.07,0.09,0.06,0.11,0.14,0.1,0.11,0.11,0.1,0.1,0.09,0.1,9.46,2.98,1.7,3.22,2.71,2.16,4.11,2.16,10.54,Downstairs
20,0.11,0.06,0.12,0.12,0.09,0.14,0.1,0.1,0.09,0.08,0.1,0.11,0.09,0.11,0.11,0.09,0.1,0.1,0.11,0.1,0.07,0.12,0.12,0.1,0.12,0.09,0.1,0.1,0.12,0.08,9.4,2.94,1.76,3.46,2.9,2.46,4.37,2.46,10.61,Downstairs
20,0.07,0.12,0.12,0.13,0.08,0.1,0.09,0.12,0.07,0.12,0.09,0.1,0.1,0.1,0.13,0.09,0.1,0.11,0.11,0.07,0.11,0.06,0.11,0.1,0.11,0.11,0.09,0.11,0.12,0.09,9.35,2.88,1.76,3.34,2.91,2.28,4.24,2.28,10.58,Downstairs
20,0.11,0.1,0.08,0.1,0.11,0.11,0.08,0.11,0.09,0.13,0.09,0.1,0.09,0.08,0.12,0.12,0.1,0.11,0.11,0.1,0.11,0.11,0.08,0.12,0.09,0.1,0.09,0.13,0.1,0.09,9.59,2.78,1.93,3.39,2.97,2.55,4.3,2.55,10.87,Downstairs
20,0.12,0.1,0.08,0.06,0.08,0.1,0.14,0.1,0.12,0.1,0.11,0.12,0.13,0.1,0.08,0.09,0.1,0.06,0.1,0.11,0.13,0.09,0.08,0.11,0.08,0.1,0.08,0.11,0.13,0.11,9.28,3.0,1.92,3.67,3.21,2.51,4.6,2.51,10.69,Downstairs
20,0.08,0.08,0.07,0.04,0.04,0.06,0.05,0.08,0.08,0.06,0.08,0.06,0.07,0.03,0.09,0.06,0.06,0.06,0.07,0.09,0.08,0.07,0.04,0.05,0.08,0.07,0.09,0.04,0.03,0.1,6.13,2.01,1.34,2.92,2.17,2.65,5.77,2.65,7.1,Downstairs
33,0.05,0.03,0.07,0.08,0.06,0.11,0.11,0.13,0.13,0.25,0.13,0.08,0.09,0.09,0.09,0.1,0.14,0.12,0.09,0.09,0.14,0.11,0.09,0.11,0.09,0.11,0.07,0.1,0.1,0.1,9.38,2.56,1.73,2.78,1.67,2.19,3.55,2.19,10.15,Downstairs
33,0.01,0.02,0.08,0.07,0.11,0.1,0.13,0.15,0.15,0.18,0.11,0.11,0.1,0.1,0.08,0.1,0.12,0.08,0.13,0.1,0.14,0.1,0.08,0.15,0.1,0.1,0.06,0.1,0.12,0.07,9.49,2.52,1.54,2.82,1.54,2.06,3.47,2.06,10.2,Downstairs
33,0.02,0.04,0.09,0.06,0.09,0.13,0.15,0.13,0.16,0.15,0.09,0.13,0.09,0.04,0.12,0.14,0.08,0.13,0.11,0.1,0.12,0.07,0.11,0.11,0.08,0.08,0.16,0.11,0.09,0.1,9.39,2.66,1.41,2.63,1.47,1.84,3.28,1.84,10.09,Downstairs
33,0.02,0.05,0.08,0.11,0.1,0.14,0.12,0.1,0.17,0.13,0.08,0.1,0.12,0.1,0.07,0.11,0.1,0.13,0.1,0.1,0.1,0.07,0.08,0.12,0.12,0.1,0.14,0.08,0.08,0.12,9.44,2.76,1.34,2.58,1.39,1.76,3.16,1.76,10.13,Downstairs
33,0.04,0.06,0.08,0.11,0.14,0.1,0.13,0.12,0.13,0.11,0.09,0.11,0.11,0.09,0.14,0.09,0.11,0.07,0.12,0.09,0.07,0.12,0.11,0.07,0.09,0.16,0.11,0.08,0.14,0.07,9.26,2.73,1.27,2.63,1.37,1.66,3.28,1.66,9.94,Downstairs
33,0.05,0.1,0.12,0.15,0.1,0.12,0.09,0.08,0.11,0.1,0.08,0.11,0.13,0.1,0.07,0.12,0.09,0.11,0.12,0.09,0.07,0.11,0.14,0.1,0.09,0.09,0.12,0.1,0.1,0.1,9.45,2.66,1.26,2.73,1.39,1.65,3.36,1.65,10.08,Downstairs
33,0.13,0.12,0.1,0.07,0.11,0.1,0.12,0.09,0.08,0.1,0.13,0.09,0.08,0.09,0.11,0.1,0.12,0.1,0.09,0.12,0.08,0.1,0.09,0.13,0.11,0.1,0.1,0.1,0.12,0.09,9.43,2.72,1.39,2.81,1.43,1.75,3.57,1.75,10.12,Downstairs
33,0.13,0.14,0.11,0.14,0.09,0.11,0.09,0.1,0.07,0.05,0.1,0.09,0.11,0.1,0.12,0.11,0.12,0.09,0.08,0.1,0.11,0.1,0.09,0.08,0.08,0.12,0.13,0.08,0.09,0.14,9.32,2.83,1.26,2.54,1.63,1.59,3.26,1.59,10.06,Downstairs
33,0.17,0.15,0.12,0.1,0.13,0.07,0.09,0.09,0.07,0.03,0.1,0.09,0.1,0.14,0.11,0.08,0.1,0.08,0.09,0.15,0.1,0.14,0.08,0.11,0.09,0.06,0.11,0.08,0.13,0.11,9.65,2.68,1.31,3.03,1.64,1.66,3.72,1.66,10.34,Downstairs
33,0.22,0.17,0.13,0.08,0.09,0.09,0.07,0.06,0.07,0.05,0.11,0.09,0.09,0.14,0.1,0.11,0.05,0.11,0.11,0.09,0.09,0.1,0.11,0.11,0.1,0.09,0.07,0.14,0.08,0.11,9.44,2.73,1.45,2.92,1.53,1.77,3.65,1.77,10.15,Downstairs
33,0.22,0.14,0.15,0.1,0.1,0.08,0.08,0.07,0.05,0.03,0.1,0.11,0.09,0.1,0.12,0.11,0.11,0.09,0.09,0.11,0.07,0.14,0.09,0.11,0.09,0.08,0.11,0.12,0.11,0.1,9.3,2.76,1.46,2.67,1.49,1.83,3.4,1.83,10.02,Downstairs
33,0.11,0.09,0.1,0.06,0.05,0.05,0.04,0.05,0.01,0.0,0.05,0.05,0.06,0.06,0.05,0.04,0.07,0.08,0.06,0.05,0.08,0.02,0.02,0.03,0.07,0.07,0.06,0.09,0.06,0.06,5.05,1.53,0.74,2.39,1.14,1.76,5.35,1.76,5.47,Downstairs
33,0.03,0.08,0.1,0.08,0.1,0.12,0.06,0.15,0.16,0.15,0.13,0.08,0.11,0.08,0.14,0.08,0.07,0.1,0.14,0.1,0.07,0.07,0.13,0.12,0.13,0.11,0.11,0.08,0.12,0.1,9.61,1.77,1.79,3.63,1.84,2.2,4.36,2.2,10.32,Walking
33,0.06,0.06,0.07,0.09,0.1,0.11,0.12,0.19,0.14,0.08,0.12,0.09,0.12,0.08,0.11,0.08,0.12,0.09,0.07,0.14,0.08,0.06,0.11,0.12,0.1,0.11,0.1,0.13,0.09,0.13,9.62,2.03,1.64,3.58,2.06,2.1,4.32,2.1,10.43,Walking
33,0.08,0.08,0.09,0.13,0.07,0.06,0.12,0.18,0.14,0.09,0.07,0.11,0.11,0.13,0.09,0.11,0.09,0.1,0.13,0.09,0.06,0.07,0.09,0.15,0.1,0.12,0.12,0.12,0.07,0.12,9.69,1.96,1.87,3.33,1.92,2.32,3.97,2.32,10.47,Walking
33,0.1,0.06,0.09,0.11,0.08,0.12,0.11,0.13,0.14,0.1,0.07,0.11,0.11,0.12,0.1,0.12,0.08,0.1,0.13,0.09,0.08,0.08,0.11,0.15,0.06,0.13,0.08,0.14,0.09,0.11,9.69,1.8,1.81,3.26,1.92,2.31,3.89,2.31,10.42,Walking
33,0.11,0.05,0.13,0.11,0.09,0.13,0.13,0.08,0.13,0.07,0.12,0.07,0.12,0.09,0.08,0.12,0.1,0.12,0.13,0.08,0.07,0.09,0.1,0.16,0.08,0.11,0.1,0.08,0.11,0.13,9.56,1.97,1.88,3.53,2.12,2.54,4.21,2.54,10.45,Walking
33,0.08,0.07,0.11,0.13,0.13,0.11,0.17,0.12,0.06,0.04,0.07,0.18,0.1,0.05,0.12,0.12,0.11,0.1,0.11,0.06,0.06,0.13,0.12,0.11,0.05,0.13,0.11,0.11,0.08,0.13,9.11,1.83,1.69,3.52,1.96,2.33,4.15,2.33,9.89,Walking
33,0.12,0.09,0.1,0.13,0.1,0.16,0.13,0.08,0.08,0.04,0.07,0.13,0.07,0.13,0.11,0.11,0.11,0.12,0.12,0.06,0.08,0.07,0.09,0.08,0.13,0.12,0.11,0.12,0.12,0.1,9.56,1.81,1.88,3.17,1.83,2.57,3.82,2.57,10.35,Walking
33,0.12,0.12,0.11,0.11,0.1,0.14,0.09,0.11,0.05,0.06,0.1,0.09,0.13,0.11,0.07,0.11,0.13,0.06,0.16,0.07,0.09,0.07,0.09,0.11,0.1,0.06,0.1,0.17,0.12,0.11,9.45,2.03,1.99,3.46,2.12,2.64,4.07,2.64,10.36,Walking
33,0.12,0.11,0.14,0.11,0.1,0.14,0.11,0.07,0.09,0.03,0.07,0.11,0.1,0.13,0.11,0.09,0.1,0.12,0.11,0.09,0.06,0.07,0.1,0.12,0.11,0.16,0.12,0.05,0.13,0.11,9.59,1.94,2.0,3.31,1.94,2.66,3.99,2.66,10.43,Walking
33,0.13,0.11,0.09,0.13,0.12,0.11,0.13,0.09,0.06,0.06,0.08,0.1,0.11,0.14,0.08,0.14,0.1,0.12,0.07,0.09,0.07,0.11,0.12,0.06,0.09,0.11,0.13,0.12,0.12,0.11,9.46,1.9,2.02,3.26,1.99,2.75,3.92,2.75,10.33,Walking
33,0.14,0.13,0.1,0.07,0.16,0.11,0.13,0.07,0.07,0.04,0.1,0.09,0.12,0.09,0.1,0.12,0.09,0.1,0.11,0.1,0.09,0.09,0.07,0.1,0.08,0.13,0.11,0.17,0.09,0.09,9.52,1.79,2.06,3.47,1.91,2.76,4.15,2.76,10.4,Walking
33,0.14,0.12,0.09,0.11,0.13,0.13,0.12,0.08,0.07,0.03,0.1,0.1,0.12,0.09,0.08,0.14,0.05,0.12,0.13,0.1,0.06,0.09,0.1,0.13,0.1,0.09,0.09,0.13,0.12,0.11,9.57,1.98,1.94,3.46,2.04,2.59,4.14,2.59,10.44,Walking
33,0.13,0.12,0.11,0.12,0.13,0.12,0.11,0.08,0.06,0.04,0.1,0.1,0.13,0.07,0.09,0.15,0.08,0.08,0.11,0.11,0.09,0.1,0.1,0.07,0.07,0.1,0.1,0.15,0.13,0.12,9.61,2.02,2.04,3.46,2.17,2.71,4.18,2.71,10.54,Walking
33,0.13,0.15,0.09,0.11,0.06,0.18,0.16,0.05,0.05,0.05,0.11,0.09,0.11,0.11,0.07,0.11,0.14,0.07,0.11,0.1,0.08,0.09,0.1,0.09,0.1,0.11,0.09,0.14,0.13,0.1,9.56,1.94,2.07,3.57,2.06,2.86,4.24,2.86,10.5,Walking
33,0.15,0.11,0.06,0.15,0.1,0.12,0.11,0.09,0.09,0.03,0.1,0.1,0.1,0.1,0.1,0.13,0.1,0.11,0.08,0.1,0.07,0.08,0.11,0.1,0.09,0.15,0.08,0.09,0.16,0.09,9.52,1.87,2.1,3.49,1.95,2.8,4.23,2.8,10.4,Walking
33,0.13,0.13,0.12,0.07,0.15,0.13,0.1,0.11,0.05,0.04,0.08,0.1,0.12,0.13,0.08,0.13,0.11,0.1,0.06,0.1,0.08,0.08,0.1,0.09,0.09,0.13,0.1,0.1,0.15,0.11,9.52,2.03,2.05,3.26,2.12,2.79,3.97,2.79,10.45,Walking
33,0.14,0.11,0.09,0.1,0.15,0.16,0.11,0.09,0.05,0.02,0.09,0.08,0.14,0.09,0.08,0.12,0.13,0.11,0.09,0.1,0.08,0.05,0.11,0.09,0.13,0.09,0.13,0.1,0.13,0.11,9.56,2.02,1.93,3.35,1.98,2.63,3.99,2.63,10.42,Walking
33,0.15,0.1,0.09,0.15,0.13,0.11,0.11,0.1,0.06,0.03,0.1,0.08,0.13,0.1,0.12,0.11,0.1,0.09,0.11,0.09,0.04,0.08,0.15,0.07,0.12,0.12,0.1,0.12,0.11,0.11,9.49,1.99,2.06,3.29,1.95,2.74,3.99,2.74,10.36,Walking
33,0.16,0.11,0.13,0.09,0.12,0.12,0.09,0.09,0.05,0.06,0.09,0.1,0.1,0.13,0.08,0.12,0.1,0.1,0.11,0.08,0.08,0.08,0.11,0.08,0.1,0.09,0.13,0.11,0.13,0.12,9.56,2.04,2.23,3.32,2.11,2.94,3.98,2.94,10.53,Walking
33,0.16,0.11,0.11,0.12,0.1,0.13,0.1,0.08,0.08,0.04,0.1,0.1,0.12,0.11,0.08,0.13,0.09,0.1,0.08,0.11,0.07,0.11,0.13,0.08,0.07,0.08,0.11,0.14,0.11,0.12,9.57,1.94,2.15,3.45,2.11,2.84,4.13,2.84,10.49,Walking
33,0.16,0.11,0.11,0.11,0.1,0.1,0.12,0.09,0.07,0.05,0.09,0.1,0.11,0.08,0.11,0.13,0.11,0.08,0.15,0.07,0.06,0.1,0.12,0.1,0.1,0.06,0.1,0.16,0.13,0.1,9.59,1.87,2.15,3.33,1.92,2.85,4.01,2.85,10.45,Walking
33,0.13,0.13,0.12,0.12,0.09,0.12,0.13,0.09,0.06,0.05,0.11,0.11,0.08,0.14,0.08,0.09,0.11,0.1,0.1,0.1,0.07,0.09,0.09,0.13,0.07,0.1,0.14,0.1,0.13,0.1,9.51,2.0,2.07,3.48,2.11,2.76,4.14,2.76,10.44,Walking
33,0.15,0.13,0.11,0.09,0.12,0.12,0.12,0.1,0.06,0.04,0.12,0.08,0.12,0.1,0.09,0.11,0.12,0.09,0.08,0.11,0.08,0.1,0.12,0.06,0.1,0.11,0.1,0.14,0.12,0.09,9.46,1.84,2.12,3.56,2.01,2.85,4.27,2.85,10.37,Walking
33,0.12,0.11,0.12,0.14,0.12,0.11,0.1,0.09,0.06,0.05,0.1,0.1,0.1,0.09,0.14,0.09,0.11,0.09,0.11,0.09,0.07,0.06,0.12,0.11,0.1,0.08,0.11,0.11,0.18,0.09,9.51,1.97,2.05,3.38,1.95,2.74,4.12,2.74,10.4,Walking
33,0.15,0.1,0.1,0.11,0.14,0.11,0.11,0.11,0.04,0.05,0.09,0.12,0.1,0.09,0.13,0.09,0.12,0.1,0.12,0.08,0.08,0.08,0.1,0.1,0.08,0.12,0.11,0.12,0.14,0.1,9.54,1.91,2.07,3.37,1.95,2.82,4.09,2.82,10.43,Walking
33,0.16,0.11,0.14,0.09,0.08,0.15,0.1,0.09,0.06,0.04,0.1,0.1,0.11,0.07,0.09,0.1,0.15,0.11,0.12,0.08,0.08,0.06,0.13,0.1,0.1,0.12,0.09,0.11,0.12,0.12,9.7,2.04,2.11,3.42,2.13,2.79,4.08,2.79,10.63,Walking
33,0.14,0.14,0.08,0.1,0.09,0.13,0.16,0.07,0.06,0.06,0.11,0.1,0.11,0.11,0.11,0.09,0.09,0.11,0.11,0.09,0.08,0.12,0.08,0.08,0.07,0.12,0.13,0.12,0.13,0.1,9.55,1.85,2.09,3.43,2.0,2.84,4.12,2.84,10.47,Walking
33,0.17,0.08,0.11,0.11,0.14,0.11,0.1,0.11,0.04,0.05,0.13,0.08,0.12,0.06,0.11,0.1,0.08,0.1,0.1,0.14,0.08,0.12,0.1,0.08,0.08,0.14,0.11,0.11,0.11,0.08,9.64,1.76,2.16,3.79,1.99,2.95,4.52,2.95,10.56,Walking
33,0.14,0.11,0.12,0.12,0.09,0.13,0.11,0.08,0.06,0.05,0.12,0.11,0.09,0.13,0.09,0.09,0.09,0.11,0.1,0.09,0.08,0.11,0.07,0.09,0.07,0.08,0.16,0.1,0.16,0.1,9.37,1.84,2.13,3.63,1.98,2.84,4.35,2.84,10.31,Walking
33,0.13,0.14,0.08,0.1,0.14,0.14,0.08,0.09,0.06,0.06,0.08,0.12,0.09,0.11,0.11,0.08,0.15,0.12,0.08,0.09,0.08,0.09,0.1,0.08,0.1,0.1,0.13,0.12,0.11,0.12,9.63,1.92,2.1,3.26,2.08,2.8,3.93,2.8,10.55,Walking
33,0.13,0.12,0.12,0.11,0.12,0.12,0.1,0.08,0.07,0.05,0.1,0.09,0.1,0.13,0.05,0.15,0.09,0.1,0.14,0.08,0.1,0.12,0.09,0.08,0.11,0.08,0.08,0.14,0.14,0.09,9.61,1.77,2.12,3.34,2.05,2.84,4.0,2.84,10.51,Walking
33,0.14,0.15,0.14,0.12,0.11,0.09,0.1,0.06,0.05,0.07,0.13,0.07,0.09,0.11,0.1,0.11,0.14,0.07,0.12,0.09,0.11,0.12,0.07,0.07,0.07,0.09,0.09,0.17,0.13,0.1,9.52,1.92,2.3,3.49,2.17,2.96,4.24,2.96,10.54,Walking
33,0.14,0.17,0.09,0.09,0.15,0.08,0.1,0.06,0.09,0.06,0.13,0.09,0.11,0.09,0.1,0.1,0.12,0.08,0.11,0.1,0.15,0.1,0.08,0.1,0.04,0.12,0.07,0.13,0.13,0.09,9.36,1.8,2.25,3.75,2.36,2.9,4.55,2.9,10.47,Walking
33,0.14,0.14,0.09,0.1,0.14,0.13,0.11,0.07,0.06,0.05,0.11,0.09,0.1,0.14,0.05,0.11,0.11,0.11,0.14,0.08,0.09,0.11,0.08,0.1,0.07,0.1,0.11,0.12,0.13,0.1,9.64,1.85,2.15,3.6,2.09,2.87,4.28,2.87,10.57,Walking
33,0.14,0.13,0.12,0.11,0.11,0.1,0.1,0.08,0.08,0.04,0.09,0.1,0.09,0.11,0.09,0.14,0.12,0.11,0.08,0.09,0.08,0.1,0.08,0.07,0.11,0.12,0.07,0.14,0.15,0.1,9.6,1.92,2.18,3.22,1.96,2.81,3.89,2.81,10.49,Walking
33,0.12,0.14,0.11,0.12,0.12,0.11,0.12,0.08,0.06,0.05,0.06,0.12,0.1,0.09,0.14,0.09,0.14,0.13,0.08,0.08,0.07,0.09,0.1,0.11,0.07,0.11,0.09,0.15,0.14,0.1,9.65,1.9,2.07,3.1,1.96,2.72,3.74,2.72,10.53,Walking
33,0.11,0.1,0.11,0.18,0.1,0.13,0.13,0.05,0.05,0.07,0.06,0.13,0.1,0.12,0.11,0.1,0.11,0.16,0.08,0.06,0.09,0.06,0.08,0.08,0.11,0.12,0.13,0.11,0.15,0.1,9.53,1.88,1.97,3.09,1.87,2.62,3.71,2.62,10.41,Walking
33,0.04,0.02,0.1,0.1,0.08,0.1,0.12,0.1,0.1,0.24,0.05,0.11,0.12,0.13,0.12,0.12,0.15,0.08,0.06,0.09,0.07,0.12,0.08,0.13,0.15,0.09,0.11,0.08,0.13,0.08,9.5,1.64,2.09,3.0,1.78,2.69,3.7,2.69,10.31,Walking
33,0.0,0.04,0.04,0.12,0.08,0.06,0.06,0.09,0.16,0.38,0.05,0.16,0.08,0.15,0.12,0.07,0.12,0.08,0.09,0.1,0.12,0.1,0.12,0.1,0.13,0.13,0.07,0.09,0.08,0.08,9.49,1.43,2.19,3.3,1.95,2.56,3.96,2.56,10.32,Walking
33,0.0,0.03,0.08,0.08,0.09,0.1,0.05,0.1,0.22,0.28,0.05,0.15,0.1,0.08,0.17,0.09,0.1,0.07,0.09,0.13,0.07,0.15,0.1,0.14,0.08,0.09,0.12,0.09,0.09,0.09,9.65,1.59,2.02,3.3,1.99,2.4,4.03,2.4,10.43,Walking
33,0.01,0.06,0.05,0.1,0.11,0.05,0.08,0.09,0.25,0.23,0.09,0.11,0.14,0.08,0.1,0.1,0.1,0.1,0.09,0.11,0.12,0.13,0.07,0.14,0.11,0.12,0.07,0.09,0.09,0.09,9.48,1.45,2.0,3.53,2.04,2.42,4.21,2.42,10.3,Walking
33,0.03,0.06,0.08,0.08,0.08,0.06,0.07,0.12,0.18,0.26,0.11,0.13,0.08,0.07,0.11,0.13,0.09,0.09,0.09,0.13,0.15,0.11,0.1,0.13,0.12,0.08,0.09,0.1,0.05,0.09,9.65,1.32,2.12,3.6,2.09,2.54,4.38,2.54,10.52,Walking
33,0.02,0.06,0.08,0.08,0.12,0.06,0.07,0.16,0.19,0.19,0.07,0.15,0.11,0.09,0.09,0.09,0.15,0.09,0.08,0.1,0.13,0.1,0.1,0.12,0.15,0.07,0.09,0.09,0.08,0.09,9.57,1.48,1.92,3.52,1.97,2.35,4.22,2.35,10.35,Walking
33,0.03,0.06,0.1,0.1,0.09,0.08,0.08,0.12,0.15,0.22,0.09,0.14,0.07,0.1,0.11,0.09,0.13,0.07,0.1,0.12,0.16,0.12,0.07,0.08,0.11,0.13,0.1,0.12,0.05,0.09,9.57,1.33,2.02,3.56,2.0,2.52,4.27,2.52,10.4,Walking
33,0.04,0.09,0.08,0.09,0.09,0.1,0.06,0.13,0.15,0.19,0.12,0.11,0.09,0.09,0.11,0.13,0.06,0.09,0.1,0.13,0.15,0.08,0.1,0.11,0.11,0.15,0.1,0.04,0.1,0.08,9.64,1.41,1.97,3.73,2.06,2.36,4.53,2.36,10.47,Walking
33,0.04,0.11,0.08,0.09,0.1,0.09,0.09,0.1,0.19,0.14,0.1,0.1,0.1,0.09,0.09,0.13,0.09,0.1,0.14,0.1,0.15,0.12,0.08,0.1,0.12,0.11,0.13,0.07,0.08,0.09,9.83,1.44,1.95,3.53,2.12,2.37,4.25,2.37,10.66,Walking
33,0.06,0.09,0.11,0.1,0.08,0.08,0.14,0.1,0.12,0.15,0.11,0.1,0.1,0.13,0.08,0.1,0.1,0.11,0.08,0.13,0.12,0.15,0.08,0.07,0.11,0.13,0.12,0.11,0.03,0.11,9.61,1.47,1.97,3.56,2.06,2.48,4.26,2.48,10.46,Walking
33,0.07,0.11,0.1,0.06,0.08,0.08,0.09,0.15,0.13,0.17,0.1,0.11,0.1,0.08,0.1,0.11,0.06,0.11,0.13,0.11,0.13,0.11,0.11,0.13,0.08,0.13,0.06,0.08,0.1,0.08,9.69,1.39,2.05,3.67,2.11,2.51,4.39,2.51,10.58,Walking
33,0.07,0.08,0.13,0.07,0.08,0.09,0.1,0.14,0.12,0.16,0.11,0.1,0.1,0.1,0.14,0.06,0.06,0.12,0.11,0.13,0.13,0.1,0.1,0.1,0.11,0.12,0.09,0.12,0.06,0.09,9.74,1.49,2.03,3.74,1.97,2.57,4.49,2.57,10.59,Walking
33,0.04,0.09,0.11,0.09,0.1,0.06,0.13,0.11,0.14,0.16,0.07,0.14,0.09,0.08,0.16,0.07,0.08,0.1,0.13,0.1,0.12,0.08,0.13,0.12,0.15,0.14,0.07,0.07,0.06,0.09,9.56,1.42,1.93,3.43,1.88,2.39,4.15,2.39,10.34,Walking
33,0.05,0.08,0.13,0.1,0.08,0.09,0.09,0.12,0.16,0.13,0.1,0.11,0.11,0.1,0.12,0.05,0.12,0.07,0.1,0.15,0.1,0.1,0.11,0.11,0.14,0.13,0.09,0.08,0.05,0.12,9.8,1.83,1.92,3.77,2.29,2.39,4.47,2.39,10.67,Walking
33,0.08,0.09,0.09,0.11,0.08,0.08,0.08,0.11,0.14,0.16,0.11,0.1,0.08,0.1,0.14,0.06,0.06,0.14,0.12,0.12,0.13,0.1,0.12,0.12,0.12,0.1,0.05,0.1,0.1,0.09,9.76,1.51,2.17,3.63,2.12,2.7,4.34,2.7,10.63,Walking
33,0.08,0.09,0.12,0.1,0.04,0.08,0.09,0.16,0.12,0.15,0.13,0.09,0.11,0.07,0.11,0.1,0.08,0.11,0.07,0.15,0.15,0.12,0.07,0.15,0.09,0.09,0.1,0.09,0.05,0.11,9.6,1.52,2.16,3.8,2.23,2.67,4.51,2.67,10.52,Walking
33,0.05,0.08,0.14,0.08,0.08,0.07,0.1,0.15,0.11,0.16,0.11,0.09,0.09,0.12,0.13,0.09,0.09,0.1,0.09,0.11,0.12,0.12,0.12,0.12,0.13,0.1,0.09,0.06,0.07,0.09,9.56,1.39,1.99,3.5,2.02,2.43,4.25,2.43,10.36,Walking
33,0.07,0.07,0.09,0.12,0.1,0.08,0.06,0.16,0.17,0.12,0.1,0.09,0.1,0.13,0.08,0.12,0.09,0.12,0.08,0.12,0.11,0.09,0.13,0.11,0.11,0.12,0.1,0.08,0.08,0.09,9.74,1.47,1.87,3.44,1.93,2.27,4.15,2.27,10.48,Walking
33,0.09,0.07,0.1,0.09,0.12,0.08,0.08,0.1,0.18,0.14,0.1,0.08,0.09,0.13,0.09,0.11,0.09,0.12,0.11,0.1,0.1,0.1,0.09,0.11,0.12,0.17,0.1,0.06,0.08,0.09,9.74,1.56,1.99,3.37,1.9,2.43,4.02,2.43,10.5,Walking
33,0.07,0.11,0.11,0.07,0.11,0.06,0.14,0.15,0.08,0.13,0.11,0.08,0.12,0.1,0.1,0.12,0.08,0.11,0.09,0.11,0.12,0.1,0.08,0.14,0.09,0.13,0.08,0.08,0.08,0.11,9.64,1.61,1.93,3.42,2.11,2.48,4.12,2.48,10.49,Walking
33,0.07,0.08,0.11,0.12,0.08,0.08,0.11,0.11,0.15,0.11,0.11,0.09,0.1,0.08,0.11,0.07,0.14,0.14,0.09,0.1,0.09,0.09,0.11,0.15,0.12,0.09,0.06,0.11,0.1,0.11,9.64,1.63,1.95,3.63,2.02,2.45,4.32,2.45,10.49,Walking
33,0.06,0.1,0.1,0.1,0.1,0.09,0.13,0.11,0.1,0.13,0.08,0.13,0.08,0.09,0.13,0.08,0.13,0.1,0.13,0.08,0.1,0.09,0.11,0.1,0.1,0.11,0.08,0.12,0.11,0.11,9.69,1.74,1.95,3.3,2.06,2.55,3.95,2.55,10.53,Walking
33,0.08,0.12,0.12,0.05,0.1,0.11,0.06,0.13,0.12,0.13,0.1,0.12,0.07,0.11,0.1,0.1,0.09,0.12,0.12,0.09,0.14,0.12,0.07,0.1,0.12,0.12,0.1,0.07,0.08,0.11,9.66,1.53,2.1,3.48,2.15,2.67,4.19,2.67,10.55,Walking
33,0.1,0.08,0.12,0.11,0.1,0.06,0.11,0.08,0.13,0.13,0.13,0.06,0.12,0.09,0.08,0.15,0.07,0.07,0.12,0.12,0.17,0.11,0.1,0.1,0.1,0.08,0.07,0.13,0.07,0.09,9.72,1.37,2.2,3.67,2.24,2.81,4.46,2.81,10.63,Walking
33,0.13,0.13,0.09,0.09,0.06,0.08,0.09,0.13,0.12,0.11,0.17,0.09,0.11,0.08,0.07,0.08,0.06,0.08,0.1,0.18,0.16,0.15,0.09,0.09,0.06,0.09,0.08,0.12,0.08,0.11,9.45,1.49,2.33,4.27,2.37,2.93,5.02,2.93,10.56,Walking
33,0.11,0.15,0.08,0.12,0.06,0.04,0.11,0.09,0.12,0.14,0.15,0.08,0.09,0.11,0.05,0.09,0.1,0.09,0.1,0.15,0.13,0.17,0.11,0.07,0.08,0.07,0.1,0.12,0.07,0.1,9.58,1.35,2.3,4.12,2.32,2.81,4.92,2.81,10.71,Walking
33,0.12,0.16,0.08,0.07,0.08,0.06,0.11,0.12,0.09,0.13,0.14,0.09,0.07,0.11,0.1,0.09,0.08,0.08,0.13,0.13,0.17,0.1,0.14,0.09,0.06,0.08,0.07,0.1,0.12,0.09,9.64,1.38,2.36,3.84,2.3,2.99,4.6,2.99,10.63,Walking
33,0.13,0.13,0.1,0.07,0.08,0.11,0.08,0.11,0.06,0.15,0.13,0.09,0.07,0.11,0.11,0.08,0.1,0.12,0.07,0.15,0.17,0.11,0.1,0.1,0.03,0.1,0.12,0.12,0.08,0.11,9.72,1.5,2.41,3.7,2.3,3.11,4.41,3.11,10.78,Walking
33,0.12,0.13,0.1,0.11,0.1,0.08,0.12,0.1,0.08,0.1,0.11,0.09,0.08,0.11,0.08,0.12,0.09,0.12,0.11,0.1,0.11,0.14,0.11,0.09,0.05,0.12,0.12,0.11,0.08,0.1,9.74,1.52,2.2,3.5,2.08,2.82,4.22,2.82,10.62,Walking
33,0.1,0.16,0.08,0.1,0.09,0.11,0.1,0.11,0.1,0.08,0.12,0.1,0.1,0.1,0.09,0.09,0.11,0.08,0.08,0.14,0.15,0.12,0.08,0.09,0.08,0.1,0.1,0.12,0.07,0.11,9.52,1.53,2.16,3.82,2.27,2.83,4.59,2.83,10.5,Walking
33,0.13,0.08,0.1,0.14,0.11,0.08,0.09,0.06,0.07,0.05,0.09,0.1,0.09,0.09,0.1,0.13,0.08,0.08,0.09,0.06,0.15,0.07,0.09,0.12,0.05,0.08,0.07,0.06,0.05,0.16,8.17,1.44,1.83,3.06,2.26,2.73,4.21,2.73,9.27,Walking
29,0.18,0.13,0.1,0.12,0.05,0.08,0.11,0.1,0.09,0.07,0.1,0.09,0.04,0.11,0.1,0.1,0.11,0.13,0.11,0.12,0.16,0.17,0.08,0.08,0.05,0.06,0.12,0.13,0.09,0.09,9.42,-1.29,5.03,3.28,2.9,6.22,4.29,6.22,11.83,Walking
29,0.12,0.11,0.1,0.12,0.1,0.1,0.08,0.12,0.09,0.09,0.1,0.08,0.1,0.11,0.11,0.11,0.1,0.1,0.08,0.13,0.19,0.12,0.11,0.06,0.07,0.08,0.09,0.08,0.15,0.07,9.08,-1.45,5.57,3.21,2.9,6.71,4.28,6.71,11.82,Walking
29,0.13,0.1,0.09,0.07,0.1,0.12,0.1,0.1,0.08,0.13,0.13,0.07,0.13,0.1,0.06,0.1,0.11,0.09,0.16,0.07,0.11,0.17,0.09,0.11,0.09,0.04,0.06,0.11,0.14,0.09,8.74,-1.14,5.84,3.24,3.07,7.05,4.24,7.05,11.76,Walking
29,0.12,0.11,0.07,0.08,0.16,0.08,0.11,0.09,0.09,0.12,0.11,0.11,0.08,0.09,0.11,0.09,0.09,0.1,0.12,0.12,0.13,0.09,0.07,0.13,0.12,0.06,0.08,0.12,0.13,0.09,8.98,-1.08,5.74,3.28,2.95,6.86,4.29,6.86,11.74,Walking
29,0.13,0.08,0.1,0.11,0.11,0.13,0.09,0.11,0.07,0.1,0.06,0.16,0.11,0.08,0.09,0.13,0.1,0.11,0.09,0.1,0.13,0.07,0.12,0.08,0.04,0.13,0.13,0.16,0.11,0.07,8.95,-1.08,5.59,3.0,2.67,6.77,3.98,6.77,11.53,Walking
29,0.12,0.08,0.14,0.08,0.09,0.07,0.16,0.07,0.13,0.08,0.06,0.16,0.1,0.06,0.12,0.09,0.13,0.08,0.12,0.11,0.17,0.06,0.09,0.11,0.04,0.08,0.21,0.13,0.08,0.07,9.12,-1.26,5.54,3.16,2.59,6.64,4.11,6.64,11.67,Walking
29,0.1,0.12,0.09,0.09,0.1,0.11,0.11,0.15,0.08,0.08,0.1,0.14,0.07,0.11,0.11,0.06,0.11,0.12,0.09,0.1,0.11,0.09,0.07,0.14,0.08,0.1,0.12,0.12,0.1,0.1,8.75,-1.11,5.6,3.19,2.55,6.64,4.16,6.64,11.41,Walking
29,0.1,0.13,0.1,0.07,0.12,0.1,0.08,0.13,0.11,0.09,0.16,0.12,0.09,0.07,0.05,0.08,0.11,0.11,0.13,0.11,0.14,0.13,0.08,0.1,0.13,0.08,0.09,0.05,0.1,0.12,8.74,-1.11,5.73,3.46,3.03,6.84,4.37,6.84,11.68,Walking
29,0.05,0.13,0.06,0.09,0.1,0.18,0.08,0.13,0.09,0.1,0.1,0.13,0.12,0.09,0.04,0.1,0.13,0.12,0.09,0.1,0.04,0.1,0.1,0.18,0.11,0.14,0.07,0.07,0.09,0.13,8.75,-0.92,5.89,3.04,2.78,6.92,3.98,6.92,11.58,Walking
29,0.09,0.09,0.11,0.13,0.07,0.07,0.14,0.08,0.1,0.14,0.12,0.12,0.12,0.08,0.07,0.1,0.11,0.08,0.1,0.12,0.09,0.11,0.06,0.11,0.1,0.11,0.12,0.09,0.12,0.11,8.84,-0.74,5.93,3.42,3.04,7.07,4.43,7.07,11.86,Walking
29,0.11,0.09,0.12,0.12,0.12,0.08,0.08,0.07,0.11,0.13,0.11,0.09,0.13,0.11,0.08,0.1,0.12,0.09,0.09,0.11,0.09,0.1,0.11,0.13,0.09,0.1,0.11,0.08,0.06,0.16,8.81,-0.79,5.74,3.11,3.06,6.97,4.17,6.97,11.64,Walking
29,0.13,0.1,0.08,0.13,0.11,0.05,0.09,0.09,0.12,0.12,0.11,0.1,0.1,0.11,0.07,0.1,0.11,0.11,0.11,0.1,0.13,0.1,0.16,0.07,0.09,0.13,0.09,0.08,0.09,0.1,9.01,-1.17,5.7,3.27,2.89,6.95,4.33,6.95,11.85,Walking
29,0.11,0.08,0.13,0.09,0.11,0.11,0.1,0.08,0.11,0.1,0.1,0.09,0.1,0.1,0.11,0.1,0.11,0.09,0.1,0.11,0.09,0.11,0.1,0.1,0.09,0.09,0.12,0.1,0.15,0.07,9.03,-0.88,5.69,3.17,2.8,6.88,4.17,6.88,11.76,Walking
29,0.12,0.13,0.09,0.13,0.07,0.07,0.08,0.13,0.11,0.1,0.11,0.12,0.09,0.08,0.12,0.11,0.14,0.08,0.07,0.12,0.08,0.12,0.13,0.04,0.08,0.08,0.12,0.16,0.11,0.09,8.86,-0.86,5.58,3.13,2.73,6.77,4.19,6.77,11.58,Walking
29,0.09,0.1,0.13,0.11,0.12,0.08,0.09,0.12,0.12,0.08,0.09,0.11,0.1,0.07,0.15,0.07,0.12,0.08,0.13,0.1,0.06,0.09,0.12,0.1,0.14,0.09,0.14,0.09,0.09,0.1,9.02,-0.96,5.72,3.09,2.65,6.82,4.03,6.82,11.66,Walking
29,0.11,0.08,0.12,0.1,0.09,0.1,0.1,0.12,0.11,0.09,0.08,0.14,0.12,0.1,0.06,0.14,0.11,0.07,0.09,0.11,0.07,0.1,0.11,0.14,0.09,0.07,0.13,0.17,0.09,0.07,8.91,-0.98,5.8,3.11,2.6,6.95,4.14,6.95,11.62,Walking
29,0.1,0.06,0.15,0.13,0.08,0.12,0.08,0.11,0.11,0.09,0.09,0.1,0.09,0.13,0.13,0.1,0.11,0.12,0.06,0.1,0.08,0.12,0.08,0.12,0.11,0.11,0.1,0.16,0.09,0.06,8.8,-1.14,5.71,2.91,2.53,6.8,4.0,6.8,11.45,Walking
29,0.08,0.1,0.12,0.08,0.12,0.1,0.11,0.1,0.07,0.13,0.08,0.09,0.09,0.14,0.09,0.16,0.09,0.1,0.09,0.1,0.13,0.1,0.09,0.1,0.14,0.08,0.08,0.11,0.11,0.09,8.94,-1.03,5.85,2.89,2.9,7.07,3.94,7.07,11.77,Walking
29,0.09,0.1,0.11,0.12,0.08,0.08,0.14,0.07,0.12,0.12,0.12,0.08,0.1,0.1,0.16,0.1,0.05,0.13,0.1,0.09,0.1,0.13,0.09,0.09,0.12,0.11,0.11,0.06,0.09,0.13,8.82,-0.94,5.84,3.14,2.99,7.0,4.15,7.0,11.74,Walking
29,0.08,0.13,0.09,0.1,0.12,0.1,0.09,0.08,0.12,0.12,0.09,0.11,0.09,0.11,0.15,0.13,0.07,0.07,0.1,0.09,0.07,0.12,0.12,0.11,0.08,0.15,0.08,0.08,0.12,0.1,8.71,-0.97,5.87,2.88,2.78,7.02,3.93,7.02,11.55,Walking
29,0.1,0.11,0.09,0.1,0.12,0.1,0.08,0.1,0.12,0.11,0.12,0.07,0.11,0.09,0.11,0.09,0.12,0.09,0.11,0.1,0.08,0.1,0.09,0.15,0.13,0.12,0.07,0.07,0.08,0.13,8.86,-0.94,5.81,3.16,2.96,7.04,4.15,7.04,11.73,Walking
29,0.08,0.07,0.1,0.1,0.11,0.14,0.1,0.11,0.11,0.1,0.09,0.08,0.13,0.14,0.08,0.09,0.08,0.14,0.1,0.08,0.07,0.08,0.11,0.11,0.13,0.16,0.07,0.07,0.11,0.12,8.79,-0.78,5.84,2.86,2.89,6.86,3.77,6.86,11.53,Walking
29,0.08,0.09,0.1,0.08,0.12,0.12,0.11,0.11,0.08,0.14,0.1,0.07,0.11,0.09,0.12,0.13,0.12,0.08,0.13,0.09,0.1,0.07,0.11,0.11,0.13,0.1,0.1,0.09,0.1,0.11,8.98,-0.99,6.05,2.92,2.82,7.15,3.91,7.15,11.82,Walking
29,0.12,0.1,0.07,0.08,0.11,0.1,0.09,0.12,0.11,0.14,0.12,0.07,0.12,0.15,0.06,0.11,0.13,0.05,0.1,0.1,0.12,0.09,0.09,0.09,0.12,0.13,0.05,0.11,0.11,0.13,8.77,-0.77,5.94,3.09,3.19,7.15,4.17,7.15,11.8,Walking
29,0.07,0.1,0.11,0.12,0.09,0.09,0.1,0.08,0.13,0.14,0.11,0.1,0.12,0.09,0.07,0.12,0.09,0.16,0.08,0.1,0.09,0.12,0.07,0.15,0.14,0.12,0.06,0.06,0.06,0.17,8.75,-0.81,6.1,2.96,3.17,7.25,3.91,7.25,11.82,Walking
29,0.08,0.1,0.13,0.13,0.07,0.12,0.09,0.07,0.12,0.1,0.11,0.08,0.14,0.08,0.09,0.09,0.13,0.09,0.13,0.09,0.08,0.15,0.08,0.1,0.09,0.08,0.14,0.1,0.09,0.13,8.84,-0.76,5.69,3.08,2.94,6.84,4.01,6.84,11.57,Walking
29,0.12,0.13,0.09,0.06,0.1,0.11,0.11,0.09,0.1,0.1,0.09,0.09,0.08,0.07,0.16,0.13,0.1,0.1,0.12,0.08,0.07,0.12,0.08,0.12,0.07,0.12,0.14,0.09,0.09,0.11,8.99,-0.86,5.48,2.88,2.82,6.74,3.88,6.74,11.63,Walking
29,0.09,0.1,0.12,0.1,0.08,0.07,0.14,0.12,0.1,0.1,0.12,0.09,0.08,0.1,0.1,0.1,0.08,0.14,0.12,0.09,0.09,0.11,0.11,0.11,0.06,0.11,0.12,0.13,0.11,0.08,8.94,-0.89,5.76,3.18,2.79,6.9,4.12,6.9,11.69,Walking
29,0.07,0.06,0.14,0.08,0.14,0.13,0.1,0.11,0.12,0.07,0.06,0.13,0.11,0.12,0.12,0.08,0.11,0.15,0.05,0.11,0.05,0.08,0.1,0.12,0.11,0.16,0.08,0.11,0.11,0.11,8.84,-0.71,5.78,2.79,2.73,6.73,3.7,6.73,11.47,Walking
29,0.08,0.1,0.09,0.09,0.08,0.18,0.15,0.1,0.09,0.06,0.08,0.12,0.11,0.1,0.1,0.13,0.09,0.09,0.13,0.07,0.08,0.03,0.08,0.11,0.13,0.11,0.13,0.12,0.12,0.11,8.77,-0.52,5.47,2.78,2.74,6.38,3.73,6.38,11.31,Walking
29,0.0,0.0,0.01,0.0,0.0,0.0,0.0,0.0,0.0,0.0,0.0,0.0,0.0,0.0,0.0,0.0,0.01,0.0,0.0,0.0,0.0,0.0,0.0,0.0,0.0,0.0,0.0,0.01,0.0,0.0,0.05,0.0,0.01,0.05,0.0,3.85,9.91,3.85,0.05,Walking
29,0.15,0.14,0.09,0.07,0.11,0.09,0.05,0.04,0.12,0.11,0.13,0.05,0.12,0.2,0.04,0.09,0.11,0.07,0.07,0.0,0.28,0.09,0.11,0.06,0.09,0.06,0.08,0.12,0.07,0.06,6.7,-2.69,8.52,7.68,3.74,10.89,8.78,10.89,14.33,Jogging
29,0.05,0.15,0.11,0.13,0.1,0.06,0.07,0.09,0.16,0.09,0.12,0.12,0.14,0.08,0.08,0.1,0.09,0.09,0.05,0.0,0.17,0.15,0.1,0.1,0.1,0.07,0.13,0.07,0.07,0.08,6.64,-2.21,8.48,7.86,3.44,10.78,8.87,10.78,14.25,Jogging
29,0.11,0.12,0.12,0.09,0.09,0.09,0.09,0.1,0.1,0.12,0.11,0.13,0.08,0.16,0.06,0.12,0.04,0.11,0.1,0.0,0.12,0.09,0.13,0.12,0.05,0.1,0.11,0.13,0.07,0.1,6.82,-1.25,8.46,7.73,3.56,10.6,8.69,10.6,13.91,Jogging
29,0.05,0.16,0.12,0.11,0.09,0.07,0.08,0.08,0.14,0.11,0.1,0.12,0.11,0.08,0.11,0.08,0.1,0.07,0.1,0.0,0.18,0.14,0.12,0.08,0.05,0.1,0.14,0.05,0.07,0.09,7.45,-1.94,8.6,7.94,3.63,10.94,8.88,10.94,14.64,Jogging
29,0.08,0.07,0.1,0.12,0.11,0.09,0.12,0.09,0.1,0.09,0.11,0.09,0.1,0.08,0.08,0.1,0.12,0.08,0.15,0.0,0.1,0.11,0.11,0.1,0.08,0.08,0.12,0.09,0.13,0.1,7.79,-1.04,9.13,7.84,3.61,11.1,8.94,11.1,14.98,Jogging
29,0.11,0.1,0.13,0.16,0.07,0.07,0.07,0.1,0.13,0.07,0.12,0.15,0.08,0.06,0.09,0.1,0.11,0.09,0.11,0.0,0.11,0.12,0.13,0.12,0.11,0.09,0.09,0.07,0.08,0.1,7.07,-1.64,8.02,8.04,3.47,10.24,9.1,10.24,14.13,Jogging
29,0.1,0.08,0.12,0.08,0.13,0.09,0.13,0.11,0.1,0.07,0.13,0.07,0.14,0.08,0.12,0.09,0.1,0.11,0.08,0.0,0.06,0.08,0.17,0.1,0.04,0.17,0.11,0.11,0.07,0.11,6.94,-1.02,8.44,7.45,3.21,10.32,8.44,10.32,13.55,Jogging
29,0.1,0.09,0.11,0.07,0.1,0.14,0.08,0.09,0.13,0.1,0.1,0.09,0.1,0.1,0.14,0.09,0.09,0.09,0.09,0.0,0.15,0.1,0.1,0.08,0.1,0.1,0.11,0.1,0.1,0.09,7.51,-1.35,8.96,7.65,3.48,10.99,8.65,10.99,14.4,Jogging
29,0.14,0.12,0.12,0.11,0.04,0.09,0.06,0.12,0.06,0.13,0.14,0.08,0.13,0.1,0.09,0.11,0.05,0.1,0.1,0.0,0.16,0.1,0.12,0.07,0.1,0.09,0.09,0.09,0.13,0.08,6.82,-1.64,8.48,7.8,3.61,10.78,8.88,10.78,14.2,Jogging
29,0.08,0.13,0.13,0.07,0.09,0.11,0.07,0.12,0.1,0.1,0.12,0.08,0.1,0.12,0.11,0.08,0.1,0.09,0.09,0.0,0.11,0.14,0.09,0.14,0.09,0.11,0.09,0.08,0.09,0.08,7.28,-1.57,8.39,7.65,3.29,10.61,8.72,10.61,14.03,Jogging
29,0.09,0.09,0.12,0.14,0.08,0.1,0.1,0.13,0.09,0.05,0.1,0.08,0.12,0.1,0.11,0.11,0.12,0.11,0.09,0.0,0.11,0.07,0.1,0.11,0.07,0.13,0.12,0.1,0.11,0.11,7.01,-0.97,8.12,7.4,3.29,10.17,8.45,10.17,13.52,Jogging
29,0.07,0.09,0.1,0.12,0.1,0.12,0.14,0.09,0.09,0.1,0.06,0.12,0.11,0.1,0.12,0.09,0.09,0.16,0.11,0.0,0.04,0.09,0.08,0.12,0.1,0.14,0.13,0.08,0.13,0.11,7.74,-0.48,8.55,7.46,3.23,10.38,8.36,10.38,13.99,Jogging
29,0.1,0.12,0.09,0.11,0.13,0.07,0.05,0.1,0.13,0.12,0.09,0.13,0.1,0.11,0.06,0.13,0.09,0.08,0.11,0.0,0.08,0.14,0.12,0.07,0.08,0.14,0.06,0.09,0.14,0.09,7.51,-0.96,8.8,7.71,3.66,10.96,8.7,10.96,14.55,Jogging
29,0.12,0.12,0.11,0.06,0.12,0.13,0.08,0.1,0.09,0.09,0.13,0.08,0.13,0.08,0.13,0.08,0.14,0.1,0.1,0.0,0.11,0.12,0.11,0.08,0.12,0.08,0.11,0.08,0.13,0.08,6.65,-1.28,8.16,7.38,3.43,10.2,8.55,10.2,13.53,Jogging
29,0.09,0.09,0.13,0.09,0.13,0.09,0.12,0.1,0.07,0.11,0.13,0.11,0.11,0.08,0.12,0.1,0.13,0.08,0.08,0.0,0.1,0.09,0.08,0.06,0.14,0.11,0.14,0.12,0.1,0.08,6.49,-1.08,8.3,7.42,3.19,10.37,8.56,10.37,13.4,Jogging
29,0.1,0.12,0.11,0.09,0.05,0.11,0.12,0.08,0.12,0.13,0.07,0.1,0.09,0.09,0.09,0.09,0.13,0.11,0.11,0.0,0.1,0.1,0.1,0.18,0.1,0.09,0.1,0.06,0.09,0.11,8.62,-1.26,8.94,7.65,3.54,11.13,8.61,11.13,15.28,Jogging
29,0.11,0.1,0.06,0.1,0.07,0.13,0.15,0.12,0.08,0.09,0.1,0.11,0.12,0.07,0.08,0.09,0.11,0.14,0.11,0.0,0.05,0.07,0.06,0.18,0.1,0.12,0.13,0.1,0.13,0.09,7.59,-0.63,8.86,7.75,3.17,10.63,8.61,10.63,14.22,Jogging
29,0.12,0.14,0.12,0.09,0.07,0.09,0.1,0.1,0.12,0.07,0.1,0.15,0.11,0.12,0.06,0.12,0.06,0.12,0.1,0.0,0.11,0.09,0.13,0.09,0.1,0.1,0.09,0.14,0.07,0.11,6.73,-1.13,7.93,7.61,3.5,10.09,8.61,10.09,13.36,Jogging
29,0.12,0.11,0.07,0.11,0.12,0.14,0.06,0.11,0.09,0.08,0.09,0.13,0.1,0.11,0.08,0.11,0.12,0.1,0.06,0.0,0.11,0.13,0.08,0.05,0.19,0.11,0.07,0.09,0.1,0.09,7.04,-1.37,8.02,7.47,3.26,9.97,8.51,9.97,13.59,Jogging
29,0.11,0.11,0.11,0.08,0.08,0.09,0.11,0.09,0.17,0.08,0.09,0.1,0.09,0.13,0.13,0.1,0.06,0.1,0.1,0.0,0.12,0.09,0.05,0.08,0.12,0.08,0.12,0.11,0.11,0.14,7.13,-0.46,8.75,7.31,3.92,10.78,8.38,10.78,14.2,Jogging
29,0.11,0.09,0.14,0.07,0.11,0.07,0.12,0.14,0.12,0.06,0.13,0.09,0.06,0.09,0.07,0.11,0.12,0.1,0.16,0.0,0.08,0.07,0.14,0.14,0.1,0.11,0.06,0.13,0.07,0.14,8.17,-0.73,8.52,7.84,3.77,10.5,8.81,10.5,14.83,Jogging
29,0.12,0.07,0.07,0.1,0.12,0.1,0.14,0.14,0.08,0.07,0.07,0.09,0.08,0.08,0.14,0.12,0.14,0.08,0.11,0.0,0.04,0.09,0.13,0.11,0.1,0.07,0.1,0.11,0.1,0.18,7.87,-0.11,8.75,7.1,3.88,10.48,8.24,10.48,14.26,Jogging
29,0.1,0.06,0.09,0.08,0.13,0.17,0.11,0.12,0.06,0.09,0.08,0.09,0.08,0.12,0.12,0.08,0.19,0.09,0.1,0.0,0.07,0.06,0.08,0.14,0.09,0.12,0.1,0.1,0.18,0.1,7.55,-0.35,8.77,6.97,3.41,10.47,8.02,10.47,13.87,Jogging
29,0.09,0.06,0.1,0.14,0.13,0.11,0.17,0.08,0.05,0.07,0.12,0.11,0.1,0.09,0.1,0.09,0.07,0.15,0.09,0.0,0.08,0.03,0.09,0.11,0.13,0.08,0.08,0.14,0.15,0.13,7.25,-0.1,8.29,7.86,3.55,10.06,8.82,10.06,13.8,Jogging
29,0.12,0.06,0.13,0.09,0.11,0.08,0.12,0.13,0.1,0.05,0.06,0.14,0.11,0.09,0.15,0.1,0.08,0.1,0.12,0.0,0.03,0.12,0.1,0.11,0.13,0.07,0.11,0.16,0.08,0.1,6.88,-0.73,8.45,7.03,3.18,10.41,8.12,10.41,13.25,Jogging
29,0.1,0.07,0.06,0.14,0.12,0.13,0.13,0.1,0.06,0.07,0.07,0.09,0.09,0.09,0.15,0.1,0.09,0.11,0.11,0.0,0.08,0.11,0.11,0.05,0.09,0.11,0.1,0.12,0.14,0.11,7.95,-0.61,8.67,7.2,3.67,10.41,8.31,10.41,14.24,Jogging
29,0.09,0.06,0.11,0.12,0.12,0.14,0.16,0.07,0.08,0.05,0.1,0.09,0.1,0.11,0.14,0.11,0.08,0.13,0.11,0.0,0.07,0.09,0.12,0.08,0.17,0.11,0.06,0.1,0.1,0.12,7.16,-0.85,8.04,7.18,3.38,9.74,8.27,9.74,13.46,Jogging
29,0.08,0.03,0.04,0.09,0.12,0.1,0.06,0.06,0.05,0.04,0.05,0.04,0.03,0.07,0.09,0.14,0.1,0.08,0.04,0.0,0.03,0.03,0.08,0.04,0.08,0.11,0.07,0.08,0.1,0.06,5.03,-0.23,5.31,4.13,1.95,9.69,7.76,9.69,8.62,Jogging
29,0.16,0.12,0.12,0.07,0.08,0.11,0.09,0.1,0.09,0.09,0.15,0.12,0.09,0.07,0.09,0.09,0.11,0.09,0.1,0.09,0.13,0.11,0.1,0.08,0.07,0.08,0.15,0.08,0.12,0.09,9.87,-0.84,3.88,3.73,2.73,5.05,4.73,5.05,11.61,Walking
29,0.12,0.11,0.07,0.1,0.06,0.14,0.11,0.12,0.1,0.1,0.15,0.07,0.11,0.09,0.06,0.11,0.08,0.11,0.11,0.12,0.13,0.13,0.14,0.08,0.07,0.07,0.06,0.09,0.13,0.14,9.92,-0.59,3.97,3.59,3.08,5.01,4.5,5.01,11.76,Walking
29,0.12,0.09,0.09,0.09,0.1,0.12,0.1,0.08,0.09,0.13,0.11,0.12,0.1,0.11,0.09,0.05,0.08,0.14,0.09,0.13,0.11,0.1,0.12,0.09,0.06,0.11,0.13,0.11,0.1,0.09,10.01,-0.72,4.09,3.61,2.65,5.36,4.49,5.36,11.78,Walking
29,0.14,0.13,0.1,0.07,0.1,0.08,0.09,0.1,0.1,0.12,0.14,0.09,0.1,0.09,0.05,0.09,0.1,0.12,0.09,0.12,0.12,0.07,0.09,0.12,0.09,0.1,0.1,0.14,0.09,0.1,10.03,-0.87,4.07,3.71,2.48,5.3,4.64,5.3,11.74,Walking
29,0.12,0.15,0.08,0.08,0.11,0.05,0.13,0.11,0.1,0.1,0.14,0.08,0.07,0.15,0.09,0.09,0.06,0.14,0.08,0.12,0.11,0.07,0.11,0.1,0.09,0.06,0.19,0.13,0.08,0.09,10.06,-0.86,3.98,3.52,2.28,5.12,4.47,5.12,11.66,Walking
29,0.13,0.07,0.11,0.14,0.08,0.11,0.09,0.09,0.07,0.13,0.13,0.1,0.09,0.12,0.09,0.07,0.11,0.1,0.1,0.11,0.1,0.12,0.06,0.07,0.09,0.12,0.17,0.11,0.1,0.09,9.82,-0.78,3.9,3.44,2.37,5.15,4.36,5.15,11.49,Walking
29,0.14,0.09,0.1,0.06,0.07,0.13,0.09,0.13,0.08,0.13,0.13,0.09,0.09,0.13,0.09,0.08,0.08,0.11,0.11,0.12,0.13,0.09,0.1,0.07,0.08,0.07,0.15,0.12,0.1,0.11,10.0,-0.74,4.28,3.47,2.55,5.42,4.4,5.42,11.84,Walking
29,0.11,0.12,0.09,0.05,0.11,0.11,0.1,0.09,0.15,0.08,0.16,0.12,0.11,0.07,0.05,0.07,0.1,0.11,0.13,0.1,0.11,0.08,0.07,0.11,0.12,0.14,0.08,0.14,0.1,0.08,9.86,-0.88,4.02,3.77,2.47,5.18,4.61,5.18,11.6,Walking
29,0.12,0.08,0.12,0.08,0.09,0.13,0.09,0.11,0.1,0.1,0.11,0.11,0.11,0.1,0.07,0.08,0.11,0.15,0.12,0.05,0.09,0.09,0.08,0.14,0.13,0.05,0.13,0.1,0.12,0.09,9.92,-0.76,3.95,3.2,2.46,5.16,4.06,5.16,11.54,Walking
29,0.12,0.09,0.09,0.07,0.11,0.1,0.11,0.09,0.12,0.12,0.1,0.08,0.12,0.14,0.06,0.08,0.15,0.11,0.08,0.09,0.09,0.07,0.13,0.14,0.12,0.1,0.06,0.11,0.09,0.11,9.93,-0.74,4.13,3.16,2.65,5.24,4.16,5.24,11.67,Walking
29,0.13,0.08,0.13,0.07,0.07,0.11,0.09,0.12,0.13,0.09,0.1,0.12,0.09,0.11,0.1,0.09,0.08,0.1,0.11,0.12,0.11,0.1,0.14,0.09,0.09,0.1,0.08,0.09,0.1,0.11,10.06,-0.73,3.96,3.42,2.72,5.02,4.38,5.02,11.72,Walking
29,0.12,0.09,0.12,0.11,0.08,0.07,0.08,0.14,0.11,0.1,0.08,0.1,0.11,0.09,0.1,0.13,0.12,0.07,0.1,0.11,0.1,0.09,0.12,0.1,0.13,0.08,0.07,0.11,0.12,0.1,10.15,-0.7,3.92,3.09,2.6,5.08,4.09,5.08,11.73,Walking
29,0.02,0.1,0.12,0.11,0.17,0.14,0.1,0.1,0.09,0.07,0.05,0.13,0.14,0.07,0.12,0.14,0.09,0.13,0.08,0.08,0.09,0.11,0.1,0.09,0.11,0.1,0.1,0.14,0.11,0.08,9.98,-0.76,3.29,2.77,2.4,4.35,3.66,4.35,11.24,Walking
29,0.1,0.1,0.09,0.1,0.1,0.1,0.13,0.09,0.11,0.09,0.06,0.15,0.08,0.12,0.13,0.1,0.09,0.12,0.06,0.11,0.12,0.1,0.09,0.09,0.09,0.12,0.11,0.12,0.09,0.1,10.06,-0.77,3.84,3.07,2.55,4.93,4.05,4.93,11.62,Walking
29,0.1,0.12,0.09,0.09,0.11,0.09,0.08,0.12,0.12,0.1,0.11,0.13,0.06,0.11,0.13,0.1,0.1,0.07,0.11,0.1,0.13,0.08,0.07,0.09,0.1,0.1,0.11,0.16,0.08,0.1,9.93,-0.75,4.0,3.25,2.45,5.16,4.18,5.16,11.57,Walking
29,0.12,0.1,0.09,0.13,0.09,0.1,0.09,0.12,0.11,0.08,0.06,0.13,0.08,0.09,0.14,0.13,0.08,0.09,0.1,0.11,0.14,0.1,0.09,0.06,0.07,0.12,0.14,0.14,0.13,0.04,10.16,-0.81,3.86,3.09,2.43,5.03,4.06,5.03,11.68,Walking
29,0.1,0.07,0.11,0.12,0.11,0.11,0.09,0.12,0.08,0.11,0.06,0.14,0.09,0.1,0.13,0.1,0.09,0.1,0.12,0.09,0.06,0.13,0.1,0.14,0.1,0.08,0.1,0.11,0.11,0.1,10.07,-0.77,3.73,3.11,2.52,4.92,3.97,4.92,11.6,Walking
29,0.1,0.08,0.13,0.11,0.11,0.09,0.08,0.09,0.1,0.13,0.12,0.09,0.14,0.1,0.09,0.13,0.05,0.11,0.09,0.11,0.14,0.13,0.08,0.09,0.12,0.09,0.08,0.07,0.09,0.14,9.86,-0.84,4.01,3.36,2.88,5.42,4.35,5.42,11.72,Walking
29,0.13,0.09,0.11,0.07,0.09,0.11,0.1,0.1,0.12,0.1,0.12,0.07,0.09,0.1,0.11,0.12,0.1,0.09,0.1,0.11,0.12,0.12,0.09,0.11,0.12,0.12,0.06,0.09,0.08,0.12,10.1,-0.83,3.98,3.21,2.74,5.12,4.17,5.12,11.77,Walking
29,0.07,0.1,0.12,0.12,0.1,0.09,0.12,0.08,0.1,0.13,0.11,0.08,0.09,0.1,0.13,0.13,0.09,0.09,0.08,0.12,0.1,0.09,0.11,0.09,0.11,0.13,0.09,0.07,0.12,0.11,10.05,-0.71,3.86,3.09,2.63,5.11,4.03,5.11,11.63,Walking
29,0.06,0.12,0.08,0.14,0.12,0.07,0.11,0.11,0.1,0.1,0.11,0.07,0.11,0.13,0.07,0.15,0.1,0.09,0.12,0.08,0.09,0.09,0.11,0.11,0.12,0.11,0.07,0.08,0.1,0.14,10.06,-0.62,3.78,3.06,2.84,4.99,4.0,4.99,11.65,Walking
29,0.1,0.1,0.11,0.09,0.12,0.1,0.09,0.1,0.1,0.11,0.12,0.05,0.13,0.11,0.1,0.1,0.12,0.07,0.12,0.07,0.08,0.13,0.08,0.1,0.11,0.11,0.09,0.11,0.09,0.11,9.92,-0.71,3.8,3.14,2.69,5.02,4.13,5.02,11.52,Walking
29,0.08,0.1,0.14,0.13,0.11,0.06,0.09,0.08,0.1,0.12,0.11,0.09,0.12,0.07,0.1,0.1,0.08,0.15,0.12,0.08,0.09,0.12,0.13,0.08,0.09,0.14,0.07,0.08,0.07,0.14,10.03,-0.74,3.79,3.26,2.71,5.17,4.13,5.17,11.67,Walking
29,0.07,0.08,0.12,0.18,0.09,0.08,0.09,0.09,0.13,0.11,0.11,0.06,0.1,0.11,0.1,0.13,0.14,0.08,0.11,0.07,0.09,0.13,0.13,0.07,0.09,0.14,0.07,0.08,0.09,0.12,9.97,-0.7,3.83,3.0,2.8,5.15,3.98,5.15,11.63,Walking
29,0.1,0.08,0.11,0.14,0.1,0.07,0.11,0.08,0.09,0.13,0.12,0.1,0.11,0.09,0.08,0.11,0.1,0.09,0.12,0.08,0.14,0.12,0.08,0.11,0.08,0.11,0.06,0.09,0.13,0.12,9.96,-0.69,3.92,3.34,2.97,5.19,4.28,5.19,11.73,Walking
29,0.08,0.14,0.12,0.1,0.07,0.07,0.11,0.1,0.13,0.11,0.08,0.12,0.11,0.09,0.11,0.09,0.12,0.07,0.13,0.1,0.1,0.12,0.12,0.11,0.11,0.09,0.08,0.08,0.09,0.12,10.08,-0.73,3.91,3.22,2.89,5.14,4.1,5.14,11.76,Walking
29,0.1,0.09,0.11,0.11,0.08,0.15,0.08,0.08,0.09,0.12,0.12,0.06,0.1,0.11,0.11,0.1,0.1,0.13,0.12,0.09,0.08,0.09,0.1,0.12,0.09,0.12,0.14,0.07,0.12,0.11,10.06,-0.61,3.91,3.11,2.61,5.23,4.02,5.23,11.68,Walking
29,0.1,0.1,0.07,0.09,0.12,0.11,0.13,0.12,0.08,0.11,0.09,0.1,0.13,0.11,0.09,0.1,0.13,0.08,0.11,0.08,0.08,0.08,0.09,0.1,0.15,0.12,0.12,0.07,0.11,0.11,9.9,-0.72,3.97,3.05,2.48,5.1,3.94,5.1,11.46,Walking
29,0.07,0.1,0.11,0.08,0.13,0.11,0.11,0.15,0.1,0.07,0.06,0.13,0.08,0.11,0.12,0.12,0.11,0.14,0.08,0.08,0.04,0.07,0.17,0.13,0.08,0.14,0.07,0.12,0.1,0.1,10.02,-0.67,3.59,2.75,2.43,4.59,3.61,4.59,11.36,Walking
29,0.04,0.09,0.08,0.12,0.12,0.16,0.12,0.14,0.1,0.05,0.02,0.15,0.11,0.09,0.14,0.15,0.09,0.13,0.08,0.08,0.06,0.06,0.11,0.09,0.15,0.15,0.12,0.07,0.09,0.13,10.1,-0.65,3.44,2.6,2.39,4.27,3.38,4.27,11.31,Walking
29,0.03,0.1,0.08,0.08,0.14,0.15,0.14,0.06,0.07,0.06,0.02,0.14,0.1,0.1,0.11,0.1,0.11,0.09,0.11,0.05,0.06,0.04,0.08,0.1,0.13,0.12,0.11,0.1,0.13,0.05,8.84,-0.72,2.89,2.31,1.94,4.09,3.39,4.09,9.84,Walking
29,0.13,0.11,0.09,0.11,0.13,0.11,0.08,0.06,0.1,0.11,0.1,0.11,0.09,0.13,0.11,0.13,0.1,0.11,0.07,0.0,0.11,0.08,0.1,0.09,0.11,0.1,0.17,0.09,0.07,0.1,7.01,-0.84,7.79,6.89,3.31,9.8,7.98,9.8,13.14,Jogging
29,0.13,0.17,0.08,0.07,0.06,0.08,0.07,0.08,0.15,0.13,0.14,0.09,0.09,0.1,0.06,0.13,0.1,0.08,0.11,0.0,0.14,0.14,0.17,0.08,0.11,0.09,0.07,0.09,0.06,0.08,7.88,-1.8,8.46,7.78,3.51,10.64,8.81,10.64,14.67,Jogging
29,0.12,0.1,0.12,0.1,0.12,0.05,0.02,0.07,0.15,0.15,0.12,0.12,0.1,0.1,0.06,0.09,0.12,0.06,0.06,0.0,0.12,0.15,0.16,0.1,0.08,0.1,0.1,0.04,0.07,0.1,7.68,-1.42,8.66,7.98,3.69,10.96,8.88,10.96,14.82,Jogging
29,0.12,0.13,0.1,0.08,0.06,0.1,0.12,0.11,0.09,0.13,0.08,0.12,0.11,0.12,0.07,0.08,0.11,0.06,0.13,0.0,0.12,0.13,0.13,0.07,0.13,0.08,0.14,0.04,0.1,0.09,8.1,-1.26,8.44,7.86,3.6,10.46,8.74,10.46,14.63,Jogging
29,0.12,0.14,0.09,0.1,0.07,0.04,0.09,0.15,0.1,0.09,0.12,0.08,0.09,0.11,0.07,0.09,0.1,0.09,0.12,0.0,0.13,0.12,0.11,0.13,0.08,0.09,0.09,0.1,0.08,0.09,8.56,-1.42,8.63,8.06,3.58,10.75,9.0,10.75,15.16,Jogging
29,0.13,0.12,0.07,0.08,0.08,0.09,0.1,0.08,0.09,0.17,0.11,0.11,0.08,0.1,0.12,0.07,0.08,0.09,0.14,0.0,0.1,0.11,0.07,0.11,0.14,0.12,0.07,0.08,0.08,0.13,7.81,-0.56,9.2,7.93,3.9,11.19,8.92,11.19,15.16,Jogging
29,0.11,0.09,0.11,0.06,0.12,0.08,0.07,0.1,0.12,0.15,0.1,0.12,0.11,0.1,0.08,0.11,0.11,0.08,0.09,0.0,0.14,0.13,0.1,0.08,0.1,0.08,0.08,0.09,0.08,0.14,7.54,-0.78,9.08,7.68,4.23,11.15,8.68,11.15,14.95,Jogging
29,0.08,0.08,0.1,0.11,0.13,0.13,0.09,0.14,0.05,0.1,0.08,0.12,0.1,0.07,0.11,0.13,0.12,0.08,0.12,0.0,0.1,0.1,0.06,0.12,0.08,0.07,0.09,0.16,0.12,0.12,7.74,-0.28,8.33,7.23,3.83,10.19,8.33,10.19,14.1,Jogging
29,0.11,0.07,0.12,0.12,0.09,0.12,0.09,0.1,0.11,0.08,0.1,0.08,0.12,0.12,0.12,0.11,0.08,0.07,0.15,0.0,0.12,0.11,0.09,0.11,0.08,0.12,0.1,0.08,0.15,0.08,7.39,-1.02,8.19,7.26,3.55,10.12,8.37,10.12,13.69,Jogging
29,0.06,0.07,0.11,0.13,0.18,0.12,0.1,0.12,0.06,0.07,0.09,0.11,0.11,0.12,0.1,0.11,0.1,0.09,0.09,0.0,0.08,0.06,0.11,0.11,0.08,0.11,0.14,0.1,0.14,0.09,7.25,-0.39,7.84,7.42,3.4,9.56,8.47,9.56,13.3,Jogging
29,0.08,0.11,0.12,0.11,0.08,0.09,0.11,0.09,0.12,0.1,0.11,0.07,0.12,0.08,0.16,0.07,0.11,0.07,0.1,0.0,0.09,0.12,0.11,0.11,0.07,0.11,0.11,0.14,0.08,0.08,7.6,-1.04,8.31,7.5,3.38,10.34,8.56,10.34,13.92,Jogging
29,0.11,0.14,0.07,0.12,0.15,0.08,0.09,0.1,0.08,0.08,0.06,0.17,0.11,0.13,0.12,0.08,0.1,0.04,0.1,0.0,0.14,0.07,0.06,0.15,0.07,0.15,0.09,0.14,0.06,0.1,6.67,-0.9,7.73,7.24,3.52,9.63,8.33,9.63,13.06,Jogging
29,0.09,0.1,0.09,0.1,0.09,0.1,0.12,0.1,0.12,0.09,0.08,0.11,0.11,0.1,0.08,0.13,0.09,0.13,0.11,0.0,0.08,0.09,0.13,0.09,0.12,0.12,0.06,0.06,0.09,0.19,7.94,-0.15,8.82,7.31,4.05,10.7,8.29,10.7,14.67,Jogging
29,0.08,0.13,0.09,0.09,0.09,0.13,0.07,0.1,0.1,0.13,0.12,0.09,0.11,0.07,0.09,0.1,0.12,0.14,0.05,0.0,0.1,0.1,0.08,0.12,0.14,0.08,0.12,0.08,0.09,0.11,8.16,-0.83,8.9,7.69,3.4,10.95,8.69,10.95,14.8,Jogging
29,0.09,0.12,0.1,0.12,0.1,0.05,0.14,0.13,0.11,0.05,0.13,0.1,0.09,0.11,0.07,0.1,0.12,0.11,0.07,0.0,0.09,0.08,0.09,0.1,0.14,0.09,0.1,0.11,0.11,0.12,7.62,-0.5,8.02,7.7,3.58,9.93,8.63,9.93,13.91,Jogging
29,0.07,0.1,0.16,0.08,0.1,0.12,0.09,0.08,0.05,0.16,0.14,0.09,0.08,0.1,0.13,0.07,0.11,0.1,0.12,0.0,0.09,0.12,0.07,0.1,0.12,0.12,0.1,0.1,0.09,0.11,7.2,-0.65,8.29,7.59,3.48,10.58,8.67,10.58,13.97,Jogging
29,0.12,0.15,0.09,0.09,0.05,0.13,0.08,0.05,0.12,0.14,0.1,0.09,0.12,0.08,0.09,0.12,0.09,0.1,0.12,0.0,0.16,0.13,0.1,0.08,0.09,0.11,0.09,0.1,0.06,0.11,7.91,-1.3,8.53,7.55,3.82,10.74,8.55,10.74,14.71,Jogging
29,0.1,0.08,0.15,0.06,0.1,0.09,0.16,0.05,0.13,0.1,0.1,0.09,0.07,0.12,0.1,0.14,0.1,0.12,0.08,0.0,0.09,0.13,0.09,0.09,0.11,0.11,0.11,0.07,0.13,0.1,7.87,-0.84,8.49,7.24,3.49,10.41,8.36,10.41,14.34,Jogging
29,0.11,0.07,0.06,0.12,0.12,0.13,0.14,0.14,0.06,0.07,0.09,0.07,0.13,0.11,0.1,0.12,0.12,0.12,0.08,0.0,0.07,0.11,0.08,0.14,0.15,0.07,0.1,0.11,0.12,0.07,7.75,-0.93,8.33,6.91,3.17,9.85,7.95,9.85,13.69,Jogging
29,0.09,0.09,0.09,0.13,0.07,0.14,0.11,0.09,0.13,0.07,0.11,0.12,0.1,0.08,0.11,0.07,0.15,0.12,0.09,0.0,0.08,0.09,0.09,0.08,0.13,0.07,0.1,0.17,0.12,0.09,7.55,-0.24,8.45,7.58,3.54,10.25,8.49,10.25,14.11,Jogging
29,0.08,0.09,0.08,0.12,0.12,0.09,0.14,0.17,0.06,0.08,0.12,0.05,0.12,0.1,0.11,0.1,0.08,0.16,0.08,0.0,0.09,0.1,0.1,0.12,0.09,0.08,0.12,0.07,0.11,0.13,7.73,-0.42,8.5,7.57,3.93,10.16,8.64,10.16,14.68,Jogging
29,0.13,0.1,0.1,0.09,0.09,0.13,0.13,0.08,0.1,0.08,0.13,0.11,0.09,0.12,0.11,0.13,0.08,0.04,0.13,0.0,0.09,0.09,0.14,0.13,0.11,0.12,0.08,0.08,0.11,0.08,6.77,-1.21,8.05,7.15,3.27,9.84,8.44,9.84,13.34,Jogging
29,0.09,0.08,0.12,0.12,0.09,0.09,0.12,0.1,0.11,0.1,0.09,0.09,0.13,0.1,0.11,0.11,0.07,0.13,0.15,0.0,0.09,0.1,0.1,0.08,0.07,0.11,0.13,0.12,0.15,0.08,7.65,-0.49,8.34,7.41,3.49,10.26,8.39,10.26,13.88,Jogging
29,0.1,0.13,0.13,0.11,0.09,0.09,0.1,0.09,0.15,0.04,0.06,0.13,0.08,0.11,0.16,0.13,0.1,0.1,0.08,0.0,0.1,0.08,0.09,0.07,0.11,0.13,0.14,0.1,0.13,0.08,7.35,-0.59,7.65,6.72,3.33,9.59,7.92,9.59,13.1,Jogging
29,0.13,0.13,0.08,0.08,0.11,0.09,0.09,0.12,0.11,0.08,0.1,0.07,0.14,0.14,0.14,0.06,0.09,0.1,0.06,0.0,0.1,0.14,0.11,0.1,0.05,0.11,0.09,0.08,0.15,0.1,7.03,-0.79,8.02,7.23,3.65,9.92,8.25,9.92,13.44,Jogging
29,0.09,0.08,0.13,0.11,0.1,0.08,0.11,0.11,0.11,0.09,0.11,0.16,0.08,0.1,0.08,0.09,0.09,0.14,0.12,0.0,0.09,0.07,0.08,0.06,0.1,0.16,0.1,0.14,0.11,0.11,7.22,-0.23,8.36,7.71,3.5,10.35,8.63,10.35,13.99,Jogging
29,0.1,0.09,0.13,0.1,0.13,0.09,0.13,0.12,0.09,0.05,0.06,0.09,0.1,0.12,0.12,0.13,0.07,0.17,0.09,0.0,0.08,0.06,0.15,0.14,0.07,0.09,0.09,0.14,0.07,0.14,7.92,-0.46,7.75,6.98,3.76,9.55,7.98,9.55,13.67,Jogging
29,0.09,0.07,0.11,0.14,0.09,0.12,0.12,0.13,0.1,0.05,0.1,0.1,0.1,0.09,0.08,0.11,0.11,0.13,0.11,0.0,0.07,0.08,0.12,0.14,0.07,0.11,0.08,0.13,0.15,0.08,8.04,-0.35,8.12,7.56,3.6,9.83,8.53,9.83,14.22,Jogging
29,0.09,0.04,0.08,0.11,0.14,0.18,0.15,0.1,0.08,0.05,0.13,0.09,0.11,0.07,0.1,0.11,0.11,0.14,0.12,0.0,0.08,0.05,0.08,0.11,0.13,0.07,0.12,0.18,0.09,0.11,7.67,-0.26,8.17,7.38,3.3,9.56,8.38,9.56,13.8,Jogging
29,0.0,0.0,0.0,0.03,0.01,0.0,0.0,0.0,0.0,0.0,0.0,0.0,0.0,0.0,0.0,0.01,0.02,0.01,0.0,0.0,0.0,0.0,0.01,0.01,0.0,0.01,0.01,0.0,0.0,0.01,0.4,-0.04,0.15,0.38,0.11,4.55,11.33,4.55,0.44,Jogging
29,0.11,0.09,0.06,0.05,0.07,0.09,0.11,0.12,0.14,0.05,0.08,0.11,0.08,0.1,0.13,0.09,0.11,0.1,0.1,0.0,0.12,0.06,0.05,0.08,0.07,0.13,0.13,0.11,0.11,0.0,9.56,0.34,3.88,2.66,2.4,4.82,3.39,4.82,11.05,Upstairs
29,0.1,0.11,0.09,0.12,0.11,0.1,0.11,0.07,0.11,0.03,0.1,0.11,0.1,0.09,0.11,0.09,0.09,0.12,0.11,0.0,0.08,0.14,0.08,0.09,0.1,0.1,0.08,0.11,0.15,0.0,9.36,0.03,4.41,2.69,2.18,5.18,3.38,5.18,11.08,Upstairs
29,0.1,0.1,0.13,0.07,0.14,0.11,0.09,0.12,0.09,0.03,0.12,0.1,0.1,0.09,0.11,0.1,0.11,0.09,0.11,0.0,0.11,0.09,0.14,0.09,0.1,0.11,0.11,0.09,0.13,0.0,9.18,-0.43,4.53,2.57,1.78,5.19,3.28,5.19,10.84,Upstairs
29,0.11,0.09,0.09,0.09,0.1,0.1,0.12,0.11,0.11,0.06,0.09,0.1,0.08,0.1,0.1,0.12,0.12,0.09,0.12,0.0,0.11,0.1,0.1,0.08,0.12,0.09,0.13,0.14,0.06,0.0,9.31,-0.27,4.25,2.5,1.92,5.02,3.31,5.02,10.86,Upstairs
29,0.1,0.09,0.12,0.1,0.12,0.13,0.06,0.13,0.08,0.04,0.1,0.09,0.12,0.13,0.09,0.11,0.08,0.14,0.05,0.0,0.07,0.11,0.12,0.12,0.15,0.1,0.08,0.1,0.08,0.0,9.26,-0.32,4.42,2.52,1.8,5.1,3.3,5.1,10.83,Upstairs
29,0.08,0.12,0.12,0.11,0.11,0.07,0.11,0.09,0.07,0.01,0.11,0.09,0.09,0.08,0.09,0.1,0.09,0.08,0.11,0.0,0.11,0.1,0.09,0.08,0.11,0.1,0.1,0.06,0.08,0.0,8.19,-0.35,4.19,2.37,1.73,5.19,3.42,5.19,9.74,Upstairs
29,0.13,0.13,0.11,0.1,0.1,0.06,0.11,0.11,0.08,0.07,0.07,0.11,0.09,0.1,0.12,0.1,0.11,0.11,0.1,0.12,0.05,0.1,0.1,0.09,0.08,0.11,0.14,0.11,0.09,0.14,8.72,0.81,5.36,2.51,1.97,6.3,3.13,6.3,10.97,Downstairs
29,0.11,0.09,0.09,0.09,0.1,0.11,0.12,0.09,0.11,0.12,0.12,0.08,0.07,0.11,0.06,0.11,0.16,0.1,0.11,0.1,0.15,0.14,0.08,0.07,0.08,0.09,0.08,0.11,0.06,0.16,8.71,0.29,5.96,2.67,2.32,6.85,3.39,6.85,11.36,Downstairs
29,0.11,0.1,0.08,0.09,0.11,0.1,0.09,0.13,0.08,0.12,0.1,0.11,0.11,0.1,0.1,0.11,0.06,0.11,0.12,0.1,0.11,0.09,0.14,0.09,0.12,0.11,0.11,0.07,0.13,0.06,8.49,0.09,6.07,2.64,1.83,7.1,3.25,7.1,11.16,Downstairs
29,0.06,0.09,0.1,0.12,0.12,0.11,0.08,0.1,0.13,0.11,0.1,0.08,0.13,0.1,0.1,0.1,0.1,0.13,0.1,0.09,0.09,0.09,0.1,0.13,0.09,0.1,0.1,0.11,0.12,0.07,8.55,0.37,6.0,2.53,2.02,6.75,3.14,6.75,11.15,Downstairs
29,0.09,0.11,0.12,0.1,0.09,0.1,0.12,0.09,0.09,0.1,0.11,0.12,0.11,0.09,0.12,0.08,0.1,0.07,0.08,0.12,0.08,0.1,0.1,0.13,0.09,0.13,0.08,0.1,0.12,0.08,8.54,0.45,5.72,2.86,1.97,6.65,3.58,6.65,11.11,Downstairs
29,0.02,0.0,0.02,0.01,0.0,0.02,0.0,0.01,0.02,0.01,0.0,0.02,0.0,0.02,0.02,0.01,0.01,0.01,0.01,0.0,0.02,0.0,0.01,0.01,0.02,0.0,0.01,0.01,0.01,0.03,0.71,0.06,0.51,0.65,0.32,6.74,7.44,6.74,1.0,Downstairs
29,0.11,0.08,0.1,0.12,0.07,0.1,0.08,0.14,0.11,0.13,0.1,0.1,0.09,0.13,0.08,0.1,0.11,0.1,0.09,0.13,0.13,0.09,0.09,0.08,0.06,0.08,0.11,0.13,0.12,0.13,10.26,-0.13,2.82,2.61,2.02,3.64,3.21,3.64,11.15,Upstairs
29,0.09,0.11,0.1,0.12,0.1,0.14,0.11,0.13,0.08,0.05,0.08,0.1,0.09,0.12,0.14,0.11,0.1,0.08,0.09,0.12,0.09,0.08,0.09,0.11,0.15,0.15,0.08,0.11,0.1,0.06,10.32,-0.32,2.21,2.51,1.55,2.8,3.14,2.8,10.87,Upstairs
29,0.09,0.13,0.09,0.06,0.13,0.07,0.09,0.12,0.11,0.12,0.09,0.15,0.13,0.11,0.06,0.05,0.12,0.09,0.11,0.1,0.11,0.18,0.07,0.09,0.09,0.1,0.1,0.08,0.09,0.11,10.09,-0.41,2.91,2.84,2.01,3.79,3.48,3.79,11.05,Upstairs
29,0.1,0.12,0.09,0.1,0.09,0.1,0.13,0.07,0.1,0.13,0.14,0.08,0.08,0.1,0.07,0.13,0.11,0.1,0.1,0.1,0.1,0.1,0.12,0.12,0.14,0.07,0.08,0.08,0.1,0.11,10.06,-0.34,2.79,2.7,1.93,3.62,3.49,3.62,10.97,Upstairs
29,0.11,0.08,0.14,0.1,0.1,0.07,0.1,0.08,0.13,0.11,0.09,0.11,0.08,0.08,0.11,0.13,0.09,0.09,0.12,0.1,0.09,0.11,0.14,0.08,0.12,0.11,0.11,0.09,0.07,0.1,10.3,-0.25,2.76,2.6,1.84,3.6,3.29,3.6,11.13,Upstairs
29,0.08,0.06,0.07,0.06,0.09,0.1,0.09,0.03,0.05,0.04,0.06,0.05,0.07,0.06,0.08,0.06,0.06,0.1,0.07,0.04,0.05,0.03,0.06,0.07,0.05,0.07,0.09,0.09,0.09,0.06,6.53,0.05,1.5,2.45,1.09,3.16,4.7,3.16,6.94,Upstairs
29,0.11,0.07,0.09,0.11,0.1,0.11,0.08,0.12,0.11,0.12,0.11,0.11,0.09,0.09,0.1,0.09,0.12,0.09,0.11,0.12,0.12,0.07,0.09,0.09,0.09,0.12,0.11,0.13,0.12,0.08,9.87,0.49,3.36,2.97,2.01,4.24,3.73,4.24,11.06,Downstairs
29,0.06,0.1,0.13,0.11,0.1,0.12,0.09,0.12,0.08,0.11,0.08,0.1,0.13,0.1,0.1,0.12,0.11,0.09,0.12,0.08,0.06,0.13,0.12,0.11,0.12,0.1,0.09,0.08,0.09,0.12,9.81,0.57,3.34,2.65,1.83,4.01,3.25,4.01,10.81,Downstairs
29,0.1,0.11,0.08,0.1,0.12,0.08,0.16,0.08,0.12,0.07,0.1,0.1,0.09,0.08,0.12,0.14,0.09,0.13,0.08,0.1,0.11,0.08,0.12,0.1,0.1,0.13,0.09,0.1,0.1,0.09,9.81,0.32,3.46,2.64,1.91,4.21,3.25,4.21,10.93,Downstairs
29,0.14,0.08,0.1,0.1,0.1,0.09,0.07,0.12,0.1,0.12,0.1,0.11,0.11,0.1,0.1,0.09,0.11,0.09,0.1,0.12,0.11,0.16,0.08,0.07,0.09,0.09,0.09,0.12,0.09,0.14,9.85,0.47,3.69,2.97,2.14,4.54,3.66,4.54,11.15,Downstairs
29,0.09,0.12,0.12,0.08,0.09,0.1,0.08,0.08,0.09,0.08,0.11,0.08,0.08,0.13,0.09,0.07,0.07,0.11,0.09,0.09,0.1,0.06,0.1,0.1,0.11,0.07,0.12,0.08,0.11,0.08,8.82,0.51,3.36,2.7,1.75,4.58,3.83,4.58,9.96,Downstairs
29,0.19,0.13,0.13,0.07,0.07,0.1,0.07,0.07,0.08,0.11,0.1,0.08,0.07,0.07,0.1,0.11,0.07,0.09,0.15,0.18,0.14,0.12,0.14,0.09,0.07,0.08,0.07,0.12,0.09,0.09,9.6,-0.69,5.15,2.85,1.86,6.25,3.36,6.25,11.58,Upstairs
29,0.09,0.09,0.11,0.1,0.11,0.08,0.12,0.13,0.12,0.08,0.1,0.12,0.1,0.11,0.09,0.09,0.13,0.08,0.09,0.1,0.11,0.14,0.11,0.1,0.07,0.12,0.09,0.07,0.11,0.11,8.71,-0.55,5.75,2.44,1.84,6.56,3.13,6.56,11.04,Upstairs
29,0.07,0.09,0.08,0.14,0.11,0.11,0.1,0.09,0.11,0.12,0.12,0.12,0.11,0.08,0.09,0.12,0.1,0.12,0.07,0.11,0.09,0.11,0.11,0.12,0.1,0.11,0.07,0.11,0.08,0.12,8.51,-0.5,6.09,2.35,1.68,7.05,2.96,7.05,11.07,Upstairs
29,0.08,0.11,0.12,0.09,0.12,0.09,0.12,0.12,0.08,0.1,0.09,0.1,0.11,0.15,0.11,0.08,0.1,0.1,0.09,0.1,0.1,0.06,0.08,0.12,0.11,0.11,0.11,0.14,0.09,0.11,8.55,-0.28,5.71,2.47,1.64,6.58,3.2,6.58,10.86,Upstairs
29,0.07,0.09,0.08,0.1,0.12,0.1,0.13,0.1,0.13,0.1,0.08,0.09,0.12,0.14,0.12,0.12,0.11,0.09,0.09,0.06,0.06,0.05,0.08,0.12,0.15,0.14,0.11,0.11,0.12,0.08,8.45,-0.26,5.99,1.98,1.45,6.73,2.57,6.73,10.84,Upstairs
29,0.1,0.09,0.08,0.08,0.09,0.09,0.08,0.1,0.06,0.1,0.11,0.08,0.09,0.05,0.09,0.08,0.11,0.11,0.1,0.07,0.09,0.1,0.08,0.06,0.07,0.08,0.11,0.08,0.11,0.09,7.5,-0.36,4.81,2.13,1.52,6.57,3.19,6.57,9.42,Upstairs
29,0.07,0.1,0.13,0.11,0.07,0.1,0.12,0.12,0.11,0.1,0.14,0.08,0.11,0.09,0.08,0.1,0.11,0.09,0.11,0.12,0.07,0.07,0.1,0.07,0.12,0.09,0.14,0.11,0.11,0.13,9.92,0.68,2.99,2.96,1.81,3.73,3.6,3.73,10.84,Downstairs
29,0.12,0.1,0.09,0.09,0.12,0.11,0.08,0.1,0.1,0.12,0.07,0.08,0.11,0.11,0.11,0.13,0.12,0.08,0.11,0.09,0.11,0.1,0.08,0.15,0.07,0.11,0.08,0.12,0.1,0.11,10.05,0.17,2.96,2.47,1.83,3.8,3.07,3.8,10.95,Downstairs
29,0.1,0.08,0.1,0.11,0.11,0.12,0.11,0.09,0.12,0.09,0.11,0.16,0.1,0.09,0.11,0.06,0.11,0.08,0.08,0.13,0.07,0.11,0.1,0.12,0.14,0.13,0.07,0.11,0.11,0.07,9.86,0.16,2.91,2.91,1.57,3.65,3.48,3.65,10.69,Downstairs
29,0.12,0.09,0.11,0.08,0.09,0.1,0.11,0.14,0.07,0.13,0.1,0.09,0.09,0.07,0.13,0.13,0.09,0.13,0.09,0.1,0.12,0.12,0.12,0.09,0.07,0.1,0.1,0.09,0.09,0.13,10.04,0.1,2.98,2.63,1.91,3.82,3.25,3.82,11.01,Downstairs
29,0.09,0.12,0.13,0.1,0.1,0.1,0.08,0.1,0.11,0.1,0.08,0.12,0.11,0.13,0.12,0.09,0.06,0.11,0.11,0.09,0.09,0.12,0.09,0.12,0.11,0.08,0.12,0.1,0.1,0.08,9.89,0.13,2.89,2.79,1.73,3.76,3.41,3.76,10.79,Downstairs
29,0.06,0.04,0.02,0.05,0.05,0.03,0.05,0.01,0.04,0.03,0.04,0.03,0.03,0.02,0.02,0.05,0.06,0.06,0.04,0.04,0.07,0.05,0.04,0.02,0.02,0.05,0.03,0.03,0.03,0.03,3.74,-0.16,0.97,2.4,0.76,3.36,7.43,3.36,4.05,Downstairs
29,0.09,0.1,0.09,0.11,0.1,0.1,0.13,0.1,0.1,0.1,0.13,0.12,0.08,0.12,0.08,0.09,0.1,0.08,0.13,0.1,0.09,0.06,0.08,0.12,0.07,0.1,0.11,0.12,0.13,0.15,9.67,0.24,3.75,2.66,1.88,4.71,3.26,4.71,10.92,Upstairs
29,0.11,0.1,0.07,0.12,0.1,0.11,0.11,0.12,0.09,0.1,0.11,0.08,0.13,0.1,0.08,0.12,0.11,0.07,0.13,0.1,0.13,0.09,0.09,0.12,0.11,0.1,0.14,0.04,0.11,0.09,9.71,-0.37,3.72,2.4,1.72,4.65,3.05,4.65,10.92,Upstairs
29,0.11,0.08,0.07,0.09,0.07,0.16,0.09,0.15,0.12,0.09,0.1,0.11,0.11,0.09,0.11,0.1,0.07,0.14,0.06,0.12,0.07,0.12,0.13,0.08,0.09,0.12,0.11,0.13,0.09,0.08,9.74,-0.22,3.81,2.5,1.61,4.61,3.09,4.61,10.89,Upstairs
29,0.09,0.13,0.1,0.1,0.07,0.09,0.1,0.08,0.12,0.15,0.07,0.13,0.07,0.11,0.1,0.11,0.11,0.12,0.14,0.07,0.14,0.13,0.11,0.09,0.11,0.08,0.06,0.12,0.07,0.1,9.78,-0.36,3.83,2.33,1.98,4.72,2.94,4.72,11.1,Upstairs
29,0.1,0.09,0.1,0.12,0.1,0.09,0.1,0.09,0.12,0.12,0.08,0.08,0.1,0.11,0.1,0.13,0.12,0.11,0.1,0.09,0.11,0.13,0.1,0.1,0.1,0.08,0.11,0.11,0.09,0.1,9.84,-0.38,3.63,2.24,1.69,4.37,2.89,4.37,10.93,Upstairs
29,0.1,0.09,0.11,0.12,0.13,0.12,0.1,0.1,0.08,0.08,0.12,0.09,0.11,0.1,0.14,0.07,0.1,0.09,0.08,0.13,0.08,0.09,0.09,0.11,0.15,0.13,0.13,0.08,0.09,0.08,9.69,-0.32,3.43,2.59,1.44,4.37,3.26,4.37,10.68,Upstairs
29,0.03,0.03,0.02,0.01,0.02,0.01,0.0,0.02,0.0,0.0,0.0,0.01,0.02,0.01,0.02,0.02,0.02,0.01,0.0,0.02,0.01,0.0,0.0,0.0,0.0,0.0,0.01,0.03,0.06,0.03,1.17,0.2,0.23,1.03,0.23,2.45,8.88,2.45,1.24,Upstairs
29,0.17,0.11,0.08,0.13,0.1,0.06,0.08,0.1,0.09,0.1,0.06,0.07,0.1,0.08,0.11,0.12,0.11,0.13,0.12,0.12,0.07,0.07,0.07,0.15,0.1,0.11,0.1,0.11,0.12,0.12,9.25,0.98,5.16,2.67,1.96,6.14,3.38,6.14,11.35,Downstairs
29,0.06,0.11,0.14,0.1,0.1,0.09,0.1,0.12,0.11,0.1,0.09,0.12,0.06,0.1,0.09,0.1,0.13,0.13,0.1,0.09,0.11,0.1,0.1,0.11,0.12,0.09,0.1,0.1,0.12,0.06,8.82,0.42,5.78,2.66,1.81,6.61,3.45,6.61,11.14,Downstairs
29,0.11,0.08,0.1,0.12,0.08,0.13,0.08,0.1,0.1,0.12,0.06,0.11,0.13,0.09,0.11,0.09,0.12,0.12,0.07,0.11,0.14,0.13,0.11,0.09,0.09,0.09,0.13,0.08,0.07,0.09,8.77,0.32,5.7,2.61,1.91,6.59,3.35,6.59,11.09,Downstairs
29,0.06,0.14,0.06,0.1,0.1,0.12,0.1,0.11,0.11,0.12,0.13,0.1,0.11,0.14,0.11,0.1,0.1,0.06,0.07,0.1,0.09,0.08,0.08,0.12,0.13,0.13,0.09,0.11,0.08,0.11,8.23,0.75,5.98,2.74,1.84,6.9,3.66,6.9,10.97,Downstairs
29,0.06,0.1,0.09,0.11,0.12,0.11,0.12,0.11,0.1,0.1,0.14,0.09,0.12,0.11,0.1,0.07,0.1,0.08,0.11,0.11,0.11,0.13,0.13,0.06,0.08,0.07,0.1,0.12,0.13,0.1,8.55,0.61,5.84,2.87,2.18,6.66,3.61,6.66,11.13,Downstairs
29,0.09,0.06,0.08,0.06,0.05,0.09,0.08,0.06,0.07,0.04,0.09,0.06,0.04,0.07,0.08,0.07,0.06,0.05,0.11,0.06,0.06,0.07,0.05,0.08,0.04,0.07,0.06,0.08,0.06,0.1,5.74,0.53,3.38,2.35,1.27,6.06,4.64,6.06,7.15,Downstairs
13,0.12,0.05,0.09,0.11,0.13,0.13,0.08,0.11,0.11,0.09,0.09,0.09,0.13,0.07,0.13,0.13,0.11,0.11,0.08,0.08,0.09,0.1,0.09,0.1,0.16,0.13,0.12,0.1,0.05,0.1,10.04,0.32,2.03,3.52,2.92,2.69,4.4,2.69,11.16,Walking
13,0.11,0.09,0.07,0.08,0.13,0.11,0.14,0.15,0.06,0.09,0.09,0.09,0.12,0.1,0.1,0.11,0.13,0.1,0.11,0.09,0.07,0.09,0.15,0.13,0.11,0.11,0.11,0.09,0.08,0.1,10.2,0.35,1.91,3.68,3.04,2.59,4.5,2.59,11.3,Walking
13,0.08,0.08,0.12,0.08,0.14,0.1,0.16,0.11,0.09,0.07,0.12,0.08,0.09,0.09,0.15,0.1,0.11,0.11,0.11,0.08,0.07,0.06,0.13,0.14,0.12,0.13,0.11,0.07,0.1,0.1,10.01,0.38,1.84,3.6,3.05,2.52,4.47,2.52,11.16,Walking
13,0.09,0.09,0.1,0.11,0.12,0.11,0.13,0.11,0.1,0.07,0.08,0.1,0.09,0.14,0.09,0.1,0.11,0.13,0.11,0.07,0.09,0.05,0.12,0.12,0.12,0.13,0.1,0.11,0.07,0.11,10.19,0.62,1.9,3.54,3.11,2.5,4.29,2.5,11.28,Walking
13,0.09,0.11,0.1,0.11,0.09,0.1,0.11,0.09,0.13,0.09,0.09,0.11,0.12,0.09,0.11,0.09,0.11,0.08,0.12,0.11,0.11,0.11,0.1,0.09,0.13,0.1,0.1,0.08,0.12,0.09,10.19,0.18,2.1,3.91,3.19,2.72,4.73,2.72,11.41,Walking
13,0.09,0.16,0.1,0.12,0.07,0.09,0.06,0.08,0.11,0.15,0.11,0.1,0.07,0.11,0.12,0.12,0.1,0.08,0.09,0.12,0.1,0.12,0.12,0.1,0.1,0.09,0.12,0.11,0.08,0.09,10.11,0.18,2.51,3.9,3.23,3.12,4.83,3.12,11.52,Walking
13,0.13,0.07,0.11,0.1,0.12,0.06,0.09,0.15,0.1,0.09,0.1,0.14,0.08,0.09,0.09,0.11,0.08,0.15,0.09,0.1,0.11,0.14,0.07,0.11,0.11,0.09,0.07,0.15,0.08,0.09,10.14,0.23,2.21,3.99,3.35,2.89,4.79,2.89,11.47,Walking
13,0.11,0.13,0.11,0.06,0.09,0.08,0.11,0.12,0.11,0.11,0.13,0.1,0.09,0.09,0.11,0.08,0.11,0.08,0.12,0.11,0.15,0.1,0.07,0.1,0.1,0.09,0.1,0.11,0.1,0.1,10.11,0.24,2.26,4.21,3.47,2.9,5.09,2.9,11.59,Walking
13,0.08,0.12,0.12,0.13,0.1,0.12,0.1,0.06,0.07,0.13,0.1,0.1,0.12,0.09,0.09,0.08,0.11,0.13,0.12,0.09,0.1,0.09,0.1,0.13,0.07,0.14,0.07,0.11,0.1,0.11,10.14,0.48,2.18,3.98,3.39,2.8,4.78,2.8,11.52,Walking
13,0.08,0.11,0.1,0.11,0.09,0.11,0.1,0.11,0.13,0.08,0.09,0.08,0.12,0.12,0.12,0.1,0.1,0.1,0.1,0.1,0.09,0.12,0.09,0.1,0.1,0.12,0.08,0.1,0.12,0.1,10.17,0.42,2.06,3.66,3.26,2.69,4.52,2.69,11.4,Walking
13,0.1,0.12,0.13,0.09,0.09,0.09,0.1,0.08,0.11,0.11,0.12,0.11,0.09,0.07,0.11,0.08,0.15,0.09,0.1,0.09,0.11,0.12,0.1,0.1,0.12,0.06,0.1,0.13,0.1,0.09,9.95,0.27,2.35,4.11,3.37,2.99,4.99,2.99,11.38,Walking
13,0.13,0.08,0.06,0.11,0.08,0.11,0.12,0.09,0.1,0.14,0.11,0.11,0.09,0.08,0.12,0.1,0.08,0.08,0.12,0.12,0.13,0.13,0.09,0.08,0.06,0.12,0.12,0.09,0.12,0.08,10.19,0.13,2.22,4.14,3.4,2.93,5.07,2.93,11.56,Walking
13,0.09,0.14,0.1,0.08,0.12,0.09,0.1,0.11,0.07,0.12,0.09,0.1,0.13,0.13,0.08,0.11,0.07,0.1,0.1,0.11,0.08,0.11,0.08,0.13,0.11,0.13,0.1,0.12,0.07,0.1,10.15,0.43,2.13,3.84,3.19,2.67,4.69,2.67,11.38,Walking
13,0.09,0.15,0.08,0.1,0.09,0.09,0.11,0.11,0.11,0.11,0.1,0.12,0.11,0.12,0.08,0.1,0.11,0.08,0.09,0.12,0.11,0.09,0.12,0.1,0.09,0.13,0.09,0.11,0.1,0.08,10.09,0.37,2.18,3.98,3.23,2.78,4.79,2.78,11.35,Walking
13,0.1,0.11,0.11,0.13,0.09,0.08,0.09,0.1,0.12,0.08,0.09,0.13,0.12,0.1,0.06,0.14,0.09,0.08,0.12,0.09,0.12,0.08,0.09,0.09,0.1,0.13,0.12,0.1,0.1,0.1,10.02,0.45,2.19,3.87,3.23,2.8,4.67,2.8,11.3,Walking
13,0.09,0.1,0.09,0.13,0.09,0.1,0.11,0.11,0.08,0.12,0.12,0.07,0.11,0.11,0.13,0.1,0.09,0.09,0.11,0.1,0.09,0.09,0.1,0.11,0.16,0.12,0.07,0.11,0.09,0.09,10.11,0.28,2.11,3.76,3.05,2.69,4.63,2.69,11.25,Walking
13,0.11,0.09,0.07,0.12,0.09,0.11,0.1,0.12,0.13,0.09,0.1,0.11,0.1,0.11,0.08,0.1,0.08,0.11,0.11,0.12,0.1,0.13,0.11,0.08,0.09,0.14,0.07,0.11,0.13,0.08,10.21,0.33,2.05,4.14,3.35,2.68,5.01,2.68,11.49,Walking
13,0.11,0.07,0.09,0.14,0.12,0.07,0.11,0.07,0.15,0.09,0.1,0.09,0.12,0.09,0.09,0.11,0.1,0.11,0.11,0.1,0.11,0.11,0.13,0.11,0.06,0.08,0.11,0.11,0.11,0.1,10.16,0.3,2.14,3.95,3.47,2.73,4.82,2.73,11.51,Walking
13,0.1,0.11,0.11,0.12,0.07,0.1,0.09,0.09,0.13,0.12,0.09,0.12,0.11,0.09,0.09,0.09,0.1,0.11,0.12,0.1,0.12,0.08,0.11,0.12,0.08,0.1,0.09,0.12,0.09,0.1,10.18,0.25,2.25,3.98,3.33,2.84,4.81,2.84,11.49,Walking
13,0.1,0.12,0.13,0.09,0.09,0.09,0.11,0.05,0.12,0.12,0.13,0.11,0.09,0.11,0.1,0.07,0.11,0.08,0.1,0.11,0.11,0.08,0.12,0.1,0.07,0.12,0.12,0.08,0.11,0.1,9.98,0.42,2.28,4.11,3.32,2.84,4.98,2.84,11.34,Walking
13,0.11,0.11,0.08,0.11,0.11,0.09,0.08,0.07,0.16,0.11,0.09,0.12,0.09,0.13,0.09,0.14,0.08,0.08,0.07,0.13,0.11,0.1,0.12,0.09,0.06,0.12,0.13,0.08,0.11,0.11,10.17,0.32,2.26,3.89,3.42,2.83,4.84,2.83,11.53,Walking
13,0.13,0.08,0.14,0.1,0.05,0.08,0.1,0.13,0.12,0.1,0.1,0.08,0.12,0.11,0.07,0.12,0.07,0.14,0.08,0.12,0.1,0.14,0.11,0.08,0.09,0.06,0.11,0.11,0.11,0.12,10.24,0.38,2.29,3.94,3.53,2.98,4.77,2.98,11.58,Walking
13,0.11,0.12,0.12,0.1,0.08,0.09,0.1,0.11,0.08,0.11,0.09,0.14,0.1,0.1,0.08,0.09,0.11,0.1,0.1,0.12,0.11,0.11,0.09,0.1,0.08,0.1,0.11,0.09,0.15,0.09,10.1,0.7,2.23,4.04,3.47,2.81,4.88,2.81,11.46,Walking
13,0.1,0.11,0.08,0.1,0.12,0.11,0.1,0.1,0.08,0.11,0.1,0.07,0.11,0.12,0.12,0.11,0.1,0.13,0.06,0.1,0.11,0.07,0.11,0.12,0.08,0.09,0.08,0.12,0.12,0.12,10.13,0.65,2.09,3.66,3.57,2.71,4.58,2.71,11.49,Walking
13,0.09,0.07,0.11,0.09,0.12,0.13,0.11,0.12,0.08,0.09,0.11,0.08,0.09,0.11,0.09,0.11,0.13,0.11,0.1,0.1,0.09,0.13,0.11,0.08,0.09,0.1,0.09,0.12,0.12,0.11,10.14,0.49,1.94,3.82,3.41,2.6,4.67,2.6,11.42,Walking
13,0.09,0.1,0.12,0.09,0.07,0.14,0.11,0.12,0.07,0.11,0.1,0.11,0.09,0.09,0.09,0.1,0.11,0.11,0.13,0.09,0.1,0.11,0.11,0.07,0.11,0.07,0.12,0.12,0.1,0.11,10.24,0.55,2.05,3.89,3.44,2.69,4.69,2.69,11.51,Walking
13,0.1,0.1,0.08,0.12,0.16,0.09,0.11,0.06,0.08,0.11,0.09,0.13,0.1,0.08,0.13,0.09,0.09,0.1,0.1,0.11,0.09,0.11,0.08,0.11,0.11,0.08,0.09,0.14,0.09,0.13,10.05,0.69,2.11,3.84,3.37,2.72,4.66,2.72,11.3,Walking
13,0.11,0.1,0.12,0.1,0.08,0.12,0.09,0.09,0.08,0.13,0.1,0.12,0.09,0.1,0.09,0.1,0.11,0.1,0.1,0.11,0.09,0.12,0.11,0.09,0.11,0.11,0.09,0.06,0.12,0.13,10.16,0.61,2.22,3.95,3.49,2.8,4.79,2.8,11.54,Walking
13,0.1,0.08,0.1,0.09,0.15,0.07,0.1,0.11,0.11,0.1,0.11,0.08,0.12,0.09,0.1,0.11,0.1,0.13,0.1,0.08,0.09,0.1,0.08,0.1,0.1,0.11,0.09,0.1,0.13,0.12,10.17,0.71,2.1,3.9,3.42,2.74,4.77,2.74,11.51,Walking
13,0.12,0.09,0.12,0.06,0.14,0.1,0.1,0.1,0.1,0.1,0.09,0.09,0.11,0.11,0.14,0.08,0.08,0.11,0.1,0.11,0.1,0.08,0.09,0.13,0.12,0.06,0.14,0.08,0.11,0.12,10.21,0.58,2.12,3.81,3.43,2.72,4.64,2.72,11.49,Walking
13,0.1,0.07,0.1,0.09,0.11,0.15,0.13,0.1,0.08,0.09,0.11,0.11,0.07,0.13,0.11,0.1,0.08,0.12,0.12,0.08,0.08,0.09,0.11,0.12,0.11,0.06,0.09,0.15,0.1,0.12,9.95,0.55,1.93,3.78,3.35,2.6,4.57,2.6,11.21,Walking
13,0.04,0.02,0.03,0.05,0.06,0.04,0.06,0.03,0.04,0.04,0.03,0.03,0.06,0.03,0.04,0.06,0.06,0.03,0.03,0.04,0.03,0.02,0.03,0.04,0.05,0.04,0.06,0.04,0.05,0.05,3.94,0.36,0.71,2.54,1.17,2.47,7.52,2.47,4.37,Walking
13,0.08,0.09,0.08,0.11,0.13,0.12,0.1,0.09,0.09,0.12,0.08,0.1,0.12,0.13,0.1,0.13,0.1,0.08,0.05,0.0,0.09,0.1,0.12,0.11,0.08,0.1,0.15,0.09,0.11,0.08,7.4,0.84,4.12,7.44,7.17,5.34,8.61,5.34,13.66,Jogging
13,0.11,0.09,0.13,0.12,0.08,0.1,0.08,0.07,0.1,0.12,0.1,0.08,0.09,0.15,0.12,0.09,0.1,0.1,0.08,0.0,0.13,0.09,0.1,0.14,0.07,0.07,0.08,0.11,0.14,0.09,7.47,0.57,4.57,7.66,7.61,5.68,8.85,5.68,14.25,Jogging
13,0.1,0.05,0.12,0.14,0.07,0.12,0.11,0.11,0.11,0.1,0.12,0.09,0.13,0.1,0.1,0.11,0.11,0.09,0.09,0.0,0.1,0.13,0.12,0.09,0.1,0.12,0.13,0.06,0.09,0.08,7.02,0.32,4.05,7.63,7.22,5.1,8.88,5.1,13.76,Jogging
13,0.07,0.13,0.13,0.12,0.1,0.1,0.1,0.1,0.08,0.1,0.11,0.08,0.1,0.13,0.13,0.07,0.08,0.1,0.09,0.0,0.08,0.11,0.12,0.13,0.11,0.1,0.08,0.1,0.11,0.09,7.94,0.52,4.14,7.95,6.97,5.15,9.01,5.15,14.0,Jogging
13,0.11,0.08,0.13,0.1,0.13,0.08,0.09,0.1,0.11,0.09,0.12,0.06,0.12,0.08,0.13,0.07,0.12,0.1,0.09,0.0,0.14,0.07,0.12,0.08,0.1,0.09,0.12,0.12,0.12,0.06,7.88,0.57,4.26,8.05,7.38,5.29,9.24,5.29,14.4,Jogging
13,0.08,0.08,0.08,0.14,0.11,0.11,0.12,0.1,0.1,0.09,0.12,0.1,0.07,0.11,0.1,0.11,0.09,0.1,0.09,0.0,0.1,0.13,0.1,0.1,0.08,0.11,0.06,0.15,0.1,0.1,7.68,0.62,3.9,8.1,7.55,4.91,9.33,4.91,14.44,Jogging
13,0.07,0.12,0.15,0.11,0.09,0.11,0.1,0.15,0.07,0.05,0.11,0.12,0.08,0.09,0.12,0.11,0.08,0.11,0.08,0.0,0.11,0.11,0.1,0.13,0.1,0.12,0.06,0.11,0.11,0.08,7.55,0.41,3.85,7.89,7.26,4.83,9.08,4.83,13.97,Jogging
13,0.08,0.09,0.08,0.14,0.09,0.11,0.13,0.12,0.1,0.09,0.09,0.1,0.11,0.1,0.14,0.08,0.08,0.13,0.05,0.0,0.11,0.1,0.09,0.12,0.1,0.12,0.11,0.04,0.1,0.14,7.67,0.88,3.9,7.84,7.43,4.86,9.01,4.86,14.13,Jogging
13,0.08,0.11,0.11,0.11,0.12,0.09,0.09,0.12,0.1,0.1,0.06,0.15,0.12,0.07,0.11,0.12,0.1,0.09,0.07,0.0,0.07,0.12,0.13,0.05,0.15,0.09,0.11,0.09,0.09,0.12,7.58,1.03,4.17,7.6,7.01,5.14,8.66,5.14,13.86,Jogging
13,0.12,0.14,0.06,0.1,0.15,0.07,0.06,0.12,0.07,0.13,0.09,0.14,0.07,0.12,0.13,0.1,0.05,0.13,0.06,0.0,0.09,0.09,0.13,0.1,0.1,0.14,0.05,0.1,0.1,0.12,7.54,1.19,4.59,7.67,7.35,5.6,8.82,5.6,14.2,Jogging
13,0.12,0.13,0.09,0.08,0.07,0.13,0.1,0.12,0.08,0.11,0.11,0.11,0.1,0.08,0.08,0.12,0.13,0.09,0.08,0.0,0.14,0.09,0.1,0.05,0.08,0.13,0.12,0.09,0.07,0.15,7.69,0.95,4.43,7.94,7.8,5.48,9.13,5.48,14.78,Jogging
13,0.13,0.11,0.07,0.07,0.12,0.1,0.12,0.11,0.1,0.1,0.1,0.11,0.13,0.08,0.09,0.06,0.12,0.11,0.09,0.0,0.11,0.09,0.09,0.06,0.12,0.11,0.13,0.06,0.07,0.18,7.79,1.66,4.34,8.44,7.24,5.51,9.34,5.51,14.69,Jogging
13,0.12,0.07,0.09,0.1,0.09,0.1,0.11,0.09,0.19,0.07,0.1,0.08,0.13,0.09,0.09,0.07,0.16,0.09,0.1,0.0,0.1,0.08,0.07,0.1,0.07,0.19,0.1,0.1,0.12,0.08,7.81,1.48,4.39,7.86,6.72,5.46,8.89,5.46,14.13,Jogging
13,0.1,0.08,0.12,0.11,0.09,0.15,0.1,0.07,0.09,0.11,0.1,0.1,0.09,0.08,0.14,0.11,0.06,0.11,0.1,0.0,0.06,0.1,0.14,0.1,0.1,0.11,0.12,0.07,0.09,0.14,8.04,1.54,4.28,7.99,7.01,5.56,9.12,5.56,14.42,Jogging
13,0.13,0.11,0.08,0.12,0.11,0.04,0.13,0.1,0.11,0.09,0.12,0.1,0.1,0.05,0.08,0.14,0.1,0.11,0.07,0.0,0.12,0.1,0.09,0.11,0.11,0.06,0.12,0.07,0.09,0.14,7.88,0.64,4.51,8.17,7.72,5.49,9.38,5.49,15.09,Jogging
13,0.13,0.11,0.1,0.07,0.1,0.1,0.13,0.08,0.09,0.11,0.13,0.09,0.12,0.07,0.08,0.12,0.14,0.09,0.08,0.0,0.13,0.08,0.16,0.09,0.07,0.09,0.11,0.08,0.13,0.09,7.01,0.39,4.43,7.94,7.67,5.48,9.2,5.48,14.34,Jogging
13,0.12,0.08,0.14,0.14,0.1,0.07,0.1,0.06,0.09,0.12,0.09,0.08,0.15,0.11,0.12,0.11,0.1,0.1,0.05,0.0,0.11,0.12,0.1,0.1,0.08,0.09,0.11,0.11,0.1,0.1,7.08,0.56,4.56,7.5,7.49,5.56,8.75,5.56,14.09,Jogging
13,0.12,0.1,0.08,0.12,0.1,0.1,0.07,0.12,0.11,0.09,0.09,0.14,0.13,0.09,0.09,0.08,0.11,0.13,0.06,0.0,0.09,0.14,0.12,0.08,0.12,0.1,0.07,0.1,0.08,0.13,7.0,0.64,4.39,7.96,7.51,5.46,9.01,5.46,14.06,Jogging
13,0.08,0.12,0.08,0.09,0.11,0.11,0.1,0.13,0.1,0.09,0.12,0.11,0.12,0.06,0.1,0.08,0.1,0.12,0.09,0.0,0.14,0.08,0.06,0.12,0.12,0.11,0.08,0.11,0.1,0.1,7.81,0.86,4.06,8.46,7.37,5.06,9.48,5.06,14.62,Jogging
13,0.12,0.13,0.1,0.11,0.07,0.08,0.09,0.1,0.1,0.13,0.07,0.1,0.09,0.2,0.09,0.12,0.08,0.08,0.06,0.0,0.07,0.1,0.1,0.11,0.1,0.07,0.12,0.16,0.12,0.07,7.35,1.39,4.76,7.25,6.74,5.72,8.45,5.72,13.68,Jogging
13,0.11,0.11,0.09,0.08,0.11,0.11,0.1,0.12,0.1,0.09,0.09,0.11,0.1,0.12,0.09,0.08,0.12,0.1,0.09,0.0,0.11,0.08,0.11,0.08,0.08,0.09,0.11,0.15,0.1,0.12,7.98,1.41,4.32,7.95,7.48,5.46,8.96,5.46,14.62,Jogging
13,0.11,0.14,0.08,0.09,0.11,0.07,0.15,0.08,0.09,0.09,0.11,0.09,0.1,0.09,0.09,0.14,0.08,0.09,0.08,0.0,0.11,0.13,0.06,0.09,0.1,0.14,0.09,0.14,0.09,0.07,7.75,0.72,4.38,8.13,7.12,5.4,9.3,5.4,14.54,Jogging
13,0.1,0.11,0.12,0.1,0.1,0.08,0.08,0.09,0.14,0.11,0.07,0.15,0.07,0.1,0.09,0.1,0.08,0.16,0.07,0.0,0.09,0.12,0.07,0.09,0.13,0.1,0.13,0.13,0.12,0.06,8.16,1.09,4.61,7.95,6.79,5.55,8.9,5.55,14.4,Jogging
13,0.1,0.12,0.07,0.11,0.08,0.12,0.12,0.06,0.1,0.15,0.12,0.11,0.08,0.12,0.1,0.08,0.1,0.11,0.07,0.0,0.14,0.11,0.08,0.07,0.12,0.1,0.11,0.08,0.11,0.11,7.21,0.55,4.57,8.24,7.75,5.67,9.42,5.67,14.74,Jogging
13,0.09,0.13,0.05,0.09,0.11,0.09,0.1,0.09,0.14,0.13,0.1,0.09,0.09,0.09,0.1,0.12,0.11,0.07,0.1,0.0,0.1,0.07,0.1,0.13,0.09,0.05,0.12,0.11,0.11,0.15,8.18,1.88,4.59,7.86,7.31,5.64,9.06,5.64,14.87,Jogging
13,0.13,0.07,0.09,0.1,0.12,0.12,0.08,0.1,0.07,0.14,0.12,0.1,0.09,0.11,0.07,0.1,0.12,0.08,0.06,0.0,0.11,0.12,0.07,0.09,0.11,0.07,0.09,0.15,0.13,0.07,7.68,0.9,4.62,8.37,7.3,5.94,9.44,5.94,14.75,Jogging
13,0.06,0.09,0.16,0.08,0.11,0.07,0.12,0.14,0.1,0.08,0.12,0.1,0.07,0.12,0.13,0.09,0.13,0.08,0.07,0.0,0.05,0.12,0.12,0.14,0.14,0.1,0.08,0.07,0.12,0.08,7.36,0.79,3.99,7.87,6.73,4.92,9.12,4.92,13.64,Jogging
13,0.01,0.02,0.03,0.03,0.02,0.05,0.06,0.05,0.02,0.02,0.01,0.0,0.02,0.04,0.02,0.09,0.06,0.03,0.02,0.0,0.01,0.01,0.04,0.1,0.07,0.02,0.03,0.02,0.01,0.0,2.72,0.11,0.86,2.23,1.07,3.94,9.22,3.94,3.38,Jogging
13,0.18,0.11,0.13,0.09,0.13,0.14,0.09,0.06,0.05,0.05,0.11,0.14,0.07,0.1,0.1,0.08,0.09,0.16,0.1,0.09,0.09,0.12,0.09,0.08,0.15,0.12,0.04,0.15,0.11,0.08,9.9,0.84,2.37,4.08,3.42,3.01,4.86,3.01,11.37,Walking
13,0.18,0.12,0.14,0.13,0.12,0.09,0.09,0.04,0.05,0.07,0.11,0.13,0.06,0.11,0.14,0.08,0.09,0.11,0.09,0.11,0.1,0.09,0.11,0.15,0.06,0.14,0.1,0.09,0.1,0.1,9.99,0.78,2.64,4.11,3.5,3.24,5.05,3.24,11.54,Walking
13,0.17,0.08,0.13,0.11,0.1,0.1,0.07,0.11,0.1,0.06,0.1,0.1,0.13,0.1,0.09,0.09,0.11,0.09,0.12,0.09,0.11,0.08,0.1,0.06,0.14,0.16,0.08,0.1,0.07,0.12,9.91,0.82,2.38,4.05,3.3,3.07,4.92,3.07,11.34,Walking
13,0.18,0.1,0.07,0.12,0.15,0.1,0.07,0.08,0.05,0.11,0.11,0.12,0.1,0.08,0.12,0.07,0.07,0.06,0.16,0.12,0.12,0.09,0.12,0.09,0.12,0.11,0.08,0.06,0.12,0.13,9.99,0.85,2.6,4.36,3.77,3.36,5.26,3.36,11.71,Walking
13,0.18,0.1,0.1,0.1,0.08,0.09,0.11,0.09,0.1,0.09,0.12,0.11,0.07,0.1,0.1,0.07,0.12,0.09,0.11,0.13,0.16,0.07,0.1,0.08,0.1,0.09,0.11,0.12,0.09,0.1,10.02,0.65,2.52,4.4,3.74,3.28,5.35,3.28,11.75,Walking
13,0.19,0.11,0.08,0.11,0.06,0.09,0.11,0.1,0.07,0.12,0.1,0.13,0.1,0.08,0.08,0.11,0.1,0.08,0.12,0.13,0.12,0.15,0.09,0.08,0.08,0.05,0.12,0.11,0.13,0.09,10.02,0.72,2.56,4.3,3.92,3.3,5.2,3.3,11.75,Walking
13,0.16,0.12,0.11,0.07,0.08,0.07,0.11,0.1,0.12,0.08,0.11,0.1,0.1,0.09,0.09,0.11,0.1,0.11,0.1,0.11,0.15,0.09,0.1,0.09,0.09,0.09,0.08,0.1,0.14,0.09,10.08,0.82,2.38,4.13,3.92,3.03,5.06,3.03,11.74,Walking
13,0.1,0.06,0.07,0.11,0.09,0.11,0.09,0.15,0.13,0.13,0.11,0.11,0.12,0.09,0.06,0.12,0.11,0.1,0.1,0.09,0.09,0.09,0.08,0.16,0.1,0.13,0.09,0.1,0.08,0.11,9.85,0.8,1.96,4.15,3.33,2.59,5.05,2.59,11.25,Walking
13,0.1,0.09,0.06,0.1,0.13,0.11,0.1,0.15,0.07,0.11,0.11,0.07,0.12,0.12,0.09,0.1,0.09,0.12,0.12,0.09,0.08,0.1,0.11,0.14,0.05,0.13,0.14,0.11,0.06,0.09,9.98,0.71,2.03,4.01,3.3,2.65,4.97,2.65,11.4,Walking
13,0.08,0.11,0.08,0.09,0.1,0.09,0.09,0.14,0.12,0.14,0.1,0.09,0.1,0.09,0.11,0.12,0.1,0.12,0.07,0.12,0.11,0.08,0.12,0.1,0.08,0.11,0.15,0.05,0.12,0.11,10.18,0.79,2.1,3.93,3.48,2.71,4.85,2.71,11.55,Walking
13,0.08,0.07,0.1,0.11,0.13,0.1,0.14,0.11,0.09,0.1,0.1,0.09,0.08,0.12,0.1,0.15,0.08,0.11,0.11,0.08,0.1,0.11,0.1,0.09,0.08,0.12,0.11,0.07,0.11,0.13,9.91,0.87,1.9,3.75,3.54,2.5,4.68,2.5,11.31,Walking
13,0.1,0.09,0.13,0.07,0.09,0.11,0.1,0.1,0.13,0.11,0.1,0.08,0.1,0.12,0.1,0.12,0.12,0.09,0.11,0.09,0.09,0.13,0.11,0.09,0.11,0.07,0.12,0.11,0.08,0.11,10.05,0.65,2.08,3.83,3.56,2.6,4.74,2.6,11.47,Walking
13,0.1,0.11,0.08,0.11,0.07,0.12,0.09,0.11,0.11,0.12,0.1,0.07,0.11,0.1,0.11,0.06,0.12,0.12,0.12,0.1,0.1,0.11,0.11,0.09,0.09,0.08,0.13,0.12,0.09,0.12,10.33,0.87,2.12,4.0,3.62,2.69,4.81,2.69,11.73,Walking
13,0.11,0.05,0.09,0.08,0.16,0.14,0.09,0.06,0.14,0.1,0.12,0.09,0.09,0.13,0.12,0.08,0.09,0.11,0.11,0.09,0.11,0.13,0.09,0.08,0.1,0.09,0.12,0.1,0.1,0.11,9.86,0.75,1.99,4.06,3.67,2.56,4.98,2.56,11.33,Walking
13,0.1,0.1,0.06,0.1,0.13,0.12,0.08,0.12,0.11,0.09,0.09,0.13,0.08,0.1,0.11,0.11,0.09,0.14,0.08,0.1,0.14,0.09,0.09,0.06,0.11,0.1,0.09,0.12,0.1,0.12,10.01,0.9,2.16,3.91,3.78,2.85,4.77,2.85,11.56,Walking
13,0.05,0.09,0.09,0.11,0.15,0.09,0.17,0.13,0.06,0.09,0.08,0.08,0.11,0.13,0.11,0.12,0.09,0.13,0.08,0.1,0.11,0.09,0.13,0.07,0.09,0.13,0.11,0.09,0.13,0.09,10.12,0.8,1.75,3.66,3.49,2.31,4.55,2.31,11.39,Walking
13,0.07,0.1,0.08,0.13,0.11,0.11,0.12,0.14,0.09,0.08,0.11,0.08,0.1,0.08,0.14,0.1,0.11,0.13,0.1,0.08,0.07,0.09,0.11,0.1,0.13,0.13,0.09,0.12,0.08,0.11,10.01,0.91,1.88,3.78,3.34,2.52,4.65,2.52,11.31,Walking
13,0.05,0.14,0.09,0.11,0.11,0.14,0.09,0.07,0.11,0.1,0.11,0.09,0.09,0.12,0.09,0.1,0.15,0.07,0.14,0.06,0.08,0.1,0.07,0.13,0.13,0.12,0.1,0.11,0.1,0.08,10.01,0.79,1.97,3.81,3.15,2.46,4.61,2.46,11.21,Walking
13,0.05,0.1,0.12,0.1,0.09,0.14,0.15,0.1,0.08,0.1,0.1,0.08,0.1,0.12,0.1,0.13,0.1,0.1,0.11,0.07,0.05,0.07,0.13,0.1,0.14,0.12,0.14,0.07,0.11,0.09,10.02,0.99,1.83,3.76,2.98,2.41,4.59,2.41,11.1,Walking
13,0.06,0.09,0.1,0.13,0.1,0.13,0.1,0.13,0.07,0.12,0.12,0.1,0.12,0.12,0.08,0.08,0.13,0.08,0.08,0.13,0.08,0.11,0.13,0.09,0.09,0.11,0.11,0.08,0.13,0.09,9.92,0.92,1.92,4.16,3.46,2.42,5.04,2.42,11.22,Walking
13,0.07,0.09,0.1,0.08,0.14,0.07,0.09,0.14,0.13,0.12,0.09,0.1,0.13,0.1,0.1,0.12,0.1,0.09,0.08,0.11,0.11,0.11,0.1,0.1,0.1,0.11,0.13,0.08,0.1,0.09,9.97,0.63,2.01,3.9,3.42,2.56,4.81,2.56,11.28,Walking
13,0.09,0.13,0.12,0.09,0.05,0.09,0.08,0.11,0.14,0.12,0.11,0.09,0.14,0.08,0.09,0.1,0.06,0.12,0.11,0.12,0.11,0.12,0.11,0.09,0.1,0.07,0.11,0.09,0.12,0.1,10.12,0.72,2.32,4.27,3.65,2.91,5.14,2.91,11.64,Walking
13,0.07,0.1,0.12,0.16,0.1,0.07,0.11,0.06,0.1,0.14,0.09,0.11,0.11,0.11,0.13,0.09,0.08,0.09,0.09,0.12,0.09,0.11,0.08,0.12,0.1,0.1,0.09,0.1,0.12,0.11,9.93,0.94,2.24,3.98,3.61,2.79,4.89,2.79,11.42,Walking
13,0.08,0.13,0.1,0.1,0.08,0.09,0.12,0.09,0.1,0.14,0.11,0.09,0.1,0.09,0.13,0.09,0.12,0.07,0.11,0.11,0.11,0.08,0.11,0.12,0.08,0.08,0.13,0.14,0.08,0.09,10.09,0.77,2.16,3.98,3.43,2.76,4.88,2.76,11.47,Walking
13,0.06,0.12,0.12,0.08,0.12,0.08,0.09,0.12,0.11,0.11,0.09,0.1,0.1,0.09,0.13,0.11,0.12,0.07,0.09,0.12,0.1,0.1,0.1,0.12,0.13,0.08,0.07,0.12,0.09,0.13,10.08,0.78,2.17,3.88,3.54,2.75,4.81,2.75,11.44,Walking
13,0.1,0.14,0.09,0.08,0.09,0.14,0.06,0.08,0.11,0.12,0.1,0.12,0.1,0.07,0.14,0.08,0.11,0.1,0.07,0.15,0.11,0.09,0.08,0.11,0.08,0.08,0.1,0.11,0.14,0.13,10.2,1.1,2.3,4.14,3.79,2.88,5.03,2.88,11.75,Walking
13,0.1,0.1,0.12,0.1,0.11,0.09,0.1,0.11,0.08,0.12,0.09,0.11,0.11,0.09,0.08,0.13,0.08,0.08,0.14,0.1,0.12,0.1,0.08,0.13,0.08,0.08,0.1,0.11,0.12,0.1,10.12,0.7,2.21,4.09,3.59,2.83,4.96,2.83,11.54,Walking
13,0.08,0.11,0.09,0.13,0.07,0.08,0.08,0.13,0.09,0.15,0.11,0.08,0.12,0.1,0.1,0.1,0.1,0.12,0.07,0.12,0.09,0.11,0.1,0.13,0.09,0.11,0.08,0.11,0.11,0.09,10.1,0.64,2.23,4.06,3.4,2.82,4.94,2.82,11.47,Walking
13,0.07,0.12,0.14,0.09,0.08,0.1,0.09,0.11,0.11,0.11,0.11,0.11,0.1,0.1,0.09,0.1,0.1,0.1,0.1,0.11,0.1,0.11,0.14,0.1,0.07,0.1,0.13,0.1,0.08,0.1,10.01,0.6,2.15,4.16,3.49,2.69,4.99,2.69,11.35,Walking
13,0.09,0.09,0.09,0.13,0.09,0.13,0.07,0.12,0.09,0.12,0.09,0.1,0.1,0.11,0.12,0.13,0.09,0.09,0.09,0.11,0.1,0.08,0.09,0.12,0.11,0.11,0.09,0.12,0.07,0.12,10.04,0.84,2.15,3.84,3.42,2.8,4.75,2.8,11.38,Walking
13,0.11,0.09,0.11,0.08,0.11,0.09,0.09,0.11,0.15,0.08,0.08,0.11,0.11,0.11,0.09,0.1,0.12,0.09,0.1,0.1,0.1,0.06,0.12,0.1,0.13,0.09,0.1,0.12,0.1,0.1,10.11,0.73,2.15,3.92,3.42,2.77,4.72,2.77,11.42,Walking
13,0.09,0.09,0.1,0.11,0.08,0.1,0.11,0.09,0.13,0.12,0.11,0.09,0.08,0.09,0.13,0.11,0.11,0.07,0.13,0.1,0.1,0.11,0.12,0.09,0.08,0.11,0.12,0.11,0.11,0.1,10.12,0.8,2.12,3.93,3.32,2.69,4.82,2.69,11.37,Walking
13,0.06,0.07,0.13,0.07,0.11,0.12,0.09,0.12,0.06,0.08,0.07,0.11,0.08,0.09,0.1,0.12,0.1,0.09,0.06,0.08,0.05,0.1,0.1,0.1,0.14,0.08,0.05,0.12,0.09,0.07,8.78,0.66,1.72,3.3,2.82,2.5,4.68,2.5,9.79,Walking
13,0.12,0.07,0.11,0.09,0.11,0.1,0.14,0.07,0.15,0.06,0.12,0.15,0.05,0.06,0.13,0.12,0.11,0.11,0.1,0.0,0.14,0.1,0.08,0.13,0.14,0.06,0.08,0.06,0.11,0.1,7.08,0.15,4.36,7.93,7.63,5.48,9.24,5.48,14.52,Jogging
13,0.12,0.09,0.08,0.08,0.09,0.14,0.17,0.1,0.07,0.09,0.09,0.13,0.07,0.08,0.13,0.1,0.11,0.09,0.13,0.0,0.1,0.06,0.16,0.08,0.08,0.16,0.08,0.07,0.08,0.16,7.87,1.28,4.11,7.68,7.35,5.25,9.0,5.25,14.45,Jogging
13,0.12,0.08,0.11,0.06,0.1,0.17,0.08,0.1,0.12,0.09,0.11,0.12,0.07,0.12,0.1,0.09,0.09,0.1,0.13,0.0,0.1,0.12,0.11,0.1,0.05,0.09,0.13,0.08,0.1,0.14,7.63,0.84,4.28,8.31,7.84,5.38,9.58,5.38,15.01,Jogging
13,0.12,0.09,0.09,0.13,0.06,0.11,0.15,0.1,0.08,0.1,0.07,0.09,0.06,0.15,0.14,0.08,0.11,0.1,0.11,0.0,0.07,0.13,0.12,0.07,0.06,0.1,0.11,0.11,0.13,0.13,8.24,1.57,4.23,7.66,7.55,5.21,8.93,5.21,14.73,Jogging
13,0.14,0.08,0.11,0.08,0.13,0.11,0.14,0.09,0.07,0.07,0.12,0.12,0.11,0.11,0.11,0.07,0.08,0.09,0.12,0.0,0.09,0.14,0.09,0.1,0.09,0.11,0.16,0.07,0.08,0.09,6.81,0.07,3.96,8.28,7.13,4.99,9.68,4.99,14.0,Jogging
13,0.14,0.08,0.08,0.06,0.13,0.15,0.11,0.09,0.11,0.07,0.16,0.12,0.09,0.04,0.1,0.09,0.12,0.07,0.14,0.0,0.16,0.12,0.1,0.08,0.12,0.08,0.08,0.09,0.06,0.13,6.76,-0.63,4.01,8.83,8.07,5.03,10.14,5.03,14.93,Jogging
13,0.14,0.11,0.04,0.09,0.05,0.17,0.12,0.05,0.2,0.05,0.11,0.16,0.06,0.08,0.13,0.06,0.1,0.1,0.13,0.0,0.09,0.13,0.09,0.13,0.08,0.1,0.14,0.06,0.08,0.13,7.06,0.8,4.33,8.32,7.16,5.32,9.52,5.32,14.26,Jogging
13,0.12,0.1,0.12,0.07,0.16,0.13,0.09,0.06,0.09,0.08,0.12,0.1,0.09,0.11,0.12,0.06,0.11,0.11,0.11,0.0,0.1,0.14,0.08,0.09,0.13,0.08,0.1,0.1,0.1,0.11,7.27,0.48,4.01,8.19,7.31,5.12,9.44,5.12,14.28,Jogging
13,0.11,0.13,0.07,0.09,0.13,0.14,0.11,0.1,0.08,0.08,0.11,0.1,0.11,0.11,0.12,0.07,0.09,0.09,0.12,0.0,0.11,0.08,0.14,0.09,0.16,0.07,0.09,0.05,0.11,0.12,7.65,0.58,3.88,8.17,7.23,4.89,9.38,4.89,14.31,Jogging
13,0.07,0.11,0.09,0.09,0.14,0.07,0.13,0.07,0.1,0.15,0.12,0.08,0.11,0.12,0.08,0.09,0.09,0.14,0.07,0.0,0.11,0.11,0.1,0.08,0.08,0.08,0.09,0.16,0.13,0.07,7.62,0.92,4.35,8.15,7.35,5.46,9.3,5.46,14.58,Jogging
13,0.11,0.09,0.08,0.1,0.15,0.11,0.09,0.06,0.1,0.11,0.11,0.11,0.1,0.13,0.09,0.09,0.09,0.09,0.11,0.0,0.14,0.11,0.13,0.08,0.07,0.06,0.13,0.1,0.08,0.12,6.77,-0.1,4.54,8.28,8.04,5.77,9.66,5.77,14.78,Jogging
13,0.1,0.09,0.06,0.15,0.14,0.1,0.1,0.07,0.09,0.11,0.13,0.08,0.16,0.09,0.09,0.11,0.07,0.11,0.1,0.0,0.11,0.15,0.14,0.07,0.1,0.09,0.08,0.1,0.07,0.12,6.77,-0.41,4.24,8.19,7.64,5.39,9.6,5.39,14.32,Jogging
13,0.11,0.08,0.13,0.11,0.09,0.12,0.1,0.1,0.08,0.11,0.13,0.09,0.09,0.11,0.08,0.09,0.14,0.12,0.1,0.0,0.11,0.1,0.08,0.07,0.13,0.14,0.09,0.08,0.11,0.11,7.35,0.76,4.16,8.33,7.02,5.21,9.54,5.21,14.48,Jogging
13,0.09,0.08,0.13,0.11,0.07,0.09,0.13,0.12,0.07,0.13,0.1,0.11,0.12,0.1,0.12,0.09,0.09,0.09,0.1,0.0,0.09,0.11,0.11,0.09,0.07,0.12,0.12,0.13,0.1,0.1,7.35,1.02,4.37,7.86,7.15,5.32,9.1,5.32,14.15,Jogging
13,0.08,0.13,0.08,0.12,0.08,0.11,0.09,0.11,0.08,0.14,0.11,0.1,0.12,0.06,0.13,0.08,0.08,0.11,0.08,0.0,0.13,0.08,0.13,0.08,0.08,0.14,0.08,0.11,0.1,0.1,7.32,0.27,4.45,8.37,7.62,5.41,9.78,5.41,14.83,Jogging
13,0.07,0.12,0.14,0.11,0.07,0.06,0.06,0.16,0.12,0.11,0.11,0.13,0.07,0.07,0.1,0.14,0.08,0.14,0.1,0.0,0.14,0.09,0.11,0.07,0.1,0.11,0.09,0.1,0.12,0.09,7.64,0.3,4.6,8.08,7.52,5.42,9.4,5.42,14.81,Jogging
13,0.13,0.13,0.1,0.13,0.07,0.08,0.08,0.1,0.08,0.12,0.06,0.09,0.13,0.12,0.11,0.11,0.08,0.08,0.1,0.0,0.07,0.09,0.09,0.12,0.11,0.12,0.1,0.11,0.07,0.14,8.24,1.56,4.59,7.67,6.62,5.47,8.79,5.47,14.18,Jogging
13,0.09,0.1,0.11,0.11,0.08,0.09,0.13,0.15,0.06,0.11,0.08,0.09,0.1,0.16,0.06,0.12,0.12,0.07,0.09,0.0,0.08,0.1,0.11,0.12,0.11,0.1,0.12,0.14,0.11,0.05,7.8,0.81,4.28,7.79,6.36,5.22,9.01,5.22,13.84,Jogging
13,0.08,0.1,0.13,0.11,0.12,0.06,0.09,0.08,0.07,0.19,0.09,0.08,0.08,0.19,0.1,0.07,0.12,0.11,0.07,0.0,0.1,0.08,0.08,0.09,0.06,0.1,0.13,0.17,0.13,0.08,7.69,1.46,4.81,7.71,6.84,5.94,8.85,5.94,14.46,Jogging
13,0.1,0.14,0.09,0.14,0.08,0.06,0.1,0.1,0.11,0.1,0.11,0.11,0.07,0.11,0.09,0.08,0.11,0.14,0.08,0.0,0.1,0.1,0.08,0.1,0.07,0.11,0.13,0.09,0.13,0.1,7.73,1.27,4.39,8.34,7.04,5.29,9.55,5.29,14.61,Jogging
13,0.11,0.11,0.12,0.14,0.13,0.05,0.08,0.08,0.16,0.06,0.11,0.08,0.15,0.08,0.11,0.14,0.09,0.09,0.1,0.0,0.1,0.13,0.09,0.11,0.12,0.09,0.13,0.07,0.11,0.09,7.07,0.31,4.32,7.37,6.97,5.15,8.76,5.15,13.77,Jogging
13,0.09,0.09,0.12,0.07,0.13,0.09,0.07,0.13,0.07,0.17,0.06,0.1,0.09,0.14,0.07,0.13,0.12,0.11,0.04,0.0,0.11,0.07,0.07,0.15,0.09,0.1,0.07,0.13,0.13,0.11,8.32,1.52,4.53,7.45,7.01,5.56,8.57,5.56,14.46,Jogging
13,0.07,0.11,0.1,0.14,0.09,0.08,0.1,0.14,0.1,0.1,0.09,0.1,0.15,0.1,0.13,0.06,0.1,0.09,0.08,0.0,0.1,0.1,0.1,0.1,0.11,0.17,0.04,0.09,0.12,0.09,7.5,0.62,4.09,7.86,6.9,4.98,9.02,4.98,13.71,Jogging
13,0.08,0.18,0.08,0.1,0.1,0.1,0.07,0.13,0.09,0.1,0.11,0.13,0.12,0.12,0.07,0.08,0.11,0.1,0.09,0.0,0.11,0.09,0.13,0.06,0.09,0.09,0.15,0.1,0.12,0.08,6.74,0.54,4.34,8.17,7.03,5.27,9.29,5.27,13.87,Jogging
13,0.06,0.17,0.1,0.09,0.1,0.07,0.11,0.09,0.16,0.08,0.11,0.06,0.13,0.1,0.11,0.09,0.11,0.11,0.11,0.0,0.1,0.07,0.14,0.11,0.07,0.08,0.09,0.08,0.18,0.1,7.76,1.19,4.26,7.97,7.08,4.98,9.24,4.98,14.42,Jogging
13,0.13,0.06,0.16,0.12,0.02,0.04,0.08,0.15,0.14,0.13,0.11,0.12,0.08,0.1,0.08,0.13,0.04,0.13,0.1,0.0,0.11,0.1,0.07,0.13,0.08,0.12,0.08,0.14,0.08,0.12,7.48,0.95,4.92,8.26,7.1,5.6,9.61,5.6,14.68,Jogging
13,0.11,0.09,0.11,0.1,0.08,0.05,0.05,0.15,0.15,0.14,0.06,0.1,0.13,0.08,0.12,0.14,0.1,0.06,0.06,0.0,0.07,0.1,0.06,0.09,0.14,0.1,0.14,0.16,0.1,0.08,8.29,1.79,4.99,7.36,6.09,5.89,8.55,5.89,14.17,Jogging
13,0.08,0.1,0.12,0.1,0.11,0.06,0.11,0.15,0.11,0.07,0.11,0.06,0.16,0.09,0.08,0.1,0.19,0.08,0.07,0.0,0.07,0.1,0.11,0.13,0.14,0.11,0.07,0.14,0.08,0.07,7.36,0.69,4.17,7.55,6.2,5.03,8.73,5.03,13.35,Jogging
13,0.01,0.01,0.02,0.06,0.09,0.16,0.06,0.03,0.01,0.01,0.0,0.01,0.01,0.01,0.04,0.24,0.1,0.03,0.02,0.0,0.0,0.0,0.03,0.18,0.14,0.04,0.02,0.03,0.01,0.01,4.56,0.24,0.81,2.74,1.21,2.61,6.94,2.61,5.03,Jogging
13,0.15,0.07,0.07,0.06,0.07,0.07,0.1,0.07,0.12,0.24,0.14,0.09,0.1,0.1,0.09,0.11,0.06,0.08,0.07,0.17,0.16,0.1,0.09,0.07,0.05,0.07,0.12,0.1,0.15,0.11,9.52,1.69,2.14,4.02,2.14,2.83,5.06,2.83,10.74,Upstairs
13,0.12,0.11,0.12,0.1,0.09,0.11,0.09,0.1,0.12,0.07,0.13,0.08,0.13,0.1,0.11,0.04,0.08,0.1,0.14,0.12,0.1,0.13,0.12,0.07,0.1,0.09,0.14,0.09,0.08,0.1,9.59,1.6,1.64,3.71,1.68,2.09,4.37,2.09,10.34,Upstairs
13,0.14,0.09,0.08,0.11,0.09,0.12,0.14,0.11,0.07,0.07,0.11,0.11,0.11,0.1,0.07,0.09,0.1,0.12,0.1,0.11,0.07,0.1,0.08,0.1,0.11,0.09,0.16,0.11,0.1,0.09,9.48,1.74,1.61,3.61,1.52,2.1,4.34,2.1,10.18,Upstairs
13,0.06,0.13,0.1,0.12,0.14,0.13,0.11,0.08,0.06,0.09,0.07,0.11,0.06,0.11,0.13,0.11,0.13,0.15,0.09,0.06,0.1,0.07,0.11,0.11,0.16,0.1,0.1,0.09,0.09,0.1,9.68,1.65,1.53,2.98,1.55,1.92,3.69,1.92,10.28,Upstairs
13,0.05,0.1,0.12,0.12,0.11,0.12,0.09,0.11,0.12,0.08,0.08,0.12,0.09,0.1,0.13,0.11,0.11,0.1,0.09,0.11,0.09,0.14,0.13,0.1,0.11,0.12,0.04,0.09,0.12,0.08,9.68,1.52,1.44,3.17,1.67,1.85,3.91,1.85,10.3,Upstairs
13,0.08,0.12,0.08,0.12,0.14,0.1,0.08,0.13,0.12,0.06,0.09,0.1,0.1,0.11,0.09,0.11,0.14,0.11,0.12,0.06,0.09,0.07,0.11,0.13,0.11,0.11,0.09,0.11,0.08,0.12,9.55,1.71,1.42,3.19,1.7,1.84,3.9,1.84,10.24,Upstairs
13,0.02,0.01,0.01,0.01,0.0,0.01,0.0,0.01,0.04,0.03,0.01,0.02,0.02,0.01,0.01,0.02,0.01,0.01,0.01,0.01,0.0,0.01,0.0,0.01,0.01,0.0,0.02,0.02,0.03,0.03,1.13,0.36,0.23,1.0,0.32,2.43,9.38,2.43,1.24,Upstairs
13,0.11,0.09,0.07,0.08,0.08,0.15,0.13,0.09,0.12,0.11,0.13,0.09,0.1,0.09,0.09,0.06,0.11,0.13,0.1,0.11,0.11,0.07,0.09,0.09,0.06,0.11,0.15,0.1,0.12,0.11,9.51,1.86,2.38,3.14,1.83,3.1,4.0,3.1,10.36,Downstairs
13,0.09,0.12,0.13,0.11,0.1,0.1,0.09,0.1,0.12,0.08,0.11,0.12,0.12,0.1,0.12,0.06,0.08,0.06,0.12,0.13,0.08,0.09,0.11,0.09,0.1,0.12,0.07,0.13,0.12,0.1,9.49,1.76,2.53,3.11,1.88,3.28,3.82,3.28,10.4,Downstairs
13,0.18,0.13,0.07,0.12,0.08,0.08,0.08,0.12,0.09,0.08,0.14,0.11,0.07,0.11,0.09,0.1,0.08,0.12,0.08,0.13,0.13,0.06,0.14,0.08,0.11,0.12,0.1,0.07,0.07,0.14,9.41,1.56,2.89,3.07,2.02,3.68,3.89,3.68,10.44,Downstairs
13,0.1,0.12,0.12,0.14,0.12,0.08,0.08,0.1,0.08,0.09,0.08,0.11,0.11,0.08,0.11,0.13,0.09,0.1,0.11,0.09,0.11,0.16,0.11,0.13,0.13,0.05,0.08,0.1,0.06,0.09,9.51,1.25,2.6,2.75,1.83,3.26,3.57,3.26,10.37,Downstairs
13,0.06,0.08,0.11,0.08,0.13,0.1,0.13,0.11,0.14,0.09,0.06,0.06,0.11,0.11,0.16,0.14,0.14,0.1,0.1,0.06,0.06,0.09,0.12,0.06,0.14,0.13,0.13,0.11,0.11,0.07,9.57,1.72,2.1,2.11,1.56,2.71,2.82,2.71,10.3,Downstairs
13,0.07,0.08,0.1,0.11,0.13,0.08,0.13,0.09,0.1,0.13,0.07,0.12,0.12,0.11,0.07,0.13,0.12,0.1,0.09,0.1,0.09,0.08,0.11,0.11,0.1,0.1,0.1,0.11,0.13,0.1,9.62,1.72,2.22,2.69,1.83,2.81,3.47,2.81,10.38,Downstairs
13,0.03,0.04,0.04,0.04,0.03,0.04,0.04,0.05,0.03,0.09,0.05,0.05,0.05,0.03,0.03,0.03,0.04,0.05,0.06,0.03,0.08,0.05,0.03,0.05,0.03,0.04,0.04,0.02,0.04,0.06,3.83,0.59,1.18,2.29,0.94,3.98,6.59,3.98,4.33,Downstairs
13,0.12,0.12,0.1,0.09,0.09,0.05,0.1,0.07,0.08,0.18,0.17,0.12,0.13,0.06,0.05,0.05,0.04,0.07,0.12,0.21,0.1,0.1,0.12,0.08,0.11,0.1,0.12,0.11,0.09,0.09,9.32,1.76,1.66,3.44,1.74,2.04,4.24,2.04,10.09,Upstairs
13,0.14,0.1,0.08,0.11,0.1,0.1,0.1,0.14,0.08,0.08,0.13,0.1,0.11,0.1,0.08,0.08,0.12,0.08,0.11,0.11,0.11,0.12,0.09,0.1,0.1,0.08,0.08,0.13,0.08,0.14,9.27,2.0,1.53,2.43,1.91,1.89,3.14,1.89,10.09,Upstairs
13,0.12,0.08,0.16,0.09,0.1,0.09,0.08,0.1,0.1,0.1,0.08,0.1,0.12,0.08,0.11,0.11,0.09,0.1,0.12,0.1,0.1,0.1,0.14,0.11,0.08,0.1,0.1,0.1,0.08,0.12,9.53,1.81,1.54,2.17,1.73,1.94,2.89,1.94,10.19,Upstairs
13,0.09,0.12,0.12,0.08,0.09,0.14,0.08,0.08,0.15,0.08,0.1,0.11,0.08,0.14,0.07,0.07,0.14,0.11,0.11,0.08,0.08,0.11,0.08,0.13,0.11,0.08,0.13,0.09,0.09,0.11,9.26,2.1,1.45,2.29,1.9,1.82,3.01,1.82,10.08,Upstairs
13,0.08,0.12,0.07,0.1,0.11,0.12,0.1,0.13,0.09,0.1,0.08,0.11,0.07,0.09,0.11,0.13,0.11,0.11,0.13,0.09,0.12,0.13,0.1,0.08,0.1,0.09,0.1,0.11,0.09,0.09,9.42,1.78,1.42,2.12,1.75,1.75,2.84,1.75,10.1,Upstairs
13,0.05,0.1,0.09,0.12,0.1,0.12,0.12,0.1,0.12,0.11,0.05,0.08,0.14,0.13,0.09,0.17,0.1,0.11,0.1,0.05,0.11,0.11,0.08,0.12,0.09,0.12,0.08,0.09,0.14,0.06,9.48,1.93,1.27,1.72,1.76,1.53,2.4,1.53,10.12,Upstairs
13,0.09,0.09,0.08,0.11,0.12,0.13,0.06,0.13,0.1,0.11,0.11,0.1,0.07,0.14,0.11,0.11,0.11,0.11,0.08,0.09,0.08,0.08,0.07,0.08,0.12,0.13,0.11,0.11,0.13,0.12,9.18,2.24,1.37,2.15,1.83,1.73,2.9,1.73,10.01,Upstairs
13,0.09,0.1,0.08,0.1,0.09,0.15,0.09,0.15,0.09,0.08,0.1,0.1,0.08,0.08,0.13,0.14,0.11,0.1,0.09,0.08,0.09,0.08,0.09,0.14,0.11,0.09,0.11,0.11,0.12,0.09,9.32,2.0,1.41,2.11,1.7,1.76,2.88,1.76,10.02,Upstairs
13,0.03,0.02,0.01,0.01,0.01,0.02,0.01,0.01,0.03,0.01,0.01,0.01,0.03,0.01,0.02,0.01,0.02,0.03,0.01,0.03,0.02,0.03,0.03,0.01,0.01,0.01,0.02,0.01,0.0,0.02,1.47,0.16,0.27,1.26,0.22,2.46,9.16,2.46,1.56,Upstairs
13,0.11,0.06,0.12,0.09,0.08,0.08,0.1,0.15,0.13,0.0,0.1,0.08,0.09,0.09,0.08,0.14,0.14,0.11,0.1,0.0,0.09,0.09,0.11,0.12,0.07,0.16,0.1,0.09,0.09,0.0,9.62,2.19,1.45,1.87,1.5,1.82,2.48,1.82,10.19,Downstairs
13,0.07,0.11,0.1,0.13,0.1,0.12,0.12,0.08,0.08,0.0,0.11,0.09,0.07,0.11,0.1,0.14,0.08,0.11,0.11,0.0,0.12,0.07,0.12,0.13,0.09,0.08,0.13,0.09,0.1,0.0,9.63,1.97,1.26,2.15,1.6,1.64,2.97,1.64,10.17,Downstairs
13,0.09,0.11,0.1,0.06,0.09,0.1,0.09,0.15,0.14,0.0,0.1,0.08,0.12,0.15,0.1,0.09,0.08,0.1,0.1,0.0,0.1,0.11,0.11,0.08,0.13,0.09,0.12,0.11,0.07,0.0,9.53,2.17,1.39,2.03,1.56,1.69,2.69,1.69,10.1,Downstairs
13,0.12,0.09,0.08,0.1,0.1,0.12,0.11,0.07,0.12,0.0,0.07,0.11,0.12,0.11,0.1,0.1,0.12,0.11,0.11,0.0,0.11,0.1,0.09,0.09,0.12,0.12,0.07,0.13,0.11,0.0,9.57,2.12,1.35,1.85,1.52,1.68,2.5,1.68,10.13,Downstairs
13,0.1,0.11,0.1,0.14,0.1,0.1,0.1,0.08,0.1,0.0,0.1,0.09,0.1,0.1,0.12,0.13,0.09,0.12,0.09,0.0,0.09,0.13,0.09,0.1,0.11,0.1,0.1,0.12,0.1,0.0,9.56,2.02,1.27,1.98,1.55,1.62,2.75,1.62,10.1,Downstairs
13,0.09,0.1,0.1,0.1,0.11,0.15,0.08,0.1,0.11,0.0,0.07,0.11,0.12,0.13,0.12,0.09,0.1,0.07,0.09,0.0,0.1,0.09,0.08,0.14,0.08,0.1,0.08,0.12,0.12,0.0,9.63,2.14,1.25,2.03,1.69,1.59,2.74,1.59,10.22,Downstairs
13,0.12,0.11,0.09,0.14,0.11,0.1,0.07,0.08,0.09,0.0,0.12,0.12,0.09,0.08,0.08,0.1,0.11,0.1,0.11,0.0,0.1,0.12,0.1,0.09,0.08,0.09,0.1,0.12,0.12,0.0,9.55,2.23,1.37,2.19,1.68,1.83,2.91,1.83,10.17,Downstairs
13,0.05,0.06,0.05,0.02,0.01,0.05,0.03,0.06,0.01,0.0,0.08,0.05,0.05,0.02,0.03,0.02,0.03,0.02,0.05,0.0,0.05,0.04,0.04,0.04,0.06,0.02,0.03,0.03,0.05,0.0,3.75,1.01,0.7,2.29,1.0,2.24,6.85,2.24,4.14,Downstairs
13,0.11,0.12,0.08,0.11,0.09,0.12,0.04,0.12,0.13,0.09,0.12,0.07,0.11,0.1,0.09,0.09,0.1,0.09,0.11,0.13,0.11,0.11,0.14,0.09,0.12,0.1,0.1,0.1,0.07,0.08,9.61,1.73,1.08,2.3,1.65,1.41,3.17,1.41,10.16,Upstairs
13,0.11,0.13,0.11,0.08,0.1,0.09,0.12,0.1,0.08,0.1,0.12,0.09,0.11,0.09,0.1,0.08,0.1,0.08,0.13,0.13,0.08,0.1,0.11,0.1,0.11,0.08,0.14,0.1,0.09,0.1,9.4,2.0,1.07,2.29,1.79,1.44,3.03,1.44,10.12,Upstairs
13,0.11,0.1,0.15,0.08,0.1,0.12,0.06,0.12,0.11,0.08,0.1,0.1,0.08,0.12,0.13,0.09,0.09,0.1,0.08,0.12,0.09,0.12,0.11,0.13,0.09,0.09,0.1,0.1,0.08,0.11,9.43,1.91,1.09,2.02,1.76,1.42,2.77,1.42,10.06,Upstairs
13,0.08,0.1,0.11,0.15,0.13,0.14,0.06,0.1,0.07,0.09,0.1,0.1,0.11,0.11,0.1,0.08,0.14,0.09,0.11,0.09,0.1,0.09,0.07,0.11,0.1,0.15,0.11,0.09,0.1,0.11,9.4,2.08,0.99,1.98,1.72,1.26,2.66,1.26,10.05,Upstairs
13,0.09,0.1,0.08,0.13,0.1,0.11,0.13,0.1,0.12,0.07,0.09,0.09,0.09,0.11,0.09,0.15,0.08,0.08,0.14,0.09,0.1,0.08,0.12,0.11,0.07,0.12,0.09,0.13,0.11,0.09,9.5,2.04,0.92,1.92,1.84,1.23,2.65,1.23,10.17,Upstairs
13,0.13,0.07,0.11,0.13,0.1,0.1,0.13,0.08,0.08,0.1,0.09,0.11,0.1,0.11,0.13,0.11,0.09,0.14,0.07,0.07,0.07,0.1,0.09,0.12,0.09,0.1,0.08,0.13,0.11,0.14,9.22,2.31,1.06,1.84,1.87,1.44,2.49,1.44,10.01,Upstairs
13,0.1,0.1,0.09,0.06,0.08,0.12,0.11,0.11,0.12,0.14,0.07,0.11,0.13,0.08,0.11,0.09,0.18,0.1,0.09,0.07,0.11,0.13,0.13,0.06,0.07,0.1,0.1,0.07,0.14,0.11,9.41,2.01,1.03,1.77,1.94,1.39,2.39,1.39,10.08,Upstairs
13,0.09,0.11,0.11,0.08,0.07,0.1,0.11,0.09,0.13,0.12,0.09,0.12,0.08,0.07,0.09,0.1,0.12,0.1,0.13,0.12,0.09,0.09,0.1,0.1,0.1,0.16,0.08,0.1,0.1,0.1,9.48,1.97,1.19,2.24,1.73,1.83,3.02,1.83,10.23,Upstairs
13,0.05,0.03,0.04,0.02,0.03,0.05,0.03,0.05,0.05,0.13,0.08,0.06,0.05,0.03,0.05,0.03,0.04,0.05,0.06,0.04,0.08,0.05,0.02,0.05,0.04,0.06,0.04,0.06,0.06,0.04,3.89,0.63,0.95,2.48,1.17,3.23,5.94,3.23,4.69,Upstairs
13,0.1,0.1,0.1,0.07,0.09,0.09,0.11,0.11,0.08,0.17,0.11,0.09,0.11,0.1,0.08,0.1,0.09,0.1,0.12,0.12,0.09,0.09,0.1,0.11,0.12,0.08,0.13,0.09,0.09,0.12,9.6,2.31,1.58,2.03,1.58,1.99,2.79,1.99,10.29,Downstairs
13,0.1,0.11,0.06,0.15,0.1,0.1,0.13,0.1,0.09,0.09,0.1,0.09,0.12,0.07,0.12,0.09,0.12,0.11,0.11,0.09,0.08,0.09,0.09,0.1,0.14,0.08,0.09,0.12,0.13,0.1,9.54,2.33,1.25,1.79,1.51,1.57,2.42,1.57,10.11,Downstairs
13,0.14,0.1,0.15,0.09,0.07,0.09,0.08,0.08,0.13,0.1,0.1,0.09,0.11,0.07,0.12,0.12,0.09,0.13,0.09,0.09,0.08,0.09,0.14,0.07,0.11,0.12,0.11,0.11,0.09,0.1,9.59,2.23,1.42,1.75,1.44,1.73,2.41,1.73,10.15,Downstairs
13,0.1,0.08,0.1,0.09,0.14,0.07,0.13,0.11,0.11,0.09,0.11,0.11,0.12,0.11,0.11,0.08,0.09,0.07,0.12,0.1,0.11,0.08,0.1,0.11,0.12,0.1,0.1,0.1,0.11,0.09,9.58,2.21,1.31,1.95,1.63,1.65,2.59,1.65,10.17,Downstairs
13,0.1,0.1,0.11,0.09,0.09,0.12,0.13,0.07,0.09,0.11,0.09,0.1,0.08,0.12,0.08,0.12,0.11,0.1,0.11,0.1,0.09,0.17,0.1,0.1,0.06,0.11,0.08,0.09,0.09,0.13,9.63,2.15,1.33,1.79,1.72,1.66,2.4,1.66,10.22,Downstairs
13,0.11,0.08,0.12,0.12,0.13,0.06,0.07,0.13,0.13,0.08,0.09,0.11,0.08,0.11,0.1,0.1,0.14,0.09,0.1,0.1,0.12,0.09,0.07,0.15,0.09,0.08,0.1,0.09,0.13,0.1,9.58,2.1,1.31,1.76,1.62,1.63,2.39,1.63,10.14,Downstairs
13,0.06,0.08,0.1,0.12,0.11,0.13,0.12,0.07,0.1,0.06,0.08,0.1,0.09,0.1,0.1,0.13,0.1,0.08,0.08,0.1,0.13,0.08,0.08,0.11,0.06,0.14,0.1,0.09,0.11,0.07,8.89,1.87,1.05,1.57,1.39,1.46,2.36,1.46,9.34,Downstairs
27,0.09,0.09,0.12,0.08,0.1,0.09,0.13,0.08,0.12,0.0,0.12,0.12,0.1,0.07,0.09,0.1,0.05,0.11,0.15,0.0,0.16,0.1,0.1,0.12,0.07,0.08,0.08,0.14,0.08,0.0,9.77,-0.75,3.88,5.0,2.54,5.0,5.76,5.0,11.69,Walking
27,0.1,0.07,0.12,0.09,0.12,0.13,0.09,0.09,0.09,0.0,0.13,0.11,0.07,0.11,0.06,0.12,0.11,0.09,0.11,0.0,0.12,0.1,0.06,0.14,0.09,0.08,0.13,0.11,0.09,0.0,9.84,-0.52,3.85,4.74,2.34,5.0,5.51,5.0,11.59,Walking
27,0.1,0.08,0.06,0.1,0.14,0.13,0.07,0.09,0.12,0.0,0.11,0.12,0.09,0.09,0.1,0.1,0.09,0.12,0.11,0.0,0.08,0.13,0.1,0.09,0.11,0.11,0.14,0.08,0.1,0.0,9.82,-0.37,3.81,4.55,2.39,4.83,5.28,4.83,11.48,Walking
27,0.03,0.16,0.07,0.09,0.14,0.12,0.09,0.11,0.11,0.0,0.1,0.09,0.09,0.12,0.13,0.09,0.08,0.11,0.12,0.0,0.09,0.14,0.09,0.08,0.13,0.11,0.12,0.09,0.08,0.0,9.9,-0.51,3.54,4.31,2.37,4.47,5.1,4.47,11.47,Walking
27,0.07,0.15,0.09,0.09,0.13,0.11,0.06,0.09,0.12,0.0,0.1,0.1,0.1,0.11,0.11,0.12,0.09,0.07,0.15,0.0,0.07,0.13,0.07,0.09,0.12,0.14,0.1,0.11,0.1,0.0,9.76,-0.26,3.52,4.34,2.48,4.48,5.11,4.48,11.37,Walking
27,0.07,0.1,0.09,0.12,0.09,0.11,0.09,0.09,0.17,0.0,0.12,0.08,0.11,0.1,0.1,0.11,0.11,0.09,0.09,0.0,0.14,0.11,0.09,0.06,0.11,0.09,0.08,0.13,0.11,0.0,9.79,-0.34,3.74,4.53,2.69,4.66,5.34,4.66,11.55,Walking
27,0.08,0.1,0.09,0.1,0.09,0.16,0.09,0.08,0.15,0.0,0.12,0.11,0.09,0.11,0.1,0.09,0.1,0.09,0.1,0.0,0.12,0.1,0.11,0.13,0.08,0.08,0.1,0.1,0.09,0.0,9.71,-0.56,3.76,4.57,2.43,4.76,5.37,4.76,11.38,Walking
27,0.1,0.1,0.1,0.06,0.1,0.13,0.11,0.1,0.13,0.0,0.13,0.08,0.13,0.06,0.08,0.16,0.08,0.08,0.11,0.0,0.09,0.09,0.13,0.1,0.1,0.15,0.09,0.11,0.09,0.0,9.7,-0.51,3.68,4.57,2.34,4.73,5.37,4.73,11.41,Walking
27,0.1,0.13,0.1,0.09,0.14,0.09,0.1,0.09,0.09,0.0,0.07,0.1,0.13,0.12,0.08,0.12,0.11,0.1,0.09,0.0,0.05,0.09,0.12,0.1,0.14,0.15,0.09,0.08,0.14,0.0,9.88,-0.2,3.59,4.31,2.42,4.6,5.05,4.6,11.43,Walking
27,0.1,0.15,0.04,0.07,0.14,0.12,0.08,0.13,0.1,0.0,0.13,0.07,0.12,0.07,0.11,0.09,0.09,0.1,0.12,0.0,0.11,0.12,0.08,0.08,0.14,0.11,0.11,0.1,0.06,0.0,9.9,-0.4,3.68,4.59,2.48,4.69,5.35,4.69,11.54,Walking
27,0.11,0.07,0.08,0.09,0.14,0.12,0.1,0.11,0.09,0.0,0.12,0.12,0.09,0.09,0.12,0.05,0.12,0.1,0.11,0.0,0.14,0.08,0.08,0.13,0.1,0.1,0.1,0.08,0.11,0.0,9.78,-0.53,3.71,4.7,2.48,4.62,5.41,4.62,11.4,Walking
27,0.12,0.09,0.14,0.12,0.1,0.09,0.07,0.08,0.09,0.0,0.13,0.13,0.09,0.08,0.11,0.05,0.08,0.13,0.12,0.0,0.13,0.09,0.14,0.1,0.1,0.06,0.08,0.12,0.11,0.0,9.81,-0.6,3.54,4.98,2.48,4.54,5.73,4.54,11.4,Walking
27,0.1,0.08,0.11,0.12,0.07,0.1,0.15,0.08,0.15,0.0,0.11,0.12,0.11,0.06,0.13,0.07,0.07,0.1,0.1,0.0,0.16,0.09,0.09,0.11,0.08,0.1,0.1,0.11,0.07,0.0,9.85,-0.59,3.46,4.83,2.48,4.26,5.62,4.26,11.43,Walking
27,0.11,0.1,0.09,0.09,0.11,0.13,0.08,0.15,0.06,0.0,0.14,0.08,0.07,0.1,0.08,0.11,0.09,0.13,0.13,0.0,0.12,0.11,0.1,0.1,0.11,0.08,0.1,0.11,0.11,0.0,10.06,-0.46,3.55,4.61,2.54,4.5,5.4,4.5,11.62,Walking
27,0.13,0.05,0.14,0.12,0.07,0.08,0.12,0.11,0.1,0.0,0.12,0.13,0.08,0.09,0.08,0.07,0.11,0.13,0.1,0.0,0.11,0.09,0.12,0.13,0.08,0.07,0.1,0.1,0.1,0.0,9.75,-0.28,3.64,4.88,2.68,4.63,5.58,4.63,11.45,Walking
27,0.14,0.07,0.11,0.11,0.09,0.12,0.1,0.1,0.08,0.0,0.11,0.1,0.1,0.13,0.1,0.08,0.13,0.1,0.06,0.0,0.08,0.11,0.12,0.09,0.11,0.08,0.16,0.08,0.09,0.0,9.57,-0.36,3.65,4.5,2.38,4.61,5.28,4.61,11.2,Walking
27,0.13,0.1,0.07,0.11,0.1,0.11,0.1,0.09,0.11,0.0,0.1,0.09,0.09,0.14,0.12,0.06,0.13,0.09,0.12,0.0,0.06,0.1,0.12,0.14,0.07,0.12,0.1,0.08,0.13,0.0,9.75,-0.15,3.59,4.22,2.56,4.49,4.93,4.49,11.33,Walking
27,0.12,0.08,0.12,0.08,0.1,0.06,0.13,0.1,0.14,0.0,0.04,0.11,0.14,0.11,0.13,0.14,0.09,0.07,0.11,0.0,0.05,0.09,0.1,0.12,0.09,0.14,0.14,0.07,0.1,0.0,9.97,-0.17,3.7,3.97,2.38,4.47,4.79,4.47,11.45,Walking
27,0.1,0.09,0.08,0.15,0.09,0.1,0.11,0.09,0.1,0.0,0.1,0.1,0.11,0.12,0.07,0.09,0.13,0.15,0.07,0.0,0.1,0.14,0.09,0.07,0.14,0.11,0.06,0.11,0.1,0.0,9.64,-0.63,3.46,4.39,2.34,4.32,5.08,4.32,11.12,Walking
27,0.11,0.1,0.1,0.08,0.12,0.09,0.13,0.1,0.1,0.0,0.09,0.09,0.09,0.15,0.09,0.12,0.13,0.05,0.11,0.0,0.11,0.11,0.07,0.08,0.11,0.12,0.11,0.09,0.1,0.0,9.84,-0.3,3.48,4.22,2.44,4.31,4.99,4.31,11.34,Walking
27,0.08,0.12,0.15,0.07,0.11,0.07,0.1,0.12,0.09,0.0,0.05,0.13,0.1,0.13,0.1,0.17,0.1,0.07,0.08,0.0,0.07,0.11,0.09,0.1,0.12,0.12,0.09,0.12,0.08,0.0,9.73,-0.22,3.44,4.02,2.38,4.4,4.84,4.4,11.21,Walking
27,0.11,0.09,0.16,0.07,0.13,0.07,0.13,0.08,0.09,0.0,0.08,0.13,0.1,0.1,0.07,0.11,0.15,0.09,0.09,0.0,0.09,0.07,0.14,0.11,0.09,0.08,0.11,0.11,0.11,0.0,9.87,-0.1,3.35,4.5,2.7,4.3,5.26,4.3,11.42,Walking
27,0.13,0.12,0.14,0.1,0.06,0.1,0.09,0.09,0.07,0.0,0.08,0.11,0.1,0.11,0.13,0.12,0.13,0.1,0.06,0.0,0.08,0.1,0.08,0.11,0.11,0.09,0.11,0.15,0.11,0.0,9.72,-0.25,3.36,4.06,2.32,4.37,4.93,4.37,11.16,Walking
27,0.12,0.12,0.09,0.12,0.09,0.08,0.06,0.15,0.08,0.0,0.11,0.08,0.13,0.03,0.14,0.1,0.1,0.12,0.1,0.0,0.1,0.1,0.1,0.09,0.12,0.1,0.08,0.1,0.13,0.0,10.09,-0.12,3.52,4.56,2.68,4.55,5.35,4.55,11.65,Walking
27,0.11,0.12,0.07,0.13,0.08,0.12,0.11,0.1,0.09,0.0,0.07,0.09,0.11,0.09,0.17,0.09,0.09,0.1,0.13,0.0,0.12,0.07,0.11,0.08,0.11,0.12,0.11,0.1,0.08,0.0,9.96,-0.28,3.34,4.17,2.47,4.19,4.94,4.19,11.42,Walking
27,0.09,0.15,0.1,0.1,0.11,0.1,0.08,0.11,0.09,0.0,0.07,0.11,0.11,0.11,0.1,0.15,0.09,0.08,0.13,0.0,0.09,0.08,0.1,0.11,0.09,0.15,0.07,0.13,0.1,0.0,9.94,-0.24,3.41,4.15,2.37,4.43,4.94,4.43,11.4,Walking
27,0.11,0.11,0.1,0.1,0.12,0.09,0.09,0.13,0.11,0.0,0.12,0.08,0.12,0.11,0.12,0.07,0.09,0.11,0.11,0.0,0.09,0.09,0.11,0.13,0.09,0.09,0.12,0.11,0.1,0.0,9.74,-0.37,3.4,4.52,2.43,4.25,5.3,4.25,11.24,Walking
27,0.07,0.1,0.14,0.12,0.12,0.11,0.08,0.09,0.07,0.0,0.11,0.11,0.08,0.13,0.07,0.1,0.09,0.13,0.1,0.0,0.06,0.11,0.1,0.12,0.11,0.12,0.09,0.12,0.08,0.0,9.98,-0.27,3.55,4.47,2.41,4.66,5.25,4.66,11.5,Walking
27,0.11,0.09,0.11,0.08,0.1,0.13,0.1,0.11,0.1,0.0,0.12,0.11,0.07,0.07,0.12,0.08,0.1,0.15,0.09,0.0,0.11,0.07,0.16,0.09,0.06,0.1,0.11,0.12,0.12,0.0,9.92,-0.42,3.71,4.66,2.38,4.69,5.46,4.69,11.56,Walking
27,0.1,0.12,0.08,0.1,0.08,0.11,0.13,0.11,0.12,0.0,0.11,0.1,0.09,0.11,0.12,0.13,0.1,0.09,0.1,0.0,0.11,0.09,0.1,0.11,0.1,0.09,0.11,0.11,0.11,0.0,9.7,-0.38,3.47,4.19,2.51,4.31,5.01,4.31,11.28,Walking
27,0.12,0.07,0.08,0.12,0.1,0.11,0.11,0.12,0.09,0.0,0.1,0.1,0.11,0.09,0.11,0.09,0.1,0.13,0.1,0.0,0.1,0.09,0.14,0.12,0.11,0.09,0.08,0.09,0.13,0.0,9.81,-0.45,3.71,4.51,2.52,4.61,5.24,4.61,11.42,Walking
27,0.08,0.09,0.09,0.14,0.09,0.09,0.14,0.11,0.12,0.0,0.05,0.12,0.13,0.12,0.1,0.1,0.12,0.09,0.07,0.0,0.1,0.08,0.1,0.11,0.14,0.12,0.06,0.09,0.1,0.0,9.79,-0.34,3.56,4.3,2.51,4.4,5.09,4.4,11.29,Walking
27,0.03,0.04,0.03,0.02,0.01,0.01,0.02,0.03,0.02,0.0,0.01,0.03,0.04,0.02,0.02,0.03,0.02,0.03,0.01,0.0,0.02,0.0,0.01,0.01,0.0,0.0,0.02,0.02,0.08,0.0,1.75,0.5,0.69,1.42,0.76,4.64,8.23,4.64,2.28,Walking
27,0.1,0.16,0.13,0.14,0.11,0.09,0.05,0.06,0.13,0.05,0.07,0.09,0.08,0.09,0.08,0.11,0.12,0.13,0.12,0.13,0.07,0.09,0.12,0.13,0.13,0.12,0.12,0.08,0.07,0.08,-0.31,-1.3,8.12,6.28,4.29,10.27,8.23,10.27,12.42,Jogging
27,0.0,0.0,0.0,0.11,0.07,0.18,0.15,0.09,0.14,0.27,0.25,0.19,0.06,0.07,0.09,0.06,0.15,0.07,0.08,0.0,0.07,0.07,0.12,0.15,0.12,0.12,0.05,0.14,0.1,0.08,-6.6,-1.0,4.83,7.89,4.5,6.22,8.76,6.22,11.94,Jogging
27,0.0,0.0,0.02,0.09,0.18,0.1,0.11,0.09,0.08,0.33,0.24,0.16,0.05,0.04,0.11,0.03,0.16,0.11,0.07,0.04,0.12,0.06,0.09,0.14,0.09,0.09,0.1,0.1,0.08,0.14,-5.57,-0.83,6.17,7.96,5.26,8.08,8.95,8.08,12.78,Jogging
27,0.0,0.0,0.0,0.08,0.18,0.11,0.09,0.04,0.1,0.38,0.13,0.11,0.08,0.1,0.07,0.09,0.16,0.13,0.06,0.09,0.08,0.1,0.08,0.17,0.12,0.06,0.09,0.1,0.11,0.12,-2.74,-0.7,7.38,6.62,4.99,9.7,8.29,9.7,12.36,Jogging
27,0.0,0.01,0.05,0.09,0.09,0.13,0.09,0.1,0.08,0.39,0.0,0.01,0.07,0.05,0.06,0.08,0.11,0.07,0.11,0.42,0.07,0.07,0.13,0.1,0.14,0.1,0.1,0.1,0.12,0.11,7.21,-0.55,6.99,7.24,4.72,8.94,8.27,8.94,13.73,Jogging
27,0.11,0.08,0.05,0.09,0.18,0.09,0.11,0.11,0.07,0.14,0.0,0.0,0.0,0.06,0.14,0.13,0.11,0.08,0.1,0.34,0.11,0.1,0.07,0.09,0.12,0.11,0.07,0.11,0.14,0.08,6.6,-0.49,6.84,6.97,5.17,9.14,7.91,9.14,12.94,Jogging
27,0.12,0.15,0.14,0.13,0.08,0.11,0.14,0.07,0.06,0.03,0.11,0.1,0.08,0.11,0.14,0.12,0.09,0.1,0.11,0.07,0.08,0.09,0.14,0.1,0.13,0.13,0.11,0.09,0.05,0.09,-2.76,-1.38,7.79,5.87,4.38,10.13,7.48,10.13,12.08,Jogging
27,0.15,0.08,0.13,0.11,0.08,0.06,0.12,0.14,0.12,0.04,0.1,0.07,0.11,0.09,0.1,0.15,0.13,0.11,0.13,0.05,0.08,0.12,0.09,0.07,0.07,0.09,0.13,0.12,0.18,0.07,-2.08,-0.53,7.72,5.5,4.94,10.0,7.09,10.0,11.78,Jogging
27,0.09,0.14,0.19,0.13,0.08,0.07,0.13,0.09,0.08,0.03,0.13,0.14,0.05,0.08,0.1,0.13,0.11,0.15,0.1,0.03,0.06,0.09,0.12,0.12,0.08,0.09,0.17,0.12,0.1,0.08,-3.16,-0.77,7.84,6.36,4.41,9.97,7.76,9.97,12.11,Jogging
27,0.12,0.15,0.12,0.1,0.06,0.12,0.14,0.13,0.07,0.02,0.1,0.12,0.1,0.09,0.12,0.1,0.12,0.11,0.12,0.05,0.11,0.09,0.12,0.11,0.11,0.07,0.11,0.12,0.09,0.09,-2.63,-1.32,7.9,5.9,4.97,10.33,7.44,10.33,12.3,Jogging
27,0.11,0.1,0.16,0.07,0.08,0.08,0.14,0.14,0.1,0.04,0.11,0.06,0.05,0.11,0.15,0.17,0.12,0.08,0.13,0.05,0.08,0.15,0.11,0.07,0.12,0.07,0.07,0.11,0.12,0.11,-2.07,-1.06,7.51,5.25,5.22,9.81,7.13,9.81,11.83,Jogging
27,0.1,0.13,0.12,0.12,0.12,0.09,0.07,0.09,0.11,0.07,0.14,0.14,0.08,0.11,0.12,0.07,0.09,0.11,0.11,0.05,0.09,0.07,0.12,0.13,0.08,0.12,0.11,0.1,0.09,0.09,-3.93,-1.14,7.63,6.72,4.68,9.71,8.12,9.71,12.79,Jogging
27,0.12,0.16,0.08,0.09,0.1,0.11,0.05,0.13,0.11,0.08,0.14,0.09,0.08,0.11,0.09,0.1,0.08,0.1,0.16,0.08,0.09,0.13,0.07,0.08,0.09,0.07,0.05,0.17,0.14,0.13,-2.47,-0.2,7.89,6.6,5.34,10.21,8.14,10.21,12.76,Jogging
27,0.1,0.09,0.11,0.06,0.1,0.1,0.13,0.14,0.14,0.05,0.1,0.09,0.12,0.08,0.1,0.12,0.09,0.14,0.1,0.07,0.15,0.08,0.09,0.07,0.1,0.11,0.11,0.11,0.1,0.1,-2.36,-1.13,6.99,5.85,5.26,9.25,7.39,9.25,11.86,Jogging
27,0.12,0.12,0.09,0.1,0.12,0.07,0.07,0.1,0.12,0.1,0.09,0.1,0.2,0.1,0.06,0.11,0.1,0.07,0.13,0.07,0.18,0.13,0.08,0.07,0.1,0.06,0.13,0.08,0.1,0.09,-2.68,-2.03,7.82,6.02,5.59,10.02,7.51,10.02,12.86,Jogging
27,0.14,0.11,0.13,0.08,0.1,0.05,0.09,0.1,0.11,0.11,0.06,0.14,0.16,0.13,0.08,0.06,0.09,0.09,0.09,0.13,0.12,0.11,0.12,0.06,0.05,0.08,0.09,0.09,0.15,0.16,-1.82,-0.47,8.49,6.01,5.99,10.55,7.26,10.55,13.16,Jogging
27,0.13,0.1,0.12,0.08,0.09,0.12,0.11,0.09,0.11,0.07,0.11,0.12,0.12,0.1,0.12,0.09,0.08,0.09,0.13,0.07,0.16,0.13,0.12,0.07,0.09,0.08,0.09,0.13,0.07,0.1,-2.93,-1.94,7.56,6.09,5.56,9.97,7.69,9.97,12.62,Jogging
27,0.12,0.15,0.09,0.11,0.08,0.08,0.07,0.11,0.12,0.09,0.08,0.08,0.12,0.13,0.11,0.08,0.1,0.11,0.13,0.09,0.12,0.16,0.06,0.11,0.1,0.07,0.08,0.12,0.09,0.1,-1.53,-1.49,8.32,5.64,5.24,10.55,7.23,10.55,12.71,Jogging
27,0.17,0.08,0.09,0.08,0.12,0.09,0.11,0.09,0.11,0.08,0.12,0.09,0.15,0.12,0.07,0.11,0.07,0.1,0.08,0.11,0.12,0.11,0.11,0.07,0.08,0.14,0.09,0.08,0.08,0.15,-2.54,-0.84,7.98,6.23,5.39,10.39,7.8,10.39,12.84,Jogging
27,0.1,0.11,0.13,0.09,0.1,0.08,0.08,0.13,0.12,0.07,0.04,0.12,0.2,0.08,0.08,0.09,0.09,0.1,0.11,0.11,0.16,0.09,0.06,0.09,0.1,0.07,0.11,0.11,0.1,0.13,-1.64,-0.92,7.61,5.6,5.82,9.67,6.84,9.67,12.25,Jogging
27,0.15,0.11,0.12,0.09,0.08,0.08,0.08,0.16,0.14,0.03,0.08,0.09,0.11,0.18,0.1,0.11,0.08,0.09,0.08,0.11,0.1,0.12,0.12,0.07,0.09,0.08,0.11,0.11,0.14,0.08,-1.86,-0.92,8.02,5.47,5.25,10.37,7.22,10.37,12.55,Jogging
27,0.1,0.13,0.14,0.1,0.07,0.12,0.09,0.09,0.12,0.05,0.07,0.11,0.08,0.1,0.13,0.11,0.17,0.07,0.09,0.1,0.02,0.09,0.13,0.14,0.11,0.13,0.12,0.12,0.06,0.1,-1.64,-0.52,7.5,5.31,4.2,9.7,6.9,9.7,11.2,Jogging
27,0.11,0.1,0.13,0.15,0.08,0.14,0.12,0.07,0.09,0.04,0.06,0.11,0.11,0.16,0.08,0.08,0.12,0.1,0.13,0.08,0.11,0.09,0.1,0.16,0.09,0.12,0.06,0.1,0.12,0.08,-1.91,-1.07,7.1,5.43,5.01,9.4,6.9,9.4,11.38,Jogging
27,0.13,0.1,0.09,0.08,0.09,0.12,0.15,0.13,0.07,0.06,0.09,0.14,0.12,0.13,0.08,0.1,0.07,0.12,0.09,0.08,0.1,0.07,0.15,0.07,0.1,0.13,0.12,0.07,0.13,0.08,-2.67,-0.95,7.22,5.99,4.7,9.71,7.49,9.71,12.04,Jogging
27,0.13,0.09,0.1,0.08,0.14,0.12,0.1,0.11,0.1,0.06,0.12,0.06,0.15,0.13,0.1,0.13,0.06,0.1,0.08,0.1,0.11,0.13,0.08,0.1,0.13,0.09,0.16,0.05,0.09,0.09,-2.4,-1.61,7.16,5.63,4.92,9.6,7.31,9.6,11.79,Jogging
27,0.1,0.16,0.12,0.11,0.1,0.15,0.07,0.06,0.11,0.05,0.05,0.1,0.16,0.11,0.15,0.13,0.04,0.09,0.07,0.13,0.08,0.09,0.12,0.11,0.1,0.14,0.14,0.07,0.09,0.08,-1.82,-1.25,7.77,5.2,4.54,10.09,6.71,10.09,11.76,Jogging
27,0.11,0.09,0.12,0.17,0.09,0.08,0.05,0.04,0.06,0.05,0.12,0.13,0.07,0.09,0.11,0.07,0.05,0.08,0.05,0.09,0.09,0.08,0.07,0.08,0.1,0.1,0.09,0.07,0.07,0.11,-2.97,-0.74,6.79,5.75,4.21,10.12,8.63,10.12,11.15,Jogging
27,0.52,0.32,0.04,0.05,0.05,0.04,0.0,0.0,0.0,0.0,0.03,0.08,0.06,0.05,0.06,0.05,0.12,0.16,0.19,0.0,0.07,0.08,0.12,0.11,0.12,0.13,0.05,0.12,0.14,0.0,10.03,-0.2,3.12,4.6,2.78,3.91,5.36,3.91,11.41,Walking
27,0.44,0.36,0.09,0.03,0.05,0.04,0.01,0.0,0.0,0.0,0.01,0.07,0.04,0.07,0.06,0.06,0.13,0.21,0.18,0.0,0.04,0.1,0.16,0.09,0.17,0.1,0.08,0.09,0.1,0.0,9.93,-0.38,2.54,4.19,2.56,3.26,5.0,3.26,11.07,Walking
27,0.35,0.4,0.08,0.06,0.05,0.07,0.0,0.0,0.0,0.0,0.0,0.06,0.05,0.08,0.09,0.06,0.13,0.13,0.24,0.0,0.09,0.1,0.02,0.12,0.2,0.14,0.05,0.11,0.1,0.0,10.0,-0.23,2.39,4.45,2.72,3.2,5.13,3.2,11.14,Walking
27,0.38,0.26,0.17,0.08,0.06,0.06,0.01,0.0,0.0,0.0,0.02,0.06,0.08,0.07,0.06,0.07,0.08,0.16,0.22,0.0,0.08,0.11,0.13,0.08,0.17,0.08,0.07,0.11,0.1,0.0,9.98,-0.23,2.54,4.54,2.97,3.36,5.28,3.36,11.31,Walking
27,0.2,0.28,0.27,0.09,0.07,0.1,0.02,0.0,0.0,0.0,0.01,0.05,0.04,0.06,0.1,0.08,0.11,0.18,0.2,0.0,0.04,0.14,0.09,0.13,0.12,0.13,0.05,0.13,0.1,0.0,10.09,-0.3,2.23,4.24,2.67,3.03,4.98,3.03,11.14,Walking
27,0.19,0.17,0.33,0.08,0.12,0.09,0.03,0.0,0.0,0.0,0.0,0.03,0.04,0.06,0.12,0.06,0.1,0.22,0.24,0.0,0.03,0.11,0.12,0.14,0.17,0.12,0.04,0.1,0.12,0.0,9.96,-0.43,2.35,3.79,2.51,3.16,4.62,3.16,10.98,Walking
27,0.23,0.23,0.25,0.12,0.06,0.09,0.05,0.0,0.0,0.0,0.0,0.03,0.09,0.08,0.09,0.06,0.1,0.16,0.24,0.0,0.1,0.07,0.11,0.13,0.16,0.11,0.08,0.08,0.11,0.0,9.91,-0.6,2.41,4.33,2.45,3.23,5.04,3.23,10.99,Walking
27,0.19,0.17,0.22,0.23,0.06,0.06,0.08,0.0,0.0,0.0,0.01,0.03,0.07,0.08,0.09,0.08,0.07,0.16,0.26,0.0,0.11,0.09,0.08,0.12,0.13,0.12,0.05,0.12,0.13,0.0,9.97,-0.45,2.59,4.31,2.67,3.44,4.99,3.44,11.19,Walking
27,0.17,0.16,0.2,0.24,0.11,0.05,0.08,0.02,0.0,0.0,0.0,0.02,0.07,0.09,0.1,0.05,0.1,0.19,0.2,0.0,0.09,0.12,0.09,0.12,0.13,0.09,0.08,0.09,0.13,0.0,9.95,-0.43,2.8,4.2,2.77,3.68,4.93,3.68,11.27,Walking
27,0.11,0.12,0.18,0.25,0.13,0.11,0.07,0.04,0.0,0.0,0.01,0.03,0.06,0.09,0.1,0.05,0.13,0.18,0.14,0.0,0.09,0.08,0.07,0.13,0.17,0.12,0.08,0.1,0.1,0.0,9.81,-0.42,3.21,4.3,2.6,4.12,5.03,4.12,11.23,Walking
27,0.1,0.12,0.16,0.24,0.16,0.1,0.08,0.06,0.01,0.0,0.0,0.03,0.08,0.09,0.06,0.06,0.11,0.19,0.24,0.0,0.1,0.1,0.09,0.11,0.12,0.11,0.06,0.15,0.09,0.0,9.85,-0.35,3.51,4.05,2.79,4.53,4.82,4.53,11.43,Walking
27,0.04,0.06,0.07,0.1,0.16,0.15,0.21,0.1,0.07,0.0,0.05,0.1,0.07,0.08,0.1,0.12,0.13,0.18,0.09,0.0,0.11,0.09,0.08,0.09,0.11,0.16,0.09,0.15,0.04,0.0,7.59,-0.48,6.64,3.86,2.68,8.05,4.78,8.05,11.6,Walking
27,0.0,0.04,0.03,0.09,0.11,0.16,0.15,0.15,0.15,0.0,0.14,0.1,0.07,0.1,0.22,0.16,0.09,0.07,0.03,0.0,0.13,0.06,0.11,0.12,0.09,0.1,0.1,0.11,0.14,0.0,5.37,-0.47,8.7,2.98,2.77,9.96,4.29,9.96,11.62,Walking
27,0.0,0.03,0.06,0.09,0.16,0.11,0.12,0.15,0.12,0.0,0.19,0.09,0.1,0.11,0.13,0.14,0.11,0.08,0.03,0.0,0.17,0.11,0.08,0.12,0.05,0.1,0.11,0.11,0.08,0.0,5.0,-0.91,8.71,3.38,2.98,10.22,4.67,10.22,11.76,Walking
27,0.0,0.01,0.06,0.09,0.12,0.1,0.18,0.15,0.14,0.0,0.14,0.09,0.09,0.1,0.16,0.12,0.11,0.09,0.07,0.0,0.13,0.09,0.08,0.14,0.07,0.08,0.11,0.14,0.09,0.0,5.58,-0.64,9.19,3.45,2.98,10.63,4.62,10.63,12.37,Walking
27,0.0,0.02,0.04,0.11,0.1,0.15,0.12,0.17,0.14,0.0,0.14,0.1,0.12,0.18,0.09,0.16,0.07,0.07,0.02,0.0,0.11,0.09,0.1,0.12,0.09,0.13,0.08,0.08,0.11,0.0,5.05,-0.52,8.87,3.24,3.05,10.31,4.51,10.31,11.83,Walking
27,0.0,0.01,0.06,0.1,0.12,0.12,0.12,0.17,0.18,0.0,0.13,0.1,0.14,0.19,0.13,0.11,0.1,0.05,0.03,0.0,0.12,0.14,0.07,0.1,0.06,0.09,0.14,0.1,0.13,0.0,4.8,-0.61,9.09,2.8,2.93,10.45,4.01,10.45,11.7,Walking
27,0.0,0.03,0.05,0.06,0.11,0.12,0.16,0.14,0.18,0.0,0.14,0.1,0.17,0.14,0.14,0.11,0.12,0.05,0.03,0.0,0.11,0.12,0.08,0.11,0.05,0.11,0.11,0.11,0.09,0.0,4.7,-0.34,9.32,2.68,3.07,10.72,3.75,10.72,11.81,Walking
27,0.0,0.03,0.1,0.05,0.04,0.16,0.14,0.15,0.18,0.0,0.15,0.16,0.13,0.08,0.12,0.14,0.09,0.04,0.05,0.0,0.13,0.06,0.1,0.08,0.08,0.05,0.21,0.09,0.11,0.0,4.81,-0.24,9.21,3.25,3.02,10.61,4.41,10.61,12.07,Walking
27,0.0,0.02,0.05,0.08,0.14,0.11,0.09,0.17,0.18,0.0,0.17,0.12,0.14,0.12,0.11,0.13,0.1,0.06,0.03,0.0,0.15,0.1,0.1,0.08,0.09,0.09,0.12,0.07,0.11,0.0,4.58,-0.39,9.45,3.14,3.31,10.91,4.34,10.91,12.16,Walking
27,0.0,0.02,0.04,0.08,0.09,0.14,0.12,0.19,0.17,0.0,0.18,0.12,0.16,0.15,0.13,0.08,0.08,0.05,0.02,0.0,0.13,0.13,0.1,0.09,0.04,0.06,0.14,0.11,0.1,0.0,4.46,-0.08,9.43,3.12,3.66,10.71,4.41,10.71,12.19,Walking
27,0.0,0.01,0.06,0.1,0.08,0.13,0.14,0.14,0.17,0.0,0.15,0.17,0.16,0.12,0.08,0.14,0.09,0.04,0.04,0.0,0.12,0.16,0.07,0.09,0.04,0.05,0.15,0.1,0.1,0.0,4.34,-0.37,9.6,3.1,3.37,11.05,4.28,11.05,12.17,Walking
27,0.0,0.01,0.05,0.07,0.12,0.13,0.12,0.17,0.16,0.0,0.18,0.15,0.1,0.16,0.12,0.09,0.12,0.04,0.02,0.0,0.09,0.12,0.12,0.07,0.07,0.04,0.15,0.13,0.12,0.0,4.45,-0.11,9.78,3.0,3.01,11.14,4.13,11.14,12.1,Walking
27,0.0,0.01,0.04,0.1,0.15,0.08,0.12,0.15,0.19,0.0,0.17,0.17,0.15,0.12,0.09,0.14,0.09,0.03,0.03,0.0,0.12,0.11,0.11,0.12,0.06,0.06,0.15,0.09,0.07,0.0,4.15,-0.43,9.4,2.89,3.11,10.83,4.02,10.83,11.77,Walking
27,0.0,0.03,0.03,0.1,0.12,0.1,0.09,0.16,0.19,0.0,0.19,0.14,0.17,0.08,0.11,0.12,0.09,0.06,0.02,0.0,0.1,0.11,0.08,0.09,0.09,0.12,0.11,0.09,0.08,0.0,4.16,-0.08,9.66,3.17,3.33,11.16,4.39,11.16,12.22,Walking
27,0.0,0.01,0.05,0.09,0.12,0.1,0.14,0.14,0.17,0.0,0.19,0.15,0.16,0.09,0.11,0.11,0.1,0.04,0.02,0.0,0.13,0.11,0.14,0.12,0.06,0.06,0.14,0.04,0.1,0.0,4.22,-0.6,9.67,3.04,3.24,11.07,4.23,11.07,12.12,Walking
27,0.0,0.02,0.04,0.07,0.14,0.12,0.11,0.16,0.16,0.0,0.17,0.2,0.17,0.09,0.1,0.07,0.11,0.02,0.04,0.0,0.12,0.09,0.13,0.07,0.08,0.07,0.12,0.12,0.07,0.0,4.12,-0.22,9.46,3.04,3.26,10.94,4.24,10.94,11.98,Walking
27,0.0,0.01,0.07,0.06,0.07,0.13,0.12,0.21,0.21,0.0,0.22,0.18,0.16,0.07,0.11,0.11,0.06,0.05,0.02,0.0,0.06,0.07,0.09,0.1,0.12,0.11,0.18,0.09,0.11,0.0,4.01,-0.22,9.67,3.12,2.55,10.94,4.21,10.94,11.78,Walking
27,0.0,0.01,0.06,0.06,0.07,0.09,0.24,0.19,0.19,0.0,0.16,0.14,0.15,0.08,0.09,0.18,0.11,0.04,0.03,0.0,0.06,0.07,0.11,0.09,0.07,0.12,0.15,0.1,0.12,0.0,4.01,0.11,8.64,2.44,2.66,10.15,3.3,10.15,10.75,Walking
27,0.12,0.11,0.09,0.07,0.09,0.08,0.12,0.13,0.15,0.07,0.08,0.05,0.07,0.14,0.11,0.12,0.15,0.06,0.1,0.12,0.06,0.14,0.09,0.15,0.09,0.09,0.11,0.09,0.09,0.1,-0.72,-0.84,7.73,5.96,5.21,10.21,8.02,10.21,12.46,Jogging
27,0.1,0.07,0.08,0.1,0.13,0.11,0.08,0.11,0.16,0.08,0.08,0.09,0.12,0.19,0.06,0.09,0.14,0.07,0.09,0.09,0.07,0.15,0.11,0.07,0.08,0.14,0.09,0.13,0.1,0.09,-2.59,-0.65,6.84,5.82,5.28,9.06,7.22,9.06,11.81,Jogging
27,0.08,0.1,0.1,0.09,0.12,0.09,0.1,0.13,0.17,0.04,0.07,0.13,0.14,0.11,0.1,0.13,0.12,0.04,0.08,0.09,0.07,0.14,0.1,0.09,0.09,0.03,0.14,0.14,0.12,0.1,-2.74,-0.24,7.0,5.77,5.6,9.32,7.27,9.32,12.17,Jogging
27,0.08,0.08,0.09,0.12,0.09,0.1,0.11,0.15,0.12,0.09,0.13,0.12,0.05,0.11,0.09,0.07,0.12,0.16,0.07,0.11,0.08,0.13,0.09,0.07,0.12,0.1,0.13,0.18,0.07,0.07,-2.43,-0.66,6.91,6.93,5.21,9.13,8.6,9.13,12.54,Jogging
27,0.12,0.12,0.06,0.1,0.1,0.1,0.1,0.11,0.09,0.12,0.12,0.12,0.13,0.11,0.05,0.1,0.06,0.07,0.15,0.11,0.14,0.06,0.09,0.11,0.08,0.09,0.12,0.11,0.13,0.08,-2.7,-0.66,7.85,7.08,5.94,10.25,8.49,10.25,13.64,Jogging
27,0.13,0.05,0.07,0.09,0.09,0.12,0.13,0.08,0.13,0.13,0.12,0.06,0.14,0.1,0.12,0.08,0.09,0.1,0.09,0.12,0.11,0.11,0.07,0.08,0.13,0.13,0.09,0.06,0.12,0.13,-2.61,-0.41,6.93,6.36,5.56,9.32,7.9,9.32,12.46,Jogging
27,0.11,0.1,0.1,0.06,0.1,0.09,0.14,0.13,0.07,0.11,0.13,0.09,0.13,0.11,0.07,0.07,0.05,0.11,0.12,0.13,0.11,0.1,0.09,0.09,0.1,0.07,0.14,0.11,0.14,0.08,-2.48,-0.51,7.4,6.94,5.71,9.76,8.32,9.76,13.04,Jogging
27,0.12,0.07,0.08,0.12,0.1,0.09,0.11,0.14,0.1,0.11,0.12,0.08,0.14,0.1,0.07,0.08,0.09,0.14,0.11,0.09,0.12,0.12,0.09,0.09,0.05,0.1,0.13,0.11,0.1,0.12,-2.57,-0.54,7.32,6.41,6.2,9.65,7.81,9.65,12.9,Jogging
27,0.1,0.1,0.07,0.08,0.13,0.15,0.1,0.05,0.1,0.15,0.11,0.12,0.17,0.09,0.04,0.05,0.07,0.1,0.12,0.15,0.14,0.11,0.08,0.1,0.1,0.09,0.08,0.09,0.11,0.11,-2.43,-1.0,7.4,7.21,6.15,9.79,8.37,9.79,13.66,Jogging
27,0.08,0.07,0.12,0.08,0.14,0.09,0.11,0.08,0.08,0.18,0.08,0.1,0.2,0.08,0.06,0.04,0.08,0.11,0.11,0.15,0.11,0.08,0.08,0.11,0.15,0.09,0.08,0.08,0.11,0.12,-2.13,-0.45,7.29,6.71,5.77,9.38,7.88,9.38,12.85,Jogging
27,0.07,0.13,0.09,0.07,0.12,0.13,0.08,0.1,0.08,0.16,0.06,0.1,0.14,0.11,0.05,0.09,0.09,0.08,0.14,0.16,0.12,0.08,0.07,0.09,0.07,0.15,0.13,0.05,0.09,0.15,-1.18,-0.13,7.59,6.44,5.85,9.75,7.68,9.75,13.09,Jogging
27,0.07,0.09,0.14,0.08,0.16,0.1,0.09,0.07,0.09,0.14,0.08,0.13,0.11,0.11,0.06,0.07,0.09,0.11,0.16,0.11,0.11,0.12,0.09,0.07,0.09,0.11,0.13,0.09,0.07,0.13,-1.69,-0.73,7.34,6.53,6.02,9.44,7.71,9.44,12.85,Jogging
27,0.12,0.1,0.07,0.1,0.12,0.13,0.08,0.1,0.1,0.11,0.1,0.18,0.15,0.08,0.07,0.07,0.04,0.09,0.13,0.1,0.15,0.08,0.12,0.12,0.1,0.09,0.1,0.07,0.07,0.13,-3.26,-1.23,7.5,6.88,6.15,9.94,8.11,9.94,13.57,Jogging
27,0.1,0.12,0.05,0.07,0.07,0.14,0.15,0.09,0.04,0.19,0.11,0.16,0.11,0.09,0.08,0.04,0.05,0.09,0.12,0.16,0.16,0.07,0.08,0.1,0.11,0.11,0.11,0.08,0.12,0.1,-2.41,-0.98,7.99,7.57,6.1,10.48,8.91,10.48,14.3,Jogging
27,0.1,0.07,0.08,0.11,0.13,0.12,0.11,0.04,0.07,0.19,0.09,0.12,0.17,0.1,0.08,0.06,0.1,0.09,0.09,0.13,0.15,0.07,0.08,0.08,0.12,0.1,0.1,0.08,0.11,0.13,-2.6,-0.62,7.83,6.52,6.27,10.17,7.88,10.17,13.7,Jogging
27,0.12,0.09,0.12,0.07,0.12,0.12,0.12,0.07,0.08,0.11,0.13,0.18,0.15,0.08,0.03,0.03,0.08,0.11,0.09,0.16,0.16,0.08,0.08,0.12,0.11,0.08,0.08,0.1,0.07,0.14,-3.11,-1.11,8.19,7.56,6.73,10.66,8.6,10.66,14.64,Jogging
27,0.08,0.12,0.12,0.09,0.14,0.14,0.08,0.07,0.05,0.12,0.14,0.14,0.11,0.1,0.05,0.04,0.1,0.09,0.11,0.13,0.14,0.13,0.08,0.09,0.14,0.09,0.06,0.08,0.06,0.15,-3.15,-1.2,7.96,7.41,6.43,10.31,8.76,10.31,14.18,Jogging
27,0.1,0.13,0.07,0.09,0.13,0.09,0.08,0.07,0.07,0.17,0.1,0.09,0.16,0.12,0.13,0.07,0.06,0.1,0.1,0.11,0.12,0.07,0.06,0.1,0.15,0.14,0.06,0.1,0.13,0.1,-2.64,-0.41,8.57,6.03,5.6,10.83,7.55,10.83,13.62,Jogging
27,0.11,0.1,0.13,0.14,0.07,0.07,0.08,0.07,0.15,0.1,0.07,0.05,0.06,0.16,0.19,0.09,0.1,0.1,0.13,0.08,0.12,0.1,0.13,0.11,0.09,0.13,0.04,0.11,0.09,0.11,-1.39,-1.27,8.3,5.27,5.74,10.34,6.93,10.34,12.9,Jogging
27,0.13,0.06,0.16,0.12,0.07,0.07,0.11,0.05,0.14,0.1,0.07,0.07,0.03,0.16,0.17,0.12,0.11,0.11,0.12,0.08,0.1,0.15,0.09,0.09,0.15,0.06,0.12,0.08,0.07,0.11,-1.48,-1.16,8.17,5.27,5.57,10.19,7.03,10.19,12.62,Jogging
27,0.14,0.07,0.11,0.17,0.05,0.08,0.08,0.19,0.1,0.03,0.11,0.06,0.03,0.07,0.17,0.2,0.13,0.09,0.1,0.07,0.05,0.09,0.18,0.1,0.12,0.1,0.09,0.08,0.09,0.13,-2.0,-0.45,7.67,5.11,5.18,9.95,6.98,9.95,11.78,Jogging
27,0.1,0.14,0.12,0.12,0.07,0.06,0.11,0.17,0.12,0.02,0.13,0.07,0.05,0.06,0.11,0.22,0.14,0.1,0.09,0.06,0.04,0.09,0.15,0.13,0.08,0.1,0.09,0.16,0.11,0.08,-2.69,-0.31,7.9,5.82,4.92,10.2,7.54,10.2,12.01,Jogging
27,0.1,0.12,0.16,0.08,0.07,0.11,0.07,0.07,0.15,0.09,0.08,0.11,0.01,0.12,0.13,0.15,0.18,0.1,0.09,0.06,0.07,0.17,0.09,0.09,0.06,0.11,0.13,0.13,0.1,0.09,-2.03,-0.85,8.34,5.21,5.5,10.49,6.85,10.49,12.53,Jogging
27,0.1,0.12,0.12,0.17,0.05,0.1,0.12,0.11,0.1,0.04,0.1,0.08,0.05,0.06,0.17,0.17,0.12,0.15,0.08,0.05,0.05,0.11,0.12,0.13,0.11,0.14,0.07,0.1,0.12,0.07,-2.1,-0.69,7.83,5.13,4.73,10.08,6.81,10.08,11.61,Jogging
27,0.12,0.15,0.09,0.1,0.09,0.11,0.12,0.11,0.1,0.03,0.13,0.06,0.05,0.03,0.17,0.19,0.15,0.13,0.06,0.06,0.1,0.04,0.17,0.12,0.1,0.09,0.11,0.13,0.09,0.08,-2.61,-0.96,7.84,5.62,5.21,10.37,7.49,10.37,12.05,Jogging
27,0.07,0.16,0.12,0.11,0.07,0.06,0.12,0.17,0.11,0.05,0.09,0.09,0.05,0.08,0.17,0.15,0.16,0.16,0.06,0.02,0.07,0.06,0.18,0.11,0.07,0.12,0.12,0.11,0.16,0.04,-2.62,-0.78,7.77,4.94,4.86,10.02,6.48,10.02,11.46,Jogging
27,0.05,0.14,0.15,0.16,0.08,0.08,0.07,0.1,0.07,0.01,0.07,0.11,0.03,0.03,0.16,0.2,0.13,0.08,0.06,0.04,0.02,0.04,0.14,0.11,0.09,0.13,0.09,0.13,0.13,0.04,-2.25,0.23,7.16,4.2,3.78,10.18,6.36,10.18,10.05,Jogging
27,0.17,0.19,0.17,0.11,0.07,0.11,0.09,0.04,0.04,0.02,0.12,0.07,0.07,0.08,0.13,0.14,0.06,0.12,0.12,0.09,0.09,0.15,0.12,0.09,0.14,0.09,0.09,0.06,0.09,0.1,2.02,0.25,6.05,5.69,3.68,8.44,7.82,8.44,10.27,Upstairs
27,0.02,0.06,0.06,0.13,0.13,0.11,0.06,0.14,0.13,0.14,0.06,0.11,0.12,0.11,0.11,0.09,0.1,0.07,0.13,0.1,0.14,0.08,0.1,0.13,0.13,0.05,0.09,0.11,0.09,0.09,2.76,0.1,5.92,5.47,3.73,8.54,7.25,8.54,10.05,Upstairs
27,0.2,0.15,0.14,0.07,0.08,0.12,0.14,0.08,0.02,0.03,0.15,0.1,0.1,0.13,0.09,0.09,0.12,0.09,0.05,0.08,0.12,0.12,0.09,0.08,0.05,0.12,0.13,0.09,0.12,0.12,0.74,0.49,6.47,5.99,3.84,9.07,8.8,9.07,10.95,Upstairs
27,0.0,0.0,0.03,0.08,0.1,0.06,0.12,0.14,0.21,0.17,0.07,0.11,0.11,0.08,0.06,0.1,0.11,0.12,0.1,0.09,0.05,0.06,0.09,0.09,0.09,0.15,0.09,0.14,0.1,0.09,1.96,0.63,6.21,4.58,2.73,9.35,6.91,9.35,9.03,Upstairs
27,0.15,0.13,0.14,0.15,0.1,0.11,0.13,0.04,0.03,0.04,0.05,0.13,0.11,0.09,0.12,0.15,0.12,0.1,0.08,0.07,0.08,0.06,0.06,0.12,0.12,0.12,0.15,0.12,0.09,0.09,9.0,1.23,4.54,3.83,3.23,5.67,4.72,5.67,11.12,Downstairs
27,0.1,0.08,0.09,0.1,0.08,0.1,0.11,0.11,0.14,0.11,0.12,0.1,0.11,0.09,0.06,0.12,0.1,0.07,0.13,0.12,0.11,0.13,0.12,0.09,0.08,0.13,0.08,0.09,0.09,0.11,9.13,0.81,3.47,4.71,3.66,4.8,5.62,4.8,11.06,Downstairs
27,0.09,0.1,0.08,0.09,0.12,0.12,0.06,0.15,0.11,0.1,0.12,0.09,0.07,0.13,0.09,0.09,0.12,0.12,0.09,0.1,0.09,0.13,0.11,0.11,0.12,0.07,0.08,0.1,0.13,0.07,9.23,0.78,3.58,4.43,3.65,4.82,5.32,4.82,11.25,Downstairs
27,0.03,0.06,0.04,0.04,0.06,0.05,0.07,0.06,0.1,0.12,0.08,0.05,0.08,0.07,0.08,0.02,0.03,0.08,0.06,0.09,0.09,0.05,0.07,0.05,0.05,0.05,0.06,0.05,0.07,0.09,5.58,0.78,1.99,3.12,2.88,4.31,6.51,4.31,7.15,Downstairs
27,0.21,0.16,0.15,0.08,0.09,0.11,0.11,0.09,0.02,0.0,0.11,0.1,0.04,0.09,0.13,0.15,0.12,0.12,0.05,0.1,0.15,0.11,0.11,0.06,0.07,0.08,0.09,0.12,0.09,0.11,0.86,0.32,6.78,4.78,3.94,9.51,7.41,9.51,10.42,Upstairs
27,0.05,0.06,0.11,0.12,0.12,0.11,0.1,0.08,0.12,0.12,0.19,0.1,0.11,0.08,0.14,0.1,0.1,0.06,0.09,0.06,0.1,0.15,0.09,0.14,0.06,0.1,0.08,0.09,0.08,0.11,-1.34,0.07,6.06,5.1,3.54,8.81,7.05,8.81,9.54,Upstairs
27,0.0,0.0,0.0,0.11,0.09,0.08,0.11,0.16,0.22,0.2,0.01,0.07,0.14,0.11,0.08,0.04,0.06,0.11,0.22,0.16,0.06,0.07,0.1,0.12,0.12,0.13,0.09,0.11,0.11,0.09,3.68,0.56,7.65,5.02,2.78,10.27,6.11,10.27,10.44,Upstairs
27,0.1,0.15,0.1,0.05,0.08,0.07,0.03,0.05,0.02,0.01,0.07,0.09,0.08,0.07,0.04,0.07,0.09,0.06,0.03,0.05,0.05,0.04,0.06,0.06,0.09,0.07,0.1,0.05,0.08,0.06,0.39,0.3,4.2,3.05,1.66,8.97,6.93,8.97,5.97,Upstairs
27,0.12,0.18,0.14,0.08,0.09,0.08,0.09,0.04,0.08,0.11,0.09,0.14,0.12,0.1,0.13,0.1,0.08,0.11,0.07,0.09,0.07,0.12,0.07,0.1,0.12,0.11,0.1,0.12,0.13,0.08,8.15,1.59,3.53,4.11,3.34,4.67,5.01,4.67,10.5,Downstairs
27,0.15,0.08,0.12,0.14,0.08,0.11,0.05,0.1,0.09,0.11,0.07,0.06,0.1,0.07,0.13,0.1,0.13,0.13,0.14,0.08,0.06,0.1,0.13,0.11,0.1,0.13,0.12,0.13,0.08,0.06,9.47,1.13,3.16,4.06,2.93,4.31,4.93,4.31,11.13,Downstairs
27,0.08,0.12,0.11,0.1,0.12,0.13,0.11,0.1,0.11,0.04,0.05,0.1,0.11,0.11,0.12,0.12,0.11,0.09,0.11,0.09,0.13,0.09,0.13,0.11,0.11,0.12,0.1,0.11,0.05,0.07,9.24,0.86,2.32,4.15,3.05,3.26,5.02,3.26,10.58,Downstairs
27,0.07,0.08,0.09,0.12,0.15,0.13,0.13,0.1,0.07,0.07,0.04,0.06,0.09,0.15,0.11,0.12,0.12,0.09,0.13,0.1,0.09,0.12,0.12,0.13,0.12,0.1,0.11,0.08,0.12,0.03,9.54,0.82,2.16,4.02,2.96,3.08,4.82,3.08,10.63,Downstairs
27,0.1,0.07,0.05,0.07,0.06,0.08,0.1,0.15,0.15,0.2,0.17,0.11,0.12,0.08,0.06,0.09,0.09,0.1,0.08,0.13,0.18,0.08,0.09,0.06,0.09,0.08,0.09,0.07,0.13,0.15,8.18,1.59,2.79,4.98,4.42,3.85,5.96,3.85,10.91,Downstairs
27,0.0,0.01,0.0,0.03,0.02,0.01,0.02,0.07,0.02,0.01,0.1,0.07,0.01,0.0,0.0,0.0,0.0,0.0,0.0,0.0,0.0,0.0,0.0,0.0,0.0,0.0,0.0,0.01,0.03,0.14,0.36,1.55,0.23,0.31,1.29,1.77,2.15,1.77,1.64,Downstairs
27,0.15,0.12,0.13,0.06,0.07,0.11,0.1,0.09,0.1,0.07,0.06,0.08,0.08,0.16,0.09,0.06,0.14,0.11,0.09,0.13,0.11,0.12,0.09,0.07,0.07,0.07,0.1,0.1,0.16,0.13,2.26,0.87,7.86,5.19,4.22,10.29,6.92,10.29,11.36,Upstairs
27,0.17,0.12,0.13,0.13,0.14,0.1,0.11,0.07,0.05,0.01,0.24,0.14,0.07,0.07,0.09,0.17,0.12,0.07,0.03,0.01,0.13,0.07,0.13,0.1,0.09,0.12,0.1,0.11,0.09,0.08,-3.27,-0.02,6.32,5.71,3.54,9.01,7.14,9.01,10.14,Upstairs
27,0.0,0.0,0.02,0.13,0.11,0.1,0.11,0.15,0.18,0.19,0.07,0.11,0.15,0.08,0.11,0.09,0.06,0.11,0.13,0.1,0.08,0.09,0.11,0.13,0.14,0.13,0.09,0.08,0.07,0.11,1.53,0.39,6.72,5.47,3.29,9.42,7.34,9.42,10.15,Upstairs
27,0.06,0.14,0.11,0.04,0.1,0.08,0.07,0.08,0.07,0.08,0.01,0.06,0.08,0.08,0.09,0.07,0.08,0.09,0.14,0.14,0.07,0.11,0.06,0.1,0.1,0.07,0.1,0.1,0.07,0.06,3.69,0.32,5.94,4.58,2.62,9.55,7.0,9.55,8.87,Upstairs
27,0.02,0.04,0.09,0.08,0.1,0.09,0.15,0.13,0.17,0.15,0.04,0.09,0.11,0.1,0.11,0.13,0.11,0.09,0.1,0.13,0.08,0.12,0.1,0.11,0.09,0.11,0.11,0.09,0.08,0.13,9.46,1.09,2.62,3.99,2.9,3.53,4.81,3.53,10.74,Downstairs
27,0.05,0.08,0.06,0.08,0.09,0.17,0.11,0.14,0.1,0.13,0.06,0.08,0.13,0.08,0.13,0.13,0.08,0.11,0.08,0.14,0.07,0.08,0.13,0.1,0.12,0.1,0.12,0.11,0.11,0.08,9.29,1.08,3.28,3.96,2.68,4.49,4.84,4.49,10.75,Downstairs
27,0.1,0.11,0.08,0.14,0.12,0.07,0.11,0.06,0.15,0.08,0.09,0.1,0.08,0.12,0.08,0.08,0.11,0.16,0.11,0.07,0.1,0.13,0.11,0.1,0.08,0.07,0.11,0.14,0.08,0.08,9.01,1.02,4.25,4.08,3.27,5.73,4.9,5.73,11.16,Downstairs
27,0.19,0.15,0.15,0.13,0.1,0.08,0.09,0.05,0.04,0.05,0.17,0.12,0.09,0.1,0.09,0.08,0.11,0.08,0.11,0.08,0.12,0.08,0.08,0.1,0.14,0.11,0.07,0.09,0.11,0.11,8.04,1.16,5.95,4.18,3.31,7.39,5.07,7.39,11.24,Downstairs
27,0.09,0.06,0.05,0.03,0.02,0.02,0.01,0.02,0.03,0.03,0.08,0.03,0.04,0.04,0.02,0.04,0.03,0.01,0.03,0.02,0.06,0.02,0.01,0.03,0.03,0.04,0.02,0.03,0.07,0.05,2.33,0.49,2.32,1.78,1.23,8.55,6.83,8.55,3.88,Downstairs
27,0.09,0.11,0.08,0.08,0.1,0.08,0.13,0.1,0.13,0.13,0.08,0.05,0.04,0.1,0.11,0.11,0.14,0.12,0.12,0.14,0.18,0.14,0.08,0.09,0.08,0.06,0.06,0.07,0.08,0.17,-0.96,0.69,6.53,4.19,3.42,9.27,5.94,9.27,9.29,Upstairs
27,0.1,0.07,0.09,0.1,0.12,0.11,0.1,0.1,0.12,0.12,0.12,0.12,0.08,0.09,0.09,0.14,0.09,0.1,0.09,0.11,0.07,0.1,0.1,0.12,0.11,0.11,0.15,0.07,0.12,0.08,-2.88,0.78,6.53,5.21,2.22,9.15,6.45,9.15,9.24,Upstairs
27,0.12,0.12,0.12,0.11,0.07,0.11,0.09,0.1,0.08,0.09,0.12,0.13,0.11,0.13,0.09,0.06,0.1,0.09,0.11,0.1,0.08,0.09,0.12,0.1,0.07,0.14,0.09,0.15,0.11,0.07,-3.34,0.95,7.88,5.28,2.26,10.38,6.49,10.38,10.48,Upstairs
27,0.06,0.06,0.1,0.09,0.09,0.07,0.06,0.06,0.06,0.04,0.06,0.06,0.14,0.07,0.08,0.06,0.04,0.07,0.06,0.04,0.03,0.04,0.05,0.09,0.11,0.06,0.09,0.09,0.05,0.06,-2.18,0.79,4.82,2.87,1.28,9.64,5.59,9.64,6.36,Upstairs
27,0.19,0.07,0.04,0.08,0.08,0.03,0.07,0.08,0.11,0.25,0.19,0.13,0.05,0.13,0.08,0.09,0.07,0.13,0.09,0.06,0.08,0.08,0.07,0.11,0.11,0.12,0.14,0.11,0.09,0.11,6.96,1.25,5.03,4.75,2.86,6.61,6.0,6.61,10.94,Downstairs
27,0.05,0.14,0.12,0.12,0.15,0.1,0.12,0.09,0.06,0.07,0.07,0.07,0.11,0.09,0.13,0.11,0.11,0.12,0.09,0.12,0.13,0.1,0.09,0.13,0.09,0.1,0.06,0.11,0.11,0.09,9.23,1.22,2.77,4.17,3.41,3.79,5.11,3.79,10.82,Downstairs
27,0.08,0.11,0.13,0.1,0.09,0.13,0.11,0.13,0.12,0.02,0.06,0.11,0.13,0.1,0.1,0.1,0.1,0.09,0.11,0.11,0.07,0.09,0.1,0.13,0.1,0.13,0.09,0.11,0.12,0.09,9.02,1.12,2.54,4.3,2.9,3.53,5.18,3.53,10.33,Downstairs
27,0.06,0.07,0.1,0.09,0.09,0.14,0.08,0.1,0.1,0.06,0.06,0.1,0.11,0.08,0.08,0.09,0.1,0.07,0.12,0.1,0.11,0.12,0.13,0.05,0.1,0.05,0.09,0.06,0.08,0.11,8.25,0.92,2.31,3.87,3.49,3.57,5.32,3.57,9.84,Downstairs
27,0.21,0.23,0.2,0.0,0.12,0.07,0.0,0.06,0.02,0.11,0.1,0.11,0.0,0.0,0.21,0.0,0.0,0.19,0.14,0.26,0.07,0.03,0.0,0.02,0.04,0.0,0.04,0.11,0.17,0.52,9.32,1.23,3.12,0.09,0.1,3.13,0.21,3.13,9.91,Sitting
27,0.07,0.22,0.28,0.0,0.22,0.12,0.0,0.04,0.04,0.03,0.05,0.09,0.0,0.0,0.24,0.0,0.0,0.33,0.15,0.15,0.01,0.02,0.0,0.01,0.06,0.0,0.13,0.22,0.31,0.26,9.3,1.21,3.15,0.04,0.05,3.16,0.07,3.16,9.9,Sitting
27,0.18,0.23,0.15,0.0,0.15,0.09,0.0,0.09,0.03,0.11,0.11,0.11,0.0,0.0,0.18,0.0,0.0,0.23,0.16,0.22,0.02,0.02,0.0,0.07,0.05,0.0,0.22,0.23,0.16,0.25,9.31,1.19,3.15,0.06,0.06,3.16,0.09,3.16,9.9,Sitting
27,0.07,0.09,0.14,0.0,0.18,0.21,0.0,0.17,0.06,0.11,0.1,0.08,0.0,0.0,0.2,0.0,0.0,0.34,0.13,0.16,0.03,0.02,0.0,0.08,0.21,0.0,0.29,0.23,0.1,0.06,9.3,1.15,3.2,0.05,0.04,3.21,0.08,3.21,9.9,Sitting
27,0.08,0.15,0.1,0.0,0.15,0.09,0.0,0.16,0.07,0.22,0.11,0.1,0.0,0.0,0.19,0.0,0.0,0.24,0.19,0.18,0.2,0.08,0.0,0.05,0.14,0.0,0.15,0.17,0.1,0.13,9.3,1.12,3.22,0.06,0.1,3.23,0.09,3.23,9.91,Sitting
27,0.06,0.05,0.06,0.0,0.1,0.14,0.0,0.13,0.15,0.31,0.11,0.12,0.0,0.0,0.27,0.0,0.0,0.26,0.12,0.12,0.15,0.1,0.0,0.14,0.21,0.0,0.15,0.14,0.06,0.06,9.29,1.11,3.27,0.06,0.07,3.28,0.12,3.28,9.92,Sitting
27,0.02,0.01,0.01,0.0,0.04,0.15,0.0,0.3,0.25,0.23,0.04,0.11,0.0,0.0,0.33,0.0,0.0,0.35,0.12,0.07,0.04,0.14,0.0,0.34,0.27,0.0,0.15,0.04,0.01,0.02,9.29,1.1,3.27,0.03,0.04,3.28,0.07,3.28,9.92,Sitting
27,0.02,0.02,0.02,0.0,0.07,0.09,0.0,0.23,0.2,0.37,0.07,0.07,0.0,0.0,0.33,0.0,0.0,0.31,0.15,0.08,0.15,0.24,0.0,0.29,0.18,0.0,0.12,0.03,0.01,0.01,9.3,1.07,3.29,0.04,0.04,3.29,0.06,3.29,9.92,Sitting
27,0.08,0.07,0.14,0.0,0.19,0.2,0.0,0.17,0.06,0.11,0.05,0.15,0.0,0.0,0.28,0.0,0.0,0.3,0.15,0.09,0.07,0.09,0.0,0.22,0.23,0.0,0.24,0.09,0.03,0.04,9.29,1.11,3.2,0.04,0.05,3.21,0.07,3.21,9.89,Sitting
27,0.02,0.07,0.1,0.0,0.22,0.29,0.0,0.19,0.09,0.05,0.05,0.08,0.0,0.0,0.36,0.0,0.0,0.31,0.13,0.08,0.04,0.12,0.0,0.22,0.35,0.0,0.18,0.07,0.02,0.02,9.29,1.11,3.21,0.03,0.04,3.21,0.06,3.21,9.89,Sitting
27,0.0,0.01,0.02,0.0,0.09,0.17,0.0,0.14,0.05,0.02,0.01,0.04,0.0,0.0,0.14,0.0,0.0,0.21,0.07,0.02,0.02,0.05,0.0,0.12,0.16,0.0,0.09,0.04,0.0,0.01,4.37,0.52,1.52,2.32,0.28,3.23,4.93,3.23,4.65,Sitting
27,0.11,0.04,0.04,0.03,0.1,0.09,0.12,0.09,0.19,0.21,0.16,0.08,0.09,0.16,0.06,0.11,0.07,0.06,0.07,0.17,0.28,0.16,0.12,0.09,0.1,0.06,0.06,0.02,0.04,0.09,9.9,-1.45,0.94,0.21,0.36,1.18,0.33,1.18,10.09,Standing
27,0.1,0.06,0.07,0.06,0.1,0.05,0.12,0.09,0.15,0.22,0.17,0.06,0.07,0.13,0.12,0.09,0.05,0.06,0.11,0.16,0.15,0.15,0.14,0.08,0.11,0.13,0.04,0.04,0.09,0.09,9.91,-1.35,0.88,0.2,0.31,1.05,0.27,1.05,10.06,Standing
27,0.06,0.06,0.05,0.06,0.07,0.1,0.11,0.18,0.18,0.15,0.11,0.15,0.05,0.16,0.07,0.07,0.05,0.1,0.11,0.16,0.1,0.13,0.14,0.1,0.11,0.09,0.06,0.06,0.14,0.1,9.91,-1.3,0.8,0.17,0.28,0.89,0.21,0.89,10.04,Standing
27,0.04,0.06,0.05,0.06,0.13,0.09,0.18,0.16,0.17,0.09,0.11,0.09,0.07,0.18,0.09,0.09,0.06,0.09,0.13,0.12,0.03,0.1,0.1,0.12,0.15,0.11,0.12,0.12,0.08,0.09,9.91,-1.26,0.76,0.15,0.22,0.85,0.19,0.85,10.03,Standing
27,0.14,0.21,0.17,0.1,0.16,0.07,0.1,0.06,0.01,0.01,0.02,0.04,0.06,0.17,0.16,0.17,0.17,0.09,0.1,0.04,0.02,0.03,0.07,0.1,0.13,0.17,0.13,0.15,0.12,0.1,9.93,-1.18,0.42,0.09,0.2,0.5,0.13,0.5,10.01,Standing
27,0.13,0.16,0.17,0.11,0.14,0.09,0.05,0.05,0.1,0.03,0.02,0.06,0.04,0.16,0.15,0.15,0.14,0.1,0.13,0.08,0.02,0.04,0.06,0.06,0.14,0.09,0.13,0.16,0.22,0.11,9.94,-1.15,0.51,0.1,0.22,0.62,0.14,0.62,10.03,Standing
27,0.11,0.13,0.18,0.09,0.15,0.1,0.06,0.07,0.09,0.03,0.1,0.06,0.06,0.14,0.08,0.08,0.16,0.07,0.1,0.16,0.03,0.05,0.07,0.07,0.1,0.11,0.08,0.16,0.22,0.13,9.93,-1.15,0.53,0.15,0.24,0.63,0.19,0.63,10.02,Standing
27,0.03,0.05,0.03,0.03,0.1,0.01,0.05,0.03,0.05,0.04,0.02,0.07,0.06,0.05,0.02,0.03,0.03,0.05,0.05,0.05,0.03,0.04,0.05,0.08,0.04,0.03,0.02,0.02,0.04,0.09,4.01,-0.5,0.26,2.39,0.3,0.74,5.9,0.74,4.06,Standing
36,0.13,0.12,0.11,0.12,0.12,0.07,0.1,0.09,0.1,0.06,0.1,0.1,0.11,0.08,0.13,0.11,0.07,0.13,0.09,0.1,0.11,0.12,0.16,0.15,0.11,0.11,0.04,0.07,0.06,0.1,9.8,0.09,2.1,2.85,2.07,2.55,3.43,2.55,10.51,Walking
36,0.11,0.1,0.15,0.09,0.09,0.1,0.1,0.12,0.1,0.06,0.14,0.07,0.12,0.1,0.06,0.09,0.09,0.13,0.09,0.14,0.12,0.12,0.14,0.08,0.11,0.11,0.09,0.09,0.07,0.1,9.97,0.27,1.99,3.28,2.25,2.43,3.89,2.43,10.74,Walking
36,0.15,0.07,0.13,0.09,0.07,0.1,0.14,0.11,0.09,0.09,0.13,0.11,0.1,0.1,0.05,0.1,0.1,0.09,0.12,0.13,0.14,0.16,0.11,0.09,0.1,0.11,0.06,0.09,0.06,0.11,9.93,0.16,2.01,3.32,2.34,2.48,3.9,2.48,10.74,Walking
36,0.13,0.09,0.1,0.11,0.11,0.08,0.11,0.14,0.11,0.06,0.12,0.09,0.11,0.13,0.06,0.08,0.11,0.1,0.11,0.12,0.12,0.15,0.11,0.1,0.08,0.1,0.09,0.1,0.06,0.12,9.86,0.34,1.94,3.26,2.35,2.4,3.85,2.4,10.63,Walking
36,0.12,0.11,0.12,0.09,0.1,0.1,0.1,0.06,0.1,0.12,0.1,0.13,0.1,0.09,0.1,0.09,0.08,0.12,0.09,0.12,0.12,0.14,0.08,0.1,0.11,0.08,0.08,0.1,0.11,0.11,9.93,0.35,2.11,3.21,2.45,2.54,3.84,2.54,10.82,Walking
36,0.11,0.11,0.1,0.11,0.11,0.1,0.09,0.1,0.12,0.09,0.11,0.12,0.08,0.11,0.08,0.11,0.07,0.11,0.11,0.1,0.13,0.13,0.1,0.11,0.1,0.09,0.09,0.08,0.1,0.08,9.98,0.19,2.01,3.19,2.25,2.41,3.83,2.41,10.74,Walking
36,0.13,0.1,0.11,0.1,0.1,0.09,0.06,0.14,0.12,0.08,0.11,0.11,0.1,0.1,0.1,0.06,0.1,0.09,0.12,0.13,0.11,0.14,0.15,0.08,0.11,0.09,0.07,0.1,0.06,0.11,9.88,0.34,2.03,3.21,2.24,2.45,3.79,2.45,10.62,Walking
36,0.13,0.1,0.1,0.09,0.1,0.1,0.09,0.11,0.09,0.1,0.12,0.07,0.09,0.13,0.09,0.09,0.12,0.08,0.1,0.13,0.1,0.13,0.12,0.09,0.09,0.1,0.08,0.13,0.05,0.13,9.95,0.48,2.11,3.09,2.36,2.59,3.71,2.59,10.79,Walking
36,0.11,0.12,0.12,0.09,0.11,0.09,0.13,0.06,0.09,0.1,0.09,0.1,0.13,0.11,0.09,0.07,0.15,0.1,0.08,0.11,0.1,0.1,0.06,0.13,0.17,0.12,0.06,0.08,0.1,0.11,9.92,0.43,2.13,2.93,2.19,2.54,3.5,2.54,10.7,Walking
36,0.05,0.12,0.14,0.15,0.11,0.09,0.08,0.1,0.12,0.07,0.07,0.12,0.1,0.13,0.1,0.11,0.13,0.1,0.07,0.1,0.08,0.1,0.08,0.15,0.13,0.08,0.11,0.1,0.08,0.11,9.86,0.49,1.91,2.7,2.11,2.27,3.24,2.27,10.56,Walking
36,0.08,0.12,0.14,0.14,0.1,0.1,0.07,0.09,0.1,0.09,0.11,0.07,0.15,0.06,0.14,0.07,0.11,0.11,0.1,0.11,0.1,0.07,0.1,0.08,0.16,0.12,0.12,0.09,0.07,0.12,9.86,0.65,2.07,2.96,2.21,2.52,3.53,2.52,10.62,Walking
36,0.11,0.12,0.08,0.13,0.08,0.1,0.08,0.11,0.11,0.11,0.12,0.09,0.12,0.09,0.11,0.08,0.08,0.12,0.09,0.11,0.1,0.14,0.1,0.09,0.1,0.08,0.13,0.09,0.1,0.11,9.77,0.49,2.06,3.1,2.28,2.52,3.67,2.52,10.57,Walking
36,0.1,0.11,0.13,0.11,0.09,0.09,0.1,0.06,0.09,0.14,0.1,0.12,0.08,0.09,0.09,0.09,0.11,0.12,0.13,0.09,0.1,0.08,0.1,0.12,0.13,0.12,0.06,0.11,0.09,0.11,9.98,0.56,2.17,2.98,2.4,2.58,3.48,2.58,10.85,Walking
36,0.12,0.1,0.07,0.11,0.09,0.12,0.07,0.1,0.14,0.11,0.12,0.11,0.11,0.08,0.08,0.1,0.13,0.08,0.1,0.13,0.1,0.11,0.1,0.09,0.08,0.11,0.1,0.13,0.09,0.12,9.83,0.6,2.05,3.21,2.36,2.49,3.79,2.49,10.64,Walking
36,0.15,0.05,0.04,0.14,0.07,0.11,0.13,0.11,0.1,0.11,0.12,0.1,0.11,0.09,0.08,0.08,0.07,0.17,0.09,0.1,0.11,0.11,0.14,0.05,0.12,0.11,0.08,0.11,0.09,0.1,9.82,0.33,1.94,3.14,2.17,2.42,3.68,2.42,10.56,Walking
36,0.09,0.09,0.08,0.11,0.1,0.11,0.13,0.1,0.09,0.13,0.12,0.1,0.11,0.07,0.1,0.1,0.09,0.11,0.11,0.12,0.1,0.09,0.14,0.09,0.08,0.11,0.1,0.12,0.08,0.12,9.98,0.55,1.95,3.18,2.32,2.4,3.83,2.4,10.79,Walking
36,0.12,0.07,0.08,0.11,0.08,0.13,0.11,0.08,0.11,0.13,0.09,0.11,0.14,0.06,0.1,0.1,0.1,0.11,0.09,0.12,0.11,0.09,0.11,0.1,0.09,0.11,0.1,0.1,0.11,0.12,9.9,0.61,2.06,3.02,2.38,2.51,3.6,2.51,10.72,Walking
36,0.11,0.09,0.08,0.1,0.11,0.13,0.07,0.09,0.11,0.13,0.1,0.11,0.09,0.09,0.1,0.09,0.12,0.1,0.09,0.13,0.1,0.1,0.09,0.1,0.1,0.12,0.11,0.1,0.11,0.1,9.9,0.5,2.1,3.02,2.23,2.57,3.56,2.57,10.72,Walking
36,0.1,0.1,0.09,0.1,0.07,0.11,0.11,0.14,0.07,0.12,0.1,0.1,0.09,0.13,0.09,0.1,0.12,0.09,0.1,0.11,0.1,0.1,0.12,0.08,0.11,0.08,0.11,0.14,0.08,0.11,9.95,0.52,2.0,2.92,2.26,2.46,3.55,2.46,10.74,Walking
36,0.08,0.1,0.11,0.12,0.09,0.09,0.1,0.12,0.14,0.08,0.1,0.12,0.09,0.09,0.1,0.09,0.13,0.12,0.08,0.1,0.1,0.08,0.09,0.11,0.12,0.12,0.1,0.1,0.1,0.09,9.84,0.66,1.95,2.99,2.36,2.38,3.59,2.38,10.67,Walking
36,0.06,0.15,0.1,0.09,0.09,0.12,0.08,0.12,0.11,0.11,0.08,0.11,0.09,0.11,0.12,0.14,0.11,0.07,0.11,0.09,0.09,0.09,0.07,0.1,0.06,0.17,0.12,0.11,0.12,0.1,9.89,0.64,2.0,2.71,2.17,2.46,3.28,2.46,10.66,Walking
36,0.08,0.13,0.07,0.09,0.13,0.12,0.13,0.09,0.07,0.11,0.07,0.12,0.08,0.09,0.14,0.13,0.1,0.11,0.11,0.08,0.08,0.08,0.11,0.09,0.1,0.09,0.12,0.14,0.15,0.06,9.87,0.64,1.97,2.65,2.05,2.4,3.21,2.4,10.56,Walking
36,0.1,0.08,0.13,0.07,0.09,0.11,0.11,0.09,0.12,0.12,0.09,0.09,0.1,0.12,0.1,0.09,0.11,0.12,0.11,0.1,0.1,0.09,0.08,0.08,0.11,0.12,0.12,0.13,0.12,0.08,9.91,0.63,2.02,2.86,2.13,2.45,3.36,2.45,10.65,Walking
36,0.09,0.13,0.08,0.1,0.09,0.11,0.11,0.12,0.1,0.1,0.1,0.1,0.1,0.12,0.1,0.11,0.11,0.08,0.1,0.1,0.08,0.11,0.07,0.08,0.09,0.13,0.1,0.12,0.15,0.1,9.82,0.76,1.96,2.82,2.23,2.4,3.41,2.4,10.59,Walking
36,0.09,0.12,0.1,0.08,0.08,0.09,0.13,0.13,0.11,0.1,0.09,0.12,0.11,0.09,0.1,0.13,0.09,0.09,0.09,0.1,0.06,0.1,0.08,0.11,0.09,0.13,0.08,0.14,0.14,0.08,9.81,0.66,1.95,2.85,2.12,2.45,3.38,2.45,10.53,Walking
36,0.09,0.12,0.12,0.09,0.08,0.09,0.15,0.13,0.03,0.11,0.13,0.09,0.07,0.1,0.1,0.1,0.14,0.09,0.11,0.1,0.1,0.07,0.08,0.09,0.1,0.08,0.09,0.17,0.17,0.06,9.84,0.78,2.12,3.01,2.26,2.7,3.59,2.7,10.74,Walking
36,0.09,0.09,0.12,0.08,0.09,0.1,0.13,0.08,0.12,0.12,0.11,0.1,0.1,0.11,0.07,0.1,0.11,0.09,0.11,0.11,0.09,0.08,0.08,0.08,0.13,0.14,0.12,0.08,0.13,0.1,9.84,0.69,2.0,2.99,2.17,2.52,3.5,2.52,10.6,Walking
36,0.1,0.1,0.08,0.12,0.12,0.1,0.11,0.07,0.1,0.12,0.08,0.09,0.1,0.12,0.15,0.1,0.09,0.09,0.11,0.09,0.09,0.06,0.11,0.1,0.12,0.1,0.11,0.12,0.1,0.11,9.87,0.66,2.09,2.76,2.17,2.57,3.34,2.57,10.66,Walking
36,0.1,0.07,0.09,0.08,0.13,0.17,0.08,0.12,0.07,0.12,0.1,0.07,0.1,0.13,0.11,0.1,0.1,0.11,0.15,0.06,0.1,0.08,0.12,0.06,0.14,0.09,0.11,0.11,0.11,0.11,9.86,0.6,1.88,2.74,2.24,2.31,3.26,2.31,10.61,Walking
36,0.06,0.11,0.09,0.07,0.1,0.15,0.15,0.11,0.08,0.1,0.04,0.1,0.09,0.15,0.14,0.15,0.09,0.12,0.09,0.06,0.07,0.1,0.07,0.06,0.13,0.12,0.14,0.1,0.15,0.08,9.88,0.69,1.76,2.36,2.0,2.18,2.86,2.18,10.52,Walking
36,0.04,0.06,0.06,0.07,0.05,0.05,0.08,0.09,0.07,0.08,0.02,0.07,0.08,0.09,0.12,0.1,0.05,0.04,0.06,0.01,0.08,0.04,0.06,0.03,0.04,0.04,0.1,0.07,0.11,0.08,5.98,0.63,1.18,2.3,1.59,2.32,4.31,2.32,6.55,Walking
36,0.1,0.07,0.09,0.07,0.11,0.1,0.08,0.1,0.18,0.13,0.13,0.12,0.09,0.1,0.07,0.05,0.09,0.09,0.12,0.1,0.2,0.15,0.11,0.05,0.07,0.05,0.03,0.13,0.14,0.1,8.58,0.36,4.74,7.19,4.9,5.94,8.59,5.94,13.48,Jogging
36,0.08,0.07,0.08,0.07,0.1,0.1,0.09,0.17,0.13,0.14,0.14,0.09,0.1,0.07,0.09,0.09,0.09,0.12,0.06,0.12,0.15,0.18,0.09,0.1,0.05,0.04,0.06,0.07,0.13,0.15,8.47,0.71,4.18,6.63,4.71,5.29,7.99,5.29,12.75,Jogging
36,0.07,0.05,0.09,0.05,0.11,0.12,0.11,0.13,0.12,0.17,0.12,0.12,0.08,0.1,0.11,0.04,0.1,0.11,0.12,0.08,0.15,0.1,0.12,0.13,0.07,0.09,0.05,0.12,0.1,0.11,8.5,0.73,4.26,6.42,4.18,5.36,7.74,5.36,12.48,Jogging
36,0.1,0.07,0.04,0.09,0.12,0.06,0.12,0.13,0.17,0.14,0.12,0.08,0.12,0.06,0.08,0.07,0.13,0.1,0.11,0.12,0.14,0.14,0.1,0.09,0.08,0.06,0.06,0.11,0.12,0.12,8.94,1.03,4.42,6.58,4.46,5.57,7.88,5.57,13.09,Jogging
36,0.07,0.07,0.07,0.09,0.09,0.15,0.1,0.1,0.16,0.13,0.12,0.09,0.08,0.09,0.07,0.12,0.07,0.13,0.13,0.1,0.16,0.12,0.11,0.11,0.08,0.06,0.09,0.09,0.1,0.11,8.78,0.73,4.21,6.53,4.33,5.28,7.9,5.28,12.83,Jogging
36,0.06,0.12,0.07,0.1,0.1,0.09,0.09,0.12,0.08,0.21,0.14,0.1,0.1,0.08,0.06,0.08,0.1,0.11,0.09,0.14,0.12,0.13,0.12,0.12,0.07,0.04,0.09,0.06,0.15,0.11,8.45,0.99,4.7,6.79,4.37,5.65,8.11,5.65,12.83,Jogging
36,0.08,0.08,0.08,0.08,0.12,0.1,0.09,0.09,0.11,0.17,0.13,0.09,0.11,0.07,0.07,0.12,0.1,0.12,0.08,0.12,0.12,0.12,0.14,0.09,0.07,0.04,0.09,0.1,0.13,0.12,8.58,1.2,4.85,6.37,4.32,5.9,7.69,5.9,12.74,Jogging
36,0.1,0.06,0.07,0.09,0.09,0.1,0.13,0.08,0.13,0.18,0.15,0.1,0.07,0.05,0.11,0.09,0.07,0.12,0.15,0.09,0.13,0.11,0.16,0.09,0.1,0.05,0.07,0.09,0.1,0.14,8.57,0.95,4.67,6.66,4.34,5.79,8.04,5.79,12.97,Jogging
36,0.1,0.08,0.1,0.08,0.1,0.1,0.1,0.06,0.1,0.2,0.15,0.09,0.1,0.08,0.06,0.09,0.12,0.09,0.11,0.1,0.14,0.12,0.16,0.05,0.07,0.06,0.08,0.08,0.11,0.16,8.23,1.05,5.08,6.83,4.62,6.09,8.15,6.09,13.08,Jogging
36,0.07,0.13,0.09,0.08,0.09,0.16,0.06,0.07,0.1,0.18,0.12,0.14,0.1,0.06,0.09,0.08,0.11,0.08,0.13,0.12,0.13,0.08,0.1,0.1,0.12,0.06,0.11,0.13,0.09,0.11,8.19,1.25,5.09,6.77,3.89,6.02,8.06,6.02,12.59,Jogging
36,0.11,0.12,0.11,0.08,0.12,0.04,0.11,0.09,0.15,0.1,0.12,0.14,0.09,0.07,0.09,0.09,0.12,0.06,0.14,0.07,0.14,0.11,0.08,0.09,0.08,0.11,0.12,0.08,0.12,0.09,7.93,1.02,4.95,6.66,3.93,5.99,7.93,5.99,12.38,Jogging
36,0.11,0.14,0.1,0.08,0.12,0.09,0.11,0.12,0.08,0.08,0.1,0.13,0.08,0.11,0.08,0.14,0.09,0.1,0.08,0.09,0.1,0.1,0.1,0.08,0.1,0.1,0.11,0.15,0.12,0.08,8.22,1.28,4.74,5.94,3.62,5.79,7.3,5.79,12.09,Jogging
36,0.12,0.11,0.15,0.08,0.08,0.11,0.06,0.1,0.11,0.12,0.1,0.15,0.12,0.06,0.08,0.09,0.11,0.11,0.11,0.09,0.07,0.1,0.12,0.1,0.11,0.1,0.1,0.13,0.11,0.08,8.21,1.39,5.02,6.35,3.48,5.97,7.65,5.97,12.26,Jogging
36,0.13,0.08,0.15,0.09,0.09,0.13,0.07,0.09,0.09,0.11,0.12,0.13,0.06,0.07,0.11,0.1,0.15,0.08,0.11,0.1,0.08,0.09,0.09,0.13,0.12,0.08,0.1,0.12,0.12,0.09,8.38,1.45,4.98,6.09,3.66,5.92,7.44,5.92,12.35,Jogging
36,0.13,0.1,0.12,0.13,0.1,0.07,0.07,0.1,0.1,0.11,0.15,0.08,0.1,0.08,0.11,0.09,0.11,0.09,0.11,0.08,0.11,0.1,0.08,0.13,0.08,0.06,0.1,0.15,0.1,0.1,8.15,1.38,5.15,6.35,4.19,6.16,7.79,6.16,12.79,Jogging
36,0.16,0.14,0.07,0.08,0.1,0.07,0.07,0.09,0.13,0.12,0.15,0.09,0.08,0.06,0.08,0.11,0.15,0.08,0.14,0.06,0.09,0.17,0.12,0.07,0.07,0.07,0.1,0.09,0.14,0.11,8.13,1.24,5.4,6.53,4.23,6.49,7.94,6.49,12.98,Jogging
36,0.12,0.14,0.1,0.12,0.08,0.08,0.09,0.1,0.07,0.12,0.12,0.09,0.1,0.07,0.1,0.13,0.1,0.11,0.1,0.07,0.12,0.11,0.07,0.09,0.07,0.1,0.12,0.12,0.14,0.09,8.37,1.33,5.22,6.07,3.87,6.25,7.56,6.25,12.7,Jogging
36,0.14,0.11,0.1,0.1,0.08,0.08,0.07,0.08,0.14,0.11,0.1,0.15,0.11,0.09,0.1,0.08,0.09,0.1,0.13,0.06,0.08,0.12,0.07,0.13,0.06,0.11,0.12,0.15,0.1,0.08,7.87,1.27,5.26,6.3,3.6,6.28,7.6,6.28,12.2,Jogging
36,0.11,0.11,0.09,0.11,0.12,0.08,0.06,0.11,0.12,0.11,0.11,0.12,0.11,0.1,0.13,0.1,0.07,0.06,0.14,0.07,0.07,0.11,0.09,0.09,0.11,0.1,0.14,0.14,0.1,0.07,7.98,1.29,4.82,5.94,3.29,5.8,7.27,5.8,11.69,Jogging
36,0.04,0.13,0.1,0.11,0.13,0.13,0.1,0.12,0.1,0.06,0.03,0.13,0.12,0.13,0.11,0.13,0.12,0.09,0.12,0.04,0.06,0.08,0.09,0.15,0.12,0.14,0.13,0.12,0.07,0.06,8.73,1.03,4.08,4.81,2.98,4.93,5.88,4.93,11.07,Jogging
36,0.03,0.06,0.12,0.15,0.12,0.14,0.18,0.13,0.09,0.01,0.02,0.06,0.13,0.16,0.13,0.13,0.14,0.13,0.1,0.02,0.04,0.05,0.09,0.13,0.24,0.13,0.13,0.07,0.03,0.11,9.27,1.26,3.38,3.83,2.71,4.32,4.73,4.32,10.94,Jogging
36,0.12,0.14,0.11,0.08,0.09,0.07,0.1,0.11,0.1,0.1,0.13,0.13,0.06,0.07,0.08,0.1,0.13,0.12,0.1,0.09,0.1,0.14,0.12,0.1,0.09,0.07,0.05,0.1,0.17,0.09,8.29,1.23,4.97,6.59,4.14,6.1,7.98,6.1,12.87,Jogging
36,0.12,0.12,0.11,0.14,0.06,0.07,0.1,0.11,0.08,0.11,0.12,0.1,0.1,0.05,0.13,0.1,0.11,0.1,0.1,0.11,0.12,0.09,0.1,0.15,0.06,0.06,0.08,0.17,0.12,0.08,8.38,1.23,5.14,6.23,4.01,6.23,7.63,6.23,12.68,Jogging
36,0.13,0.1,0.08,0.18,0.08,0.08,0.1,0.08,0.11,0.09,0.11,0.12,0.07,0.12,0.11,0.07,0.12,0.08,0.11,0.1,0.1,0.09,0.11,0.11,0.09,0.09,0.07,0.13,0.14,0.08,8.22,1.25,5.02,6.24,3.73,6.04,7.62,6.04,12.38,Jogging
36,0.11,0.15,0.09,0.09,0.13,0.09,0.08,0.06,0.13,0.11,0.14,0.09,0.13,0.08,0.08,0.07,0.11,0.08,0.1,0.11,0.12,0.05,0.13,0.12,0.05,0.09,0.13,0.14,0.11,0.09,8.22,1.29,5.03,6.62,3.74,5.94,7.94,5.94,12.38,Jogging
36,0.08,0.12,0.12,0.09,0.1,0.12,0.1,0.1,0.1,0.1,0.1,0.13,0.12,0.1,0.1,0.09,0.08,0.05,0.11,0.11,0.09,0.13,0.08,0.07,0.1,0.11,0.14,0.14,0.08,0.09,8.37,1.35,4.6,6.3,3.54,5.64,7.58,5.64,11.91,Jogging
36,0.11,0.1,0.16,0.1,0.06,0.1,0.1,0.08,0.11,0.1,0.13,0.1,0.08,0.11,0.11,0.06,0.1,0.11,0.11,0.08,0.12,0.08,0.1,0.07,0.1,0.11,0.14,0.09,0.11,0.11,8.21,1.34,4.89,6.4,3.81,5.91,7.9,5.91,12.54,Jogging
36,0.11,0.12,0.13,0.09,0.08,0.1,0.05,0.12,0.11,0.11,0.12,0.13,0.1,0.11,0.08,0.08,0.1,0.09,0.12,0.06,0.1,0.07,0.08,0.14,0.1,0.08,0.16,0.14,0.1,0.08,8.27,1.37,4.86,6.32,3.47,5.81,7.64,5.81,12.16,Jogging
36,0.11,0.08,0.09,0.09,0.11,0.1,0.13,0.13,0.09,0.11,0.11,0.09,0.09,0.13,0.08,0.11,0.06,0.11,0.12,0.09,0.17,0.12,0.09,0.09,0.07,0.07,0.09,0.12,0.12,0.09,8.83,0.72,4.4,6.13,4.14,5.48,7.46,5.48,12.52,Jogging
36,0.09,0.09,0.11,0.09,0.09,0.09,0.1,0.09,0.13,0.14,0.13,0.11,0.12,0.08,0.04,0.12,0.07,0.07,0.13,0.11,0.17,0.1,0.12,0.09,0.07,0.06,0.1,0.08,0.09,0.14,8.38,0.66,4.67,6.94,4.64,5.72,8.33,5.72,13.02,Jogging
36,0.09,0.08,0.12,0.08,0.14,0.09,0.11,0.12,0.08,0.11,0.12,0.12,0.1,0.1,0.07,0.11,0.09,0.11,0.07,0.13,0.17,0.08,0.1,0.1,0.08,0.08,0.08,0.12,0.11,0.11,8.22,0.92,4.44,6.52,4.22,5.44,7.87,5.44,12.41,Jogging
36,0.1,0.09,0.13,0.14,0.11,0.08,0.06,0.1,0.09,0.11,0.09,0.14,0.08,0.08,0.12,0.09,0.08,0.1,0.14,0.1,0.11,0.07,0.12,0.12,0.09,0.06,0.12,0.11,0.13,0.08,8.74,1.12,4.9,6.06,3.65,5.79,7.31,5.79,12.27,Jogging
36,0.1,0.12,0.08,0.12,0.1,0.09,0.08,0.1,0.16,0.07,0.11,0.1,0.1,0.09,0.16,0.08,0.03,0.07,0.14,0.12,0.09,0.15,0.08,0.11,0.07,0.09,0.1,0.19,0.09,0.06,8.59,0.96,4.67,6.06,3.57,5.7,7.43,5.7,12.2,Jogging
36,0.09,0.14,0.15,0.11,0.04,0.12,0.1,0.09,0.08,0.11,0.07,0.13,0.11,0.09,0.1,0.1,0.14,0.05,0.13,0.08,0.08,0.13,0.06,0.13,0.13,0.12,0.12,0.06,0.11,0.09,8.56,1.02,4.92,5.73,3.42,5.87,7.03,5.87,12.01,Jogging
36,0.0,0.08,0.12,0.13,0.21,0.16,0.18,0.1,0.04,0.0,0.0,0.02,0.17,0.15,0.14,0.16,0.13,0.17,0.07,0.0,0.03,0.05,0.14,0.09,0.26,0.19,0.1,0.03,0.04,0.09,9.38,1.01,3.37,3.39,2.42,4.1,4.04,4.1,10.78,Jogging
36,0.01,0.07,0.08,0.13,0.19,0.2,0.19,0.13,0.02,0.01,0.0,0.01,0.15,0.19,0.15,0.12,0.16,0.14,0.1,0.0,0.02,0.06,0.1,0.12,0.23,0.23,0.11,0.02,0.03,0.1,9.4,1.15,3.03,3.38,2.37,3.84,4.0,3.84,10.68,Jogging
36,0.09,0.1,0.11,0.12,0.09,0.13,0.13,0.08,0.09,0.08,0.05,0.1,0.13,0.14,0.12,0.1,0.11,0.12,0.08,0.03,0.05,0.1,0.08,0.12,0.18,0.15,0.14,0.06,0.06,0.09,8.53,1.01,4.46,5.0,2.87,5.54,6.34,5.54,11.46,Jogging
36,0.17,0.12,0.08,0.09,0.09,0.06,0.09,0.07,0.15,0.1,0.13,0.12,0.09,0.09,0.09,0.1,0.08,0.1,0.11,0.09,0.15,0.1,0.1,0.1,0.09,0.09,0.07,0.08,0.12,0.12,7.9,1.0,5.4,6.74,4.32,6.45,8.18,6.45,12.8,Jogging
36,0.17,0.1,0.1,0.1,0.07,0.09,0.08,0.12,0.09,0.1,0.12,0.11,0.07,0.14,0.1,0.08,0.07,0.07,0.12,0.12,0.13,0.05,0.09,0.1,0.12,0.12,0.11,0.1,0.1,0.1,8.42,1.24,5.11,6.4,3.77,6.19,7.84,6.19,12.72,Jogging
36,0.15,0.11,0.1,0.1,0.09,0.07,0.09,0.11,0.12,0.09,0.12,0.09,0.08,0.11,0.1,0.08,0.05,0.11,0.13,0.12,0.13,0.08,0.12,0.11,0.1,0.08,0.09,0.11,0.1,0.12,8.73,1.16,4.97,6.45,4.02,6.1,7.81,6.1,12.95,Jogging
36,0.15,0.12,0.1,0.08,0.1,0.07,0.11,0.1,0.11,0.1,0.11,0.15,0.11,0.09,0.07,0.07,0.12,0.12,0.06,0.1,0.11,0.11,0.13,0.12,0.06,0.07,0.11,0.11,0.08,0.12,7.67,1.02,5.16,6.58,3.94,6.27,7.84,6.27,12.24,Jogging
36,0.17,0.12,0.07,0.1,0.05,0.07,0.09,0.08,0.13,0.15,0.11,0.14,0.1,0.08,0.1,0.08,0.08,0.11,0.11,0.1,0.09,0.14,0.09,0.1,0.11,0.07,0.09,0.11,0.1,0.13,7.97,1.15,5.46,6.51,3.99,6.59,7.89,6.59,12.68,Jogging
36,0.1,0.13,0.11,0.1,0.1,0.08,0.1,0.14,0.08,0.1,0.09,0.11,0.09,0.11,0.12,0.14,0.1,0.12,0.07,0.06,0.08,0.13,0.12,0.09,0.1,0.09,0.12,0.09,0.12,0.08,8.3,1.03,4.85,5.37,3.68,5.91,6.79,5.91,11.88,Jogging
36,0.0,0.08,0.09,0.19,0.16,0.17,0.18,0.11,0.05,0.01,0.0,0.02,0.18,0.17,0.15,0.13,0.17,0.15,0.05,0.01,0.02,0.07,0.06,0.13,0.16,0.28,0.11,0.05,0.04,0.1,9.18,1.44,3.2,3.31,2.49,3.99,3.9,3.99,10.66,Jogging
36,0.01,0.06,0.1,0.17,0.16,0.22,0.16,0.12,0.03,0.0,0.0,0.0,0.16,0.18,0.16,0.14,0.17,0.18,0.02,0.0,0.01,0.09,0.05,0.13,0.15,0.28,0.13,0.05,0.05,0.08,9.25,1.27,3.19,3.05,2.33,3.91,3.57,3.91,10.58,Jogging
36,0.1,0.14,0.1,0.08,0.09,0.12,0.11,0.1,0.11,0.08,0.08,0.13,0.11,0.11,0.13,0.09,0.1,0.07,0.11,0.08,0.07,0.07,0.09,0.12,0.15,0.08,0.13,0.09,0.1,0.11,8.11,1.51,4.68,5.61,3.45,5.77,6.89,5.77,11.68,Jogging
36,0.18,0.08,0.08,0.13,0.05,0.07,0.1,0.07,0.13,0.13,0.13,0.14,0.09,0.08,0.1,0.08,0.09,0.07,0.12,0.11,0.13,0.11,0.1,0.12,0.1,0.04,0.08,0.14,0.09,0.11,7.97,1.03,5.17,6.72,4.14,6.28,8.07,6.28,12.65,Jogging
36,0.15,0.16,0.08,0.08,0.07,0.08,0.1,0.1,0.13,0.08,0.14,0.07,0.11,0.06,0.12,0.12,0.06,0.1,0.11,0.09,0.11,0.11,0.1,0.09,0.1,0.07,0.08,0.13,0.11,0.12,8.26,1.34,5.14,6.41,4.3,6.31,7.95,6.31,13.0,Jogging
36,0.13,0.13,0.12,0.1,0.04,0.11,0.09,0.08,0.09,0.14,0.1,0.13,0.1,0.13,0.08,0.1,0.1,0.07,0.13,0.06,0.09,0.12,0.09,0.13,0.11,0.05,0.11,0.1,0.08,0.15,7.93,1.39,5.26,6.1,4.07,6.25,7.55,6.25,12.47,Jogging
36,0.17,0.13,0.08,0.06,0.09,0.1,0.06,0.07,0.14,0.12,0.13,0.11,0.06,0.09,0.09,0.11,0.13,0.12,0.09,0.06,0.1,0.14,0.13,0.08,0.08,0.05,0.06,0.11,0.13,0.14,7.94,1.58,5.4,6.37,4.6,6.53,7.82,6.53,12.98,Jogging
36,0.15,0.12,0.1,0.12,0.07,0.07,0.08,0.1,0.08,0.13,0.11,0.13,0.09,0.11,0.09,0.08,0.08,0.12,0.11,0.07,0.11,0.11,0.11,0.1,0.06,0.08,0.09,0.13,0.1,0.14,7.98,1.42,5.29,6.46,4.13,6.26,7.84,6.26,12.6,Jogging
36,0.08,0.12,0.11,0.1,0.09,0.12,0.11,0.11,0.09,0.09,0.06,0.09,0.12,0.13,0.15,0.09,0.11,0.12,0.1,0.04,0.08,0.04,0.05,0.15,0.13,0.18,0.12,0.07,0.09,0.11,8.57,1.51,4.44,4.84,3.23,5.48,6.16,5.48,11.66,Jogging
36,0.01,0.05,0.09,0.17,0.21,0.17,0.19,0.1,0.02,0.0,0.0,0.01,0.11,0.2,0.19,0.18,0.19,0.13,0.01,0.0,0.0,0.08,0.07,0.08,0.19,0.31,0.09,0.07,0.06,0.07,9.22,1.38,3.16,2.7,2.21,3.89,3.19,3.89,10.53,Jogging
36,0.0,0.05,0.09,0.13,0.27,0.17,0.18,0.1,0.02,0.0,0.0,0.01,0.12,0.17,0.2,0.21,0.18,0.11,0.02,0.0,0.0,0.07,0.08,0.07,0.18,0.29,0.15,0.06,0.07,0.06,9.24,1.41,3.13,2.56,2.15,3.82,3.17,3.82,10.51,Jogging
36,0.13,0.14,0.12,0.11,0.06,0.07,0.08,0.11,0.1,0.11,0.11,0.11,0.09,0.08,0.1,0.12,0.08,0.08,0.14,0.1,0.1,0.12,0.1,0.11,0.08,0.08,0.11,0.12,0.1,0.11,8.49,1.37,5.24,6.2,3.95,6.22,7.6,6.22,12.7,Jogging
36,0.11,0.14,0.11,0.11,0.08,0.08,0.1,0.1,0.11,0.09,0.14,0.14,0.07,0.11,0.1,0.08,0.07,0.07,0.07,0.11,0.15,0.11,0.08,0.08,0.11,0.07,0.11,0.11,0.14,0.07,7.91,0.92,4.97,6.86,3.99,5.99,8.23,5.99,12.32,Jogging
36,0.15,0.09,0.1,0.1,0.1,0.07,0.09,0.12,0.1,0.1,0.11,0.12,0.12,0.09,0.09,0.09,0.08,0.07,0.1,0.12,0.11,0.08,0.1,0.07,0.11,0.07,0.13,0.11,0.09,0.15,8.34,1.77,4.96,6.43,4.23,6.13,7.75,6.13,12.59,Jogging
36,0.14,0.1,0.09,0.09,0.1,0.08,0.07,0.11,0.13,0.11,0.12,0.11,0.1,0.13,0.1,0.05,0.08,0.11,0.08,0.12,0.1,0.08,0.13,0.09,0.1,0.11,0.09,0.09,0.09,0.14,8.27,1.4,4.97,6.45,3.98,6.08,7.82,6.08,12.46,Jogging
36,0.05,0.06,0.07,0.04,0.08,0.04,0.09,0.04,0.05,0.07,0.06,0.06,0.06,0.05,0.04,0.07,0.06,0.07,0.06,0.04,0.06,0.05,0.06,0.05,0.05,0.09,0.06,0.04,0.07,0.05,4.63,0.63,2.47,3.93,2.04,5.46,8.35,5.46,6.77,Jogging
36,0.16,0.09,0.07,0.05,0.12,0.06,0.08,0.1,0.14,0.0,0.16,0.06,0.13,0.05,0.05,0.03,0.1,0.11,0.11,0.0,0.22,0.1,0.08,0.08,0.09,0.09,0.09,0.13,0.08,0.0,9.53,1.52,1.77,2.52,1.75,2.3,3.16,2.3,10.25,Upstairs
36,0.17,0.1,0.1,0.08,0.07,0.08,0.1,0.06,0.13,0.0,0.16,0.1,0.1,0.11,0.1,0.04,0.09,0.09,0.11,0.0,0.08,0.07,0.11,0.08,0.08,0.16,0.15,0.09,0.08,0.0,9.03,2.3,1.79,2.05,1.75,2.21,2.58,2.21,9.94,Upstairs
36,0.13,0.09,0.1,0.1,0.1,0.08,0.1,0.12,0.11,0.0,0.11,0.14,0.09,0.08,0.06,0.06,0.09,0.16,0.12,0.0,0.04,0.1,0.1,0.16,0.14,0.1,0.07,0.14,0.09,0.0,9.26,2.09,1.58,1.84,1.57,1.94,2.25,1.94,9.95,Upstairs
36,0.09,0.12,0.13,0.11,0.08,0.08,0.05,0.12,0.1,0.0,0.09,0.11,0.11,0.11,0.12,0.08,0.12,0.1,0.09,0.0,0.08,0.14,0.11,0.08,0.1,0.1,0.11,0.08,0.1,0.0,9.23,2.11,1.53,1.58,1.78,1.87,2.04,1.87,9.96,Upstairs
36,0.05,0.12,0.12,0.13,0.16,0.14,0.07,0.1,0.06,0.0,0.08,0.1,0.08,0.12,0.1,0.17,0.11,0.1,0.07,0.0,0.06,0.1,0.11,0.13,0.15,0.08,0.09,0.1,0.11,0.0,9.27,1.98,1.52,1.42,1.59,1.72,1.9,1.72,9.88,Upstairs
36,0.03,0.14,0.11,0.13,0.11,0.1,0.15,0.08,0.1,0.0,0.06,0.12,0.11,0.12,0.14,0.12,0.15,0.07,0.08,0.0,0.06,0.1,0.07,0.11,0.11,0.1,0.12,0.09,0.15,0.0,9.11,2.4,1.43,1.36,1.77,1.64,1.82,1.64,9.86,Upstairs
36,0.06,0.05,0.1,0.12,0.07,0.13,0.16,0.16,0.09,0.0,0.06,0.06,0.12,0.09,0.15,0.18,0.11,0.11,0.11,0.0,0.15,0.09,0.11,0.11,0.08,0.1,0.09,0.09,0.09,0.0,9.36,1.87,1.31,1.25,1.78,1.57,1.71,1.57,9.98,Upstairs
36,0.04,0.11,0.09,0.1,0.1,0.12,0.12,0.1,0.1,0.14,0.08,0.12,0.09,0.1,0.13,0.09,0.1,0.13,0.11,0.08,0.17,0.09,0.07,0.08,0.09,0.1,0.09,0.14,0.12,0.08,9.5,1.2,1.44,2.45,1.66,1.82,3.14,1.82,10.02,Downstairs
36,0.09,0.09,0.06,0.11,0.15,0.09,0.07,0.13,0.13,0.09,0.11,0.07,0.13,0.1,0.08,0.13,0.07,0.12,0.12,0.09,0.07,0.09,0.14,0.09,0.09,0.13,0.08,0.11,0.12,0.12,9.63,1.74,1.48,2.54,1.33,1.93,3.2,1.93,10.1,Downstairs
36,0.12,0.1,0.13,0.09,0.11,0.12,0.08,0.11,0.08,0.09,0.07,0.13,0.08,0.11,0.08,0.1,0.14,0.09,0.09,0.12,0.11,0.12,0.14,0.13,0.08,0.09,0.11,0.09,0.07,0.08,9.76,1.3,1.66,2.51,1.35,2.11,3.22,2.11,10.2,Downstairs
36,0.12,0.12,0.12,0.09,0.08,0.08,0.12,0.1,0.07,0.11,0.11,0.08,0.12,0.1,0.11,0.08,0.14,0.1,0.1,0.08,0.07,0.1,0.08,0.11,0.15,0.11,0.11,0.09,0.11,0.11,9.51,1.71,1.66,2.41,1.21,2.09,3.11,2.09,9.99,Downstairs
36,0.13,0.1,0.12,0.11,0.08,0.09,0.09,0.1,0.11,0.1,0.14,0.08,0.09,0.09,0.1,0.09,0.09,0.1,0.09,0.14,0.08,0.08,0.09,0.1,0.1,0.11,0.09,0.11,0.11,0.14,9.79,1.81,1.74,3.05,1.47,2.21,3.84,2.21,10.38,Downstairs
36,0.0,0.0,0.0,0.0,0.01,0.0,0.01,0.0,0.0,0.0,0.0,0.01,0.01,0.01,0.01,0.0,0.0,0.0,0.0,0.0,0.01,0.01,0.01,0.0,0.0,0.0,0.0,0.0,0.0,0.0,0.15,-0.02,0.01,0.15,0.02,1.03,7.6,1.03,0.15,Downstairs
36,0.17,0.1,0.09,0.04,0.11,0.05,0.1,0.12,0.1,0.13,0.15,0.12,0.12,0.09,0.07,0.06,0.03,0.07,0.13,0.18,0.12,0.11,0.08,0.06,0.13,0.13,0.12,0.08,0.08,0.1,9.15,2.05,2.11,2.26,1.63,2.56,2.79,2.56,10.03,Upstairs
36,0.12,0.06,0.11,0.13,0.1,0.1,0.09,0.11,0.09,0.12,0.14,0.09,0.12,0.08,0.1,0.05,0.07,0.12,0.14,0.1,0.06,0.08,0.1,0.09,0.13,0.15,0.11,0.1,0.09,0.09,9.13,2.33,1.92,1.94,1.61,2.27,2.45,2.27,9.99,Upstairs
36,0.11,0.1,0.11,0.09,0.07,0.12,0.1,0.08,0.1,0.13,0.14,0.08,0.1,0.09,0.08,0.12,0.1,0.11,0.11,0.11,0.12,0.08,0.09,0.12,0.08,0.11,0.11,0.13,0.07,0.13,9.07,2.25,1.91,1.75,1.73,2.23,2.23,2.23,9.92,Upstairs
36,0.05,0.12,0.1,0.09,0.1,0.07,0.13,0.13,0.13,0.11,0.08,0.09,0.09,0.11,0.12,0.13,0.12,0.1,0.12,0.07,0.11,0.12,0.11,0.11,0.05,0.11,0.12,0.08,0.11,0.1,9.17,2.13,1.77,1.46,1.68,2.06,1.95,2.06,9.91,Upstairs
36,0.05,0.11,0.07,0.09,0.1,0.12,0.14,0.12,0.12,0.1,0.05,0.1,0.11,0.1,0.12,0.17,0.13,0.09,0.06,0.09,0.12,0.08,0.15,0.1,0.09,0.08,0.06,0.09,0.15,0.1,9.17,2.24,1.73,1.34,1.82,1.99,1.86,1.99,9.95,Upstairs
36,0.07,0.11,0.1,0.1,0.14,0.09,0.14,0.09,0.09,0.09,0.03,0.11,0.12,0.12,0.08,0.13,0.16,0.11,0.08,0.08,0.08,0.09,0.1,0.12,0.11,0.09,0.08,0.14,0.11,0.09,9.23,2.15,1.87,1.29,1.58,2.12,1.7,2.12,9.94,Upstairs
36,0.12,0.08,0.12,0.11,0.08,0.07,0.05,0.09,0.09,0.05,0.09,0.09,0.05,0.08,0.12,0.09,0.08,0.1,0.08,0.07,0.06,0.06,0.14,0.08,0.08,0.07,0.09,0.09,0.09,0.08,7.54,1.89,1.81,1.79,1.46,2.53,2.56,2.53,8.34,Upstairs
36,0.09,0.1,0.07,0.1,0.08,0.1,0.13,0.1,0.12,0.13,0.08,0.1,0.09,0.11,0.14,0.11,0.09,0.11,0.08,0.09,0.06,0.09,0.12,0.14,0.09,0.07,0.1,0.1,0.15,0.11,9.57,2.0,1.5,2.41,1.38,1.96,3.09,1.96,10.12,Downstairs
36,0.1,0.06,0.1,0.1,0.14,0.13,0.12,0.09,0.08,0.09,0.09,0.12,0.09,0.09,0.12,0.12,0.1,0.14,0.06,0.1,0.11,0.07,0.08,0.1,0.08,0.15,0.13,0.1,0.06,0.13,9.54,1.84,1.43,2.23,1.5,1.84,2.77,1.84,10.06,Downstairs
36,0.09,0.1,0.1,0.11,0.1,0.1,0.09,0.11,0.13,0.09,0.05,0.12,0.08,0.12,0.09,0.12,0.11,0.09,0.12,0.11,0.15,0.15,0.08,0.13,0.08,0.1,0.07,0.09,0.09,0.08,9.8,1.43,1.47,2.22,1.53,1.88,2.73,1.88,10.24,Downstairs
36,0.11,0.11,0.13,0.09,0.08,0.1,0.11,0.07,0.11,0.1,0.1,0.09,0.15,0.09,0.08,0.1,0.09,0.11,0.11,0.09,0.08,0.11,0.11,0.07,0.11,0.14,0.13,0.1,0.1,0.08,9.56,1.77,1.66,2.37,1.3,2.1,2.93,2.1,10.1,Downstairs
36,0.11,0.12,0.11,0.11,0.09,0.08,0.1,0.13,0.09,0.09,0.16,0.07,0.11,0.1,0.08,0.07,0.11,0.08,0.11,0.13,0.08,0.11,0.11,0.08,0.09,0.11,0.09,0.12,0.11,0.12,9.54,1.99,1.59,2.82,1.46,2.07,3.48,2.07,10.13,Downstairs
36,0.02,0.01,0.02,0.03,0.02,0.02,0.02,0.02,0.02,0.02,0.04,0.02,0.01,0.01,0.01,0.01,0.02,0.01,0.03,0.03,0.03,0.01,0.02,0.02,0.02,0.02,0.0,0.02,0.02,0.02,1.81,0.31,0.31,1.48,0.54,2.13,8.82,2.13,1.99,Downstairs
36,0.19,0.1,0.08,0.07,0.09,0.06,0.09,0.09,0.11,0.15,0.19,0.08,0.12,0.07,0.06,0.05,0.06,0.09,0.11,0.17,0.11,0.1,0.06,0.09,0.1,0.12,0.13,0.11,0.12,0.08,9.1,2.51,1.81,2.37,1.61,2.24,2.93,2.24,10.02,Upstairs
36,0.1,0.14,0.1,0.09,0.11,0.1,0.07,0.1,0.08,0.13,0.11,0.11,0.1,0.08,0.08,0.09,0.07,0.08,0.18,0.13,0.12,0.14,0.07,0.09,0.12,0.12,0.08,0.1,0.08,0.09,9.24,2.28,1.71,1.79,1.71,2.03,2.19,2.03,10.03,Upstairs
36,0.1,0.09,0.12,0.09,0.11,0.11,0.11,0.07,0.1,0.1,0.13,0.1,0.11,0.15,0.1,0.09,0.08,0.07,0.09,0.1,0.06,0.07,0.07,0.1,0.11,0.13,0.1,0.08,0.13,0.17,8.89,3.05,1.61,1.66,1.89,1.89,2.16,1.89,9.94,Upstairs
36,0.05,0.1,0.09,0.11,0.11,0.13,0.12,0.11,0.13,0.07,0.06,0.1,0.09,0.1,0.12,0.12,0.17,0.12,0.08,0.07,0.13,0.08,0.13,0.1,0.1,0.08,0.12,0.1,0.09,0.09,9.18,2.4,1.44,1.33,1.65,1.7,1.82,1.7,9.9,Upstairs
36,0.09,0.07,0.12,0.13,0.1,0.1,0.11,0.11,0.12,0.08,0.06,0.11,0.08,0.1,0.11,0.12,0.16,0.13,0.07,0.09,0.1,0.14,0.14,0.07,0.11,0.08,0.1,0.12,0.09,0.08,9.29,2.31,1.54,1.42,1.54,1.86,1.95,1.86,9.98,Upstairs
36,0.07,0.07,0.1,0.12,0.11,0.1,0.12,0.11,0.09,0.08,0.05,0.12,0.08,0.12,0.12,0.12,0.1,0.09,0.09,0.05,0.08,0.05,0.12,0.14,0.09,0.08,0.09,0.08,0.12,0.1,8.4,2.5,1.37,1.42,1.61,1.72,1.94,1.72,9.18,Upstairs
36,0.08,0.1,0.09,0.13,0.11,0.09,0.12,0.09,0.09,0.11,0.08,0.09,0.11,0.1,0.09,0.14,0.12,0.09,0.11,0.08,0.07,0.11,0.11,0.11,0.1,0.1,0.12,0.11,0.1,0.09,9.63,1.77,1.41,2.13,1.24,1.76,2.81,1.76,10.08,Downstairs
36,0.1,0.08,0.11,0.07,0.15,0.12,0.09,0.08,0.11,0.12,0.08,0.09,0.14,0.09,0.08,0.12,0.11,0.1,0.08,0.11,0.07,0.11,0.09,0.08,0.11,0.09,0.13,0.11,0.11,0.11,9.67,2.0,1.45,2.27,1.36,1.85,2.92,1.85,10.18,Downstairs
36,0.12,0.1,0.1,0.09,0.1,0.1,0.09,0.11,0.08,0.12,0.11,0.06,0.11,0.13,0.11,0.09,0.07,0.14,0.11,0.09,0.1,0.09,0.1,0.12,0.09,0.12,0.09,0.11,0.09,0.12,9.7,1.85,1.54,2.28,1.34,1.97,2.86,1.97,10.2,Downstairs
36,0.1,0.14,0.1,0.09,0.08,0.11,0.06,0.1,0.13,0.11,0.12,0.12,0.06,0.11,0.08,0.1,0.09,0.11,0.11,0.12,0.12,0.13,0.09,0.12,0.11,0.09,0.09,0.08,0.1,0.1,9.68,1.67,1.52,2.55,1.43,1.92,3.15,1.92,10.17,Downstairs
36,0.11,0.07,0.09,0.09,0.1,0.08,0.07,0.14,0.11,0.06,0.11,0.12,0.08,0.06,0.09,0.08,0.08,0.07,0.09,0.11,0.12,0.07,0.09,0.09,0.07,0.09,0.08,0.1,0.1,0.08,8.52,1.46,1.28,2.32,1.51,1.99,3.46,1.99,9.06,Downstairs
36,0.17,0.11,0.07,0.07,0.07,0.07,0.09,0.06,0.1,0.18,0.16,0.14,0.1,0.08,0.04,0.04,0.04,0.07,0.13,0.22,0.13,0.1,0.09,0.1,0.13,0.14,0.09,0.06,0.09,0.09,8.8,2.71,1.92,2.81,1.76,2.36,3.51,2.36,9.98,Upstairs
36,0.12,0.11,0.12,0.11,0.07,0.08,0.1,0.09,0.08,0.14,0.15,0.07,0.09,0.11,0.08,0.06,0.09,0.1,0.15,0.12,0.09,0.09,0.1,0.07,0.1,0.14,0.12,0.15,0.06,0.1,8.93,3.05,1.8,1.94,1.77,2.12,2.44,2.12,10.03,Upstairs
36,0.11,0.12,0.12,0.08,0.12,0.1,0.09,0.11,0.06,0.1,0.05,0.09,0.1,0.12,0.12,0.12,0.1,0.14,0.08,0.1,0.09,0.12,0.09,0.15,0.11,0.08,0.1,0.09,0.11,0.08,9.14,2.69,1.72,1.38,1.72,1.99,1.81,1.99,10.01,Upstairs
36,0.07,0.09,0.09,0.06,0.13,0.11,0.12,0.1,0.13,0.12,0.11,0.09,0.13,0.11,0.08,0.11,0.12,0.1,0.1,0.08,0.1,0.09,0.09,0.09,0.13,0.07,0.11,0.1,0.13,0.11,8.81,3.11,1.49,1.58,1.91,1.81,1.98,1.81,9.86,Upstairs
36,0.05,0.09,0.11,0.11,0.14,0.14,0.13,0.12,0.07,0.07,0.05,0.11,0.11,0.1,0.13,0.13,0.15,0.1,0.07,0.07,0.1,0.15,0.16,0.09,0.04,0.09,0.08,0.09,0.12,0.1,8.97,2.74,1.56,1.29,1.85,1.75,1.68,1.75,9.84,Upstairs
36,0.09,0.08,0.16,0.09,0.13,0.08,0.11,0.09,0.14,0.07,0.07,0.14,0.11,0.09,0.11,0.09,0.16,0.09,0.1,0.06,0.1,0.08,0.1,0.1,0.11,0.09,0.09,0.11,0.14,0.1,8.84,3.04,1.55,1.46,1.85,1.81,1.83,1.81,9.84,Upstairs
36,0.08,0.09,0.08,0.09,0.11,0.14,0.09,0.12,0.1,0.04,0.09,0.07,0.07,0.11,0.14,0.08,0.1,0.12,0.09,0.07,0.07,0.09,0.1,0.1,0.09,0.1,0.12,0.09,0.08,0.11,8.2,2.78,1.44,1.58,1.61,1.81,2.12,1.81,9.1,Upstairs
36,0.09,0.08,0.08,0.1,0.12,0.11,0.12,0.11,0.11,0.1,0.08,0.11,0.13,0.09,0.09,0.1,0.11,0.09,0.11,0.1,0.08,0.09,0.11,0.14,0.1,0.09,0.16,0.08,0.08,0.1,9.49,1.95,1.58,2.34,1.32,2.04,2.92,2.04,10.04,Downstairs
36,0.12,0.1,0.12,0.08,0.09,0.09,0.1,0.11,0.09,0.13,0.11,0.09,0.12,0.12,0.1,0.06,0.07,0.13,0.11,0.1,0.08,0.1,0.13,0.06,0.09,0.14,0.09,0.1,0.13,0.12,9.53,2.0,1.75,2.47,1.42,2.23,2.99,2.23,10.14,Downstairs
36,0.1,0.11,0.09,0.1,0.14,0.11,0.11,0.11,0.08,0.07,0.09,0.11,0.09,0.12,0.09,0.13,0.09,0.1,0.1,0.1,0.11,0.13,0.05,0.11,0.1,0.07,0.12,0.12,0.12,0.09,9.52,1.82,1.68,2.27,1.55,2.1,2.9,2.1,10.12,Downstairs
36,0.1,0.1,0.06,0.14,0.09,0.1,0.11,0.1,0.11,0.09,0.1,0.07,0.11,0.1,0.12,0.11,0.14,0.1,0.08,0.08,0.13,0.09,0.14,0.09,0.1,0.09,0.08,0.13,0.08,0.08,9.58,1.78,1.68,2.25,1.61,2.13,2.97,2.13,10.19,Downstairs
36,0.08,0.11,0.12,0.1,0.09,0.07,0.07,0.11,0.13,0.14,0.14,0.1,0.08,0.08,0.1,0.09,0.12,0.07,0.11,0.12,0.1,0.11,0.09,0.11,0.08,0.12,0.08,0.08,0.12,0.13,9.5,1.93,1.68,2.7,1.58,2.13,3.4,2.13,10.12,Downstairs
36,0.04,0.06,0.04,0.05,0.02,0.04,0.02,0.02,0.02,0.05,0.02,0.05,0.01,0.05,0.03,0.02,0.05,0.04,0.04,0.04,0.05,0.03,0.02,0.03,0.04,0.05,0.02,0.03,0.04,0.03,3.28,0.57,0.67,2.2,0.68,2.43,7.35,2.43,3.5,Downstairs
36,0.94,0.03,0.01,0.03,0.0,0.0,0.0,0.0,0.0,0.0,0.02,0.0,0.09,0.0,0.0,0.0,0.24,0.0,0.0,0.66,0.85,0.14,0.01,0.01,0.0,0.0,0.0,0.0,0.0,0.0,-2.21,7.74,5.16,0.04,0.05,5.16,0.2,5.16,9.56,Sitting
36,0.15,0.53,0.31,0.01,0.0,0.0,0.0,0.0,0.0,0.0,0.07,0.0,0.37,0.0,0.0,0.0,0.43,0.0,0.0,0.14,0.12,0.24,0.36,0.29,0.0,0.0,0.0,0.0,0.0,0.0,-2.27,7.87,4.99,0.03,0.04,4.99,0.05,4.99,9.6,Sitting
36,0.01,0.15,0.63,0.22,0.0,0.0,0.0,0.0,0.0,0.0,0.01,0.0,0.23,0.0,0.0,0.0,0.53,0.0,0.0,0.24,0.01,0.27,0.51,0.21,0.0,0.0,0.0,0.0,0.0,0.0,-2.26,7.88,4.91,0.02,0.02,4.92,0.04,4.92,9.56,Sitting
36,0.0,0.1,0.5,0.41,0.0,0.0,0.0,0.0,0.0,0.0,0.05,0.0,0.21,0.0,0.0,0.0,0.54,0.0,0.0,0.22,0.0,0.21,0.3,0.49,0.01,0.01,0.0,0.0,0.0,0.0,-2.26,7.91,4.89,0.02,0.04,4.9,0.04,4.9,9.57,Sitting
36,0.01,0.02,0.36,0.59,0.03,0.01,0.0,0.0,0.0,0.0,0.02,0.0,0.26,0.0,0.0,0.0,0.48,0.0,0.0,0.26,0.0,0.01,0.08,0.88,0.05,0.0,0.0,0.0,0.0,0.0,-2.25,7.96,4.86,0.04,0.04,4.86,0.06,4.86,9.59,Sitting
36,0.0,0.0,0.0,0.03,0.5,0.22,0.16,0.06,0.03,0.01,0.03,0.0,0.11,0.0,0.0,0.0,0.26,0.0,0.0,0.61,0.0,0.0,0.01,0.02,0.12,0.29,0.37,0.0,0.17,0.0,-2.23,8.22,4.43,0.04,0.04,4.43,0.06,4.43,9.6,Sitting
36,0.0,0.0,0.0,0.0,0.32,0.38,0.27,0.04,0.0,0.0,0.05,0.0,0.38,0.0,0.0,0.0,0.52,0.0,0.0,0.05,0.0,0.0,0.0,0.0,0.01,0.28,0.4,0.0,0.3,0.0,-2.28,8.24,4.41,0.02,0.03,4.41,0.03,4.41,9.62,Sitting
36,0.0,0.0,0.0,0.0,0.13,0.19,0.38,0.19,0.08,0.04,0.1,0.0,0.32,0.0,0.0,0.0,0.48,0.0,0.0,0.1,0.0,0.0,0.0,0.0,0.07,0.18,0.39,0.0,0.29,0.0,-2.28,8.24,4.37,0.03,0.03,4.37,0.04,4.37,9.6,Sitting
36,0.0,0.0,0.0,0.0,0.03,0.06,0.14,0.24,0.29,0.26,0.01,0.0,0.22,0.0,0.0,0.0,0.62,0.0,0.0,0.16,0.0,0.0,0.0,0.0,0.06,0.33,0.42,0.0,0.17,0.0,-2.26,8.23,4.31,0.02,0.03,4.31,0.03,4.31,9.56,Sitting
36,0.0,0.0,0.0,0.0,0.02,0.03,0.05,0.12,0.37,0.41,0.0,0.0,0.17,0.0,0.0,0.0,0.59,0.0,0.0,0.25,0.0,0.0,0.0,0.0,0.03,0.24,0.44,0.0,0.24,0.0,-2.26,8.24,4.28,0.02,0.03,4.29,0.03,4.29,9.56,Sitting
36,0.0,0.0,0.0,0.0,0.0,0.0,0.05,0.21,0.4,0.35,0.0,0.0,0.08,0.0,0.0,0.0,0.49,0.0,0.0,0.44,0.0,0.0,0.0,0.0,0.0,0.0,0.1,0.0,0.32,0.0,-2.24,8.3,4.29,0.02,0.03,4.29,0.03,4.29,9.61,Sitting
36,0.0,0.0,0.0,0.0,0.02,0.08,0.08,0.32,0.25,0.26,0.0,0.0,0.06,0.0,0.0,0.0,0.31,0.0,0.0,0.64,0.0,0.0,0.0,0.0,0.0,0.0,0.01,0.0,0.15,0.0,-2.23,8.34,4.3,0.02,0.04,4.31,0.03,4.31,9.65,Sitting
36,0.0,0.0,0.0,0.0,0.01,0.0,0.02,0.05,0.09,0.34,0.02,0.0,0.0,0.0,0.0,0.0,0.1,0.0,0.0,0.39,0.01,0.0,0.0,0.0,0.01,0.0,0.02,0.0,0.08,0.0,-1.12,4.16,2.13,0.56,2.08,4.26,1.12,4.26,4.8,Sitting
36,0.01,0.0,0.01,0.0,0.01,0.0,0.02,0.06,0.2,0.69,0.12,0.06,0.0,0.16,0.0,0.16,0.0,0.14,0.14,0.23,0.02,0.07,0.1,0.09,0.1,0.2,0.12,0.11,0.07,0.15,9.46,2.62,0.47,0.09,0.13,0.54,0.15,0.54,9.83,Standing
36,0.0,0.01,0.02,0.06,0.13,0.4,0.24,0.09,0.04,0.03,0.12,0.1,0.0,0.25,0.0,0.3,0.0,0.15,0.07,0.03,0.0,0.0,0.0,0.01,0.08,0.22,0.16,0.19,0.13,0.23,9.4,2.72,0.92,0.06,0.08,0.94,0.09,0.94,9.83,Standing
36,0.0,0.01,0.02,0.06,0.09,0.16,0.15,0.24,0.2,0.08,0.14,0.1,0.0,0.17,0.0,0.21,0.0,0.18,0.11,0.1,0.0,0.01,0.02,0.04,0.09,0.26,0.23,0.12,0.09,0.16,9.42,2.69,0.84,0.07,0.08,0.86,0.09,0.86,9.83,Standing
36,0.0,0.0,0.0,0.01,0.01,0.02,0.12,0.24,0.49,0.12,0.05,0.03,0.0,0.18,0.0,0.32,0.0,0.16,0.13,0.15,0.0,0.02,0.06,0.05,0.13,0.17,0.22,0.19,0.11,0.08,9.45,2.66,0.72,0.06,0.08,0.73,0.08,0.73,9.84,Standing
36,0.0,0.0,0.0,0.02,0.1,0.28,0.24,0.19,0.18,0.01,0.05,0.15,0.0,0.32,0.0,0.31,0.0,0.14,0.05,0.01,0.0,0.0,0.0,0.0,0.01,0.07,0.16,0.28,0.23,0.26,9.4,2.74,0.86,0.04,0.05,0.87,0.06,0.87,9.84,Standing
36,0.01,0.01,0.03,0.14,0.22,0.24,0.15,0.08,0.11,0.04,0.1,0.25,0.0,0.23,0.0,0.16,0.0,0.14,0.06,0.08,0.01,0.03,0.02,0.02,0.07,0.13,0.1,0.14,0.19,0.31,9.4,2.72,0.94,0.07,0.1,0.96,0.09,0.96,9.83,Standing
36,0.35,0.13,0.23,0.22,0.06,0.01,0.0,0.0,0.01,0.0,0.02,0.03,0.0,0.06,0.0,0.09,0.0,0.15,0.15,0.53,0.67,0.33,0.0,0.0,0.0,0.0,0.0,0.0,0.0,0.0,9.52,2.09,1.37,0.06,0.15,1.39,0.09,1.39,9.84,Standing
36,0.24,0.14,0.28,0.16,0.1,0.06,0.03,0.0,0.0,0.01,0.09,0.09,0.0,0.12,0.0,0.23,0.0,0.1,0.09,0.29,0.2,0.28,0.14,0.09,0.15,0.13,0.01,0.02,0.0,0.01,9.47,2.37,1.3,0.1,0.17,1.32,0.13,1.32,9.85,Standing
36,0.12,0.23,0.42,0.22,0.02,0.0,0.0,0.0,0.0,0.0,0.05,0.05,0.0,0.15,0.0,0.4,0.0,0.24,0.09,0.04,0.0,0.11,0.36,0.22,0.23,0.07,0.02,0.01,0.0,0.0,9.43,2.48,1.32,0.04,0.06,1.33,0.06,1.33,9.84,Standing
36,0.14,0.11,0.31,0.06,0.01,0.01,0.0,0.0,0.0,0.0,0.05,0.03,0.0,0.09,0.0,0.14,0.0,0.16,0.09,0.06,0.02,0.15,0.25,0.11,0.07,0.0,0.01,0.01,0.0,0.01,5.85,1.52,0.85,2.22,0.58,1.38,3.59,1.38,6.11,Standing
18,0.0,0.0,0.01,0.03,0.07,0.17,0.14,0.26,0.24,0.1,0.06,0.12,0.13,0.18,0.08,0.08,0.04,0.09,0.1,0.02,0.11,0.12,0.12,0.15,0.07,0.09,0.09,0.12,0.06,0.09,9.76,-0.57,5.88,6.85,4.25,7.25,8.01,7.25,14.36,Jogging
18,0.0,0.0,0.0,0.04,0.13,0.19,0.19,0.25,0.09,0.14,0.16,0.09,0.09,0.08,0.05,0.08,0.08,0.08,0.14,0.06,0.09,0.19,0.17,0.09,0.09,0.12,0.06,0.03,0.09,0.09,9.9,-0.98,5.62,8.31,4.05,7.39,9.42,7.39,15.48,Jogging
18,0.04,0.08,0.12,0.12,0.13,0.11,0.15,0.07,0.07,0.12,0.06,0.11,0.14,0.09,0.05,0.12,0.08,0.11,0.07,0.06,0.09,0.12,0.07,0.06,0.1,0.12,0.13,0.1,0.13,0.1,10.71,0.44,8.74,7.09,4.17,10.49,8.13,10.49,16.78,Jogging
18,0.09,0.08,0.08,0.15,0.1,0.09,0.17,0.09,0.06,0.11,0.08,0.09,0.09,0.16,0.1,0.1,0.07,0.13,0.11,0.04,0.08,0.16,0.12,0.09,0.1,0.1,0.1,0.09,0.07,0.11,10.37,-0.1,9.28,6.49,4.2,11.29,7.83,11.29,16.8,Jogging
18,0.09,0.1,0.08,0.12,0.13,0.15,0.11,0.11,0.05,0.08,0.09,0.08,0.1,0.11,0.08,0.11,0.09,0.11,0.12,0.05,0.13,0.12,0.11,0.06,0.16,0.08,0.07,0.11,0.1,0.09,10.76,-0.65,8.83,6.92,4.44,10.68,8.02,10.68,16.6,Jogging
18,0.1,0.08,0.1,0.1,0.13,0.08,0.11,0.13,0.08,0.11,0.09,0.09,0.15,0.09,0.07,0.14,0.13,0.1,0.08,0.01,0.08,0.1,0.1,0.11,0.06,0.11,0.13,0.11,0.1,0.11,9.81,0.67,9.34,6.84,4.32,11.15,8.04,11.15,16.59,Jogging
18,0.09,0.11,0.1,0.13,0.13,0.12,0.07,0.09,0.1,0.08,0.1,0.11,0.17,0.05,0.08,0.13,0.08,0.1,0.14,0.02,0.06,0.11,0.15,0.1,0.13,0.08,0.07,0.11,0.06,0.15,9.6,0.47,9.76,7.17,4.45,11.42,8.18,11.42,16.59,Jogging
18,0.1,0.11,0.07,0.11,0.13,0.09,0.08,0.11,0.13,0.09,0.14,0.08,0.12,0.12,0.07,0.13,0.08,0.11,0.07,0.04,0.07,0.1,0.09,0.1,0.12,0.09,0.09,0.12,0.13,0.11,8.99,0.61,9.6,7.41,4.11,11.36,8.64,11.36,16.25,Jogging
18,0.13,0.15,0.08,0.1,0.1,0.1,0.13,0.08,0.08,0.07,0.1,0.13,0.06,0.07,0.11,0.12,0.13,0.07,0.12,0.03,0.08,0.12,0.11,0.1,0.07,0.14,0.13,0.06,0.1,0.11,9.91,-0.01,9.97,7.14,4.1,11.77,8.51,11.77,16.64,Jogging
18,0.12,0.12,0.06,0.15,0.1,0.1,0.08,0.06,0.12,0.11,0.13,0.1,0.12,0.09,0.13,0.1,0.1,0.1,0.07,0.02,0.12,0.08,0.06,0.09,0.08,0.11,0.08,0.12,0.11,0.16,8.96,0.74,10.23,7.18,4.61,11.75,8.44,11.75,16.61,Jogging
18,0.14,0.12,0.09,0.13,0.05,0.08,0.13,0.06,0.11,0.11,0.11,0.09,0.09,0.09,0.19,0.07,0.05,0.12,0.13,0.02,0.1,0.12,0.1,0.1,0.07,0.12,0.11,0.14,0.11,0.06,9.86,-0.38,10.37,6.99,3.9,12.1,8.49,12.1,16.88,Jogging
18,0.13,0.15,0.09,0.11,0.08,0.12,0.1,0.07,0.07,0.09,0.08,0.09,0.08,0.11,0.1,0.12,0.13,0.13,0.09,0.02,0.14,0.1,0.12,0.09,0.07,0.08,0.1,0.07,0.14,0.11,10.55,-0.26,10.34,6.49,4.63,12.08,7.86,12.08,17.45,Jogging
18,0.12,0.14,0.15,0.08,0.07,0.08,0.08,0.1,0.11,0.07,0.1,0.1,0.1,0.08,0.1,0.13,0.16,0.08,0.07,0.03,0.13,0.08,0.13,0.07,0.11,0.1,0.08,0.1,0.1,0.12,10.0,-0.08,10.49,6.78,4.26,12.07,8.0,12.07,16.93,Jogging
18,0.12,0.12,0.1,0.06,0.15,0.09,0.11,0.06,0.1,0.11,0.1,0.09,0.11,0.11,0.11,0.11,0.1,0.12,0.08,0.03,0.12,0.07,0.08,0.07,0.15,0.06,0.14,0.1,0.11,0.12,9.77,0.37,10.11,6.88,4.34,11.9,8.2,11.9,16.84,Jogging
18,0.1,0.11,0.15,0.11,0.1,0.08,0.09,0.08,0.1,0.08,0.1,0.08,0.12,0.09,0.14,0.1,0.06,0.12,0.12,0.02,0.1,0.12,0.09,0.08,0.12,0.08,0.12,0.07,0.16,0.09,10.26,-0.1,10.23,6.51,4.22,11.83,7.79,11.83,16.92,Jogging
18,0.11,0.13,0.11,0.08,0.13,0.09,0.09,0.06,0.1,0.1,0.12,0.06,0.12,0.07,0.08,0.13,0.13,0.12,0.11,0.01,0.11,0.11,0.12,0.1,0.06,0.09,0.06,0.1,0.15,0.12,10.15,0.27,10.29,6.91,4.68,12.01,8.05,12.01,17.28,Jogging
18,0.14,0.1,0.18,0.05,0.14,0.08,0.07,0.08,0.1,0.08,0.1,0.09,0.07,0.13,0.09,0.07,0.11,0.13,0.11,0.04,0.13,0.09,0.05,0.09,0.13,0.1,0.09,0.13,0.11,0.1,10.5,-0.2,10.42,6.7,4.24,12.06,7.84,12.06,17.16,Jogging
18,0.12,0.1,0.12,0.11,0.11,0.1,0.07,0.11,0.1,0.06,0.09,0.1,0.08,0.09,0.13,0.11,0.15,0.06,0.12,0.04,0.14,0.09,0.09,0.13,0.08,0.13,0.13,0.08,0.06,0.1,10.38,-0.67,9.91,6.57,4.13,11.56,7.85,11.56,16.85,Jogging
18,0.08,0.1,0.13,0.11,0.1,0.09,0.09,0.13,0.09,0.08,0.1,0.08,0.12,0.08,0.13,0.1,0.13,0.09,0.08,0.05,0.11,0.06,0.15,0.11,0.09,0.09,0.12,0.11,0.07,0.12,10.21,-0.05,9.64,6.52,4.11,11.28,7.73,11.28,16.38,Jogging
18,0.1,0.09,0.09,0.13,0.08,0.13,0.08,0.11,0.08,0.13,0.07,0.16,0.14,0.08,0.11,0.07,0.13,0.07,0.14,0.02,0.07,0.07,0.11,0.17,0.11,0.1,0.07,0.12,0.15,0.06,9.4,0.08,9.78,6.98,3.59,11.46,7.97,11.46,15.76,Jogging
18,0.12,0.09,0.09,0.11,0.12,0.11,0.08,0.08,0.13,0.1,0.09,0.14,0.09,0.1,0.12,0.11,0.11,0.1,0.07,0.01,0.1,0.06,0.11,0.08,0.14,0.11,0.12,0.12,0.1,0.08,9.5,0.09,9.83,6.66,3.87,11.49,7.8,11.49,15.93,Jogging
18,0.09,0.14,0.13,0.12,0.08,0.09,0.09,0.09,0.09,0.09,0.08,0.14,0.08,0.1,0.09,0.12,0.13,0.09,0.08,0.03,0.11,0.11,0.08,0.1,0.1,0.12,0.13,0.11,0.06,0.11,10.06,-0.22,10.0,6.81,4.12,11.63,7.92,11.63,16.54,Jogging
18,0.12,0.09,0.12,0.13,0.08,0.11,0.07,0.12,0.11,0.08,0.12,0.08,0.08,0.1,0.11,0.09,0.15,0.15,0.06,0.03,0.12,0.07,0.11,0.14,0.13,0.06,0.09,0.1,0.13,0.07,9.76,-0.57,9.69,6.88,4.04,11.34,8.03,11.34,16.29,Jogging
18,0.13,0.12,0.1,0.11,0.07,0.08,0.1,0.09,0.12,0.1,0.18,0.07,0.09,0.09,0.09,0.11,0.12,0.09,0.1,0.02,0.1,0.05,0.07,0.1,0.13,0.17,0.1,0.12,0.1,0.09,9.04,0.25,10.41,7.48,3.6,12.21,8.56,12.21,16.36,Jogging
18,0.13,0.09,0.16,0.11,0.11,0.08,0.06,0.07,0.12,0.08,0.08,0.14,0.09,0.1,0.15,0.08,0.08,0.11,0.09,0.03,0.09,0.12,0.04,0.13,0.04,0.12,0.14,0.15,0.09,0.11,9.54,0.18,10.39,6.95,4.15,11.84,8.15,11.84,16.49,Jogging
18,0.11,0.11,0.13,0.11,0.07,0.08,0.11,0.13,0.07,0.1,0.12,0.09,0.09,0.12,0.12,0.1,0.06,0.06,0.16,0.02,0.09,0.11,0.1,0.15,0.09,0.05,0.12,0.08,0.12,0.11,9.7,-0.06,9.85,7.12,4.36,11.64,8.46,11.64,16.57,Jogging
18,0.14,0.14,0.08,0.1,0.07,0.07,0.08,0.11,0.16,0.07,0.11,0.13,0.1,0.14,0.08,0.06,0.11,0.09,0.08,0.07,0.07,0.09,0.1,0.11,0.13,0.16,0.08,0.12,0.09,0.09,9.2,0.07,10.23,7.27,3.66,11.96,8.3,11.96,16.04,Jogging
18,0.01,0.0,0.01,0.02,0.02,0.01,0.02,0.01,0.01,0.0,0.01,0.01,0.01,0.02,0.01,0.01,0.01,0.01,0.01,0.0,0.0,0.01,0.01,0.01,0.01,0.02,0.02,0.0,0.01,0.0,0.8,-0.02,0.55,0.81,0.18,8.02,11.11,8.02,1.11,Jogging
18,0.1,0.08,0.06,0.11,0.13,0.1,0.15,0.12,0.1,0.07,0.11,0.13,0.12,0.09,0.11,0.11,0.09,0.08,0.12,0.05,0.1,0.12,0.07,0.09,0.08,0.09,0.12,0.05,0.13,0.16,10.28,-0.44,4.37,4.12,2.97,5.31,5.0,5.31,12.35,Walking
18,0.14,0.09,0.09,0.09,0.07,0.14,0.15,0.1,0.08,0.08,0.06,0.16,0.11,0.13,0.07,0.12,0.09,0.08,0.1,0.08,0.18,0.12,0.08,0.1,0.1,0.09,0.04,0.08,0.09,0.14,10.63,-1.14,4.7,4.13,3.28,5.83,4.97,5.83,12.99,Walking
18,0.1,0.09,0.11,0.09,0.11,0.11,0.15,0.12,0.06,0.09,0.04,0.1,0.23,0.11,0.08,0.11,0.07,0.12,0.05,0.11,0.13,0.14,0.08,0.12,0.1,0.09,0.09,0.09,0.08,0.11,10.58,-1.21,4.58,3.85,2.81,5.75,4.62,5.75,12.63,Walking
18,0.11,0.1,0.09,0.06,0.11,0.1,0.19,0.13,0.07,0.07,0.04,0.14,0.16,0.08,0.11,0.08,0.12,0.08,0.12,0.05,0.12,0.13,0.1,0.06,0.09,0.09,0.11,0.08,0.12,0.12,10.78,-0.99,4.65,3.93,2.9,5.84,4.73,5.84,12.86,Walking
18,0.12,0.1,0.12,0.09,0.09,0.12,0.11,0.11,0.08,0.09,0.06,0.17,0.08,0.09,0.1,0.12,0.1,0.08,0.12,0.05,0.11,0.09,0.1,0.11,0.12,0.08,0.13,0.06,0.12,0.1,10.92,-1.02,4.84,4.12,2.5,5.85,5.0,5.85,12.89,Walking
18,0.08,0.11,0.1,0.11,0.11,0.09,0.13,0.1,0.11,0.09,0.06,0.13,0.13,0.1,0.08,0.07,0.14,0.11,0.1,0.05,0.12,0.1,0.12,0.1,0.07,0.07,0.13,0.12,0.07,0.13,10.8,-0.94,4.67,4.09,2.76,5.61,4.89,5.61,12.79,Walking
18,0.1,0.13,0.09,0.1,0.11,0.1,0.09,0.13,0.06,0.12,0.09,0.12,0.08,0.12,0.09,0.13,0.11,0.08,0.11,0.08,0.09,0.12,0.12,0.09,0.09,0.08,0.1,0.12,0.09,0.12,10.92,-0.95,4.85,4.08,2.62,5.76,5.01,5.76,12.93,Walking
18,0.11,0.12,0.08,0.08,0.12,0.1,0.1,0.1,0.1,0.11,0.06,0.11,0.1,0.15,0.1,0.1,0.13,0.1,0.08,0.06,0.11,0.12,0.11,0.1,0.09,0.07,0.08,0.12,0.11,0.11,10.98,-1.04,4.86,3.85,2.71,5.86,4.74,5.86,13.0,Walking
18,0.14,0.1,0.08,0.1,0.06,0.13,0.14,0.1,0.08,0.1,0.09,0.12,0.1,0.08,0.13,0.07,0.09,0.12,0.1,0.08,0.12,0.14,0.11,0.08,0.08,0.07,0.08,0.11,0.13,0.11,10.86,-1.17,4.82,4.25,2.88,5.82,5.16,5.82,13.04,Walking
18,0.13,0.14,0.06,0.07,0.09,0.12,0.14,0.07,0.12,0.08,0.12,0.1,0.09,0.11,0.07,0.1,0.13,0.09,0.09,0.06,0.13,0.12,0.09,0.08,0.09,0.13,0.11,0.06,0.09,0.13,10.76,-1.17,4.97,4.35,2.75,6.05,5.25,6.05,13.06,Walking
18,0.12,0.12,0.11,0.09,0.08,0.1,0.1,0.09,0.11,0.1,0.11,0.09,0.09,0.1,0.13,0.07,0.1,0.12,0.11,0.05,0.13,0.08,0.1,0.13,0.09,0.07,0.11,0.1,0.08,0.12,10.87,-1.1,5.01,4.15,2.8,5.95,5.14,5.95,13.17,Walking
18,0.09,0.11,0.12,0.08,0.09,0.11,0.1,0.11,0.14,0.09,0.09,0.13,0.1,0.09,0.08,0.1,0.12,0.11,0.12,0.04,0.14,0.07,0.12,0.09,0.09,0.09,0.08,0.11,0.13,0.11,10.77,-1.17,4.87,4.23,2.89,5.82,5.07,5.82,13.0,Walking
18,0.09,0.13,0.06,0.11,0.1,0.12,0.09,0.13,0.11,0.09,0.11,0.12,0.1,0.09,0.1,0.11,0.12,0.05,0.13,0.07,0.12,0.11,0.12,0.08,0.09,0.07,0.1,0.13,0.11,0.09,10.81,-1.07,4.72,4.16,2.71,5.71,5.07,5.71,12.88,Walking
18,0.07,0.1,0.1,0.09,0.15,0.11,0.1,0.09,0.08,0.14,0.1,0.08,0.11,0.12,0.08,0.13,0.09,0.08,0.12,0.06,0.11,0.11,0.09,0.08,0.11,0.12,0.1,0.1,0.09,0.12,10.88,-1.01,4.79,4.12,2.78,5.79,5.09,5.79,13.04,Walking
18,0.07,0.11,0.15,0.11,0.08,0.08,0.07,0.11,0.12,0.12,0.11,0.12,0.07,0.08,0.13,0.09,0.09,0.14,0.11,0.04,0.1,0.11,0.11,0.06,0.11,0.1,0.1,0.1,0.13,0.1,10.78,-0.93,4.96,4.21,2.6,5.89,5.15,5.89,12.94,Walking
18,0.11,0.09,0.12,0.11,0.07,0.13,0.04,0.1,0.11,0.14,0.13,0.05,0.1,0.1,0.14,0.08,0.13,0.08,0.09,0.08,0.06,0.11,0.12,0.1,0.1,0.14,0.12,0.13,0.09,0.06,10.9,-1.03,5.11,4.24,2.04,6.04,5.3,6.04,13.0,Walking
18,0.1,0.13,0.13,0.1,0.07,0.09,0.11,0.06,0.11,0.13,0.13,0.07,0.07,0.09,0.13,0.11,0.1,0.13,0.08,0.06,0.08,0.08,0.13,0.09,0.13,0.12,0.13,0.08,0.11,0.09,11.08,-0.98,5.1,4.17,2.31,5.96,5.27,5.96,13.26,Walking
18,0.12,0.09,0.14,0.07,0.1,0.09,0.1,0.1,0.1,0.11,0.12,0.07,0.09,0.08,0.11,0.12,0.11,0.13,0.08,0.09,0.09,0.11,0.1,0.13,0.11,0.1,0.11,0.09,0.1,0.08,11.0,-1.13,5.02,4.14,2.33,5.96,5.19,5.96,13.19,Walking
18,0.08,0.12,0.15,0.08,0.07,0.11,0.07,0.09,0.14,0.11,0.12,0.09,0.1,0.1,0.09,0.07,0.13,0.11,0.09,0.07,0.07,0.13,0.13,0.13,0.08,0.12,0.07,0.08,0.1,0.11,10.83,-1.04,5.13,4.34,2.49,6.06,5.28,6.06,13.09,Walking
18,0.09,0.1,0.13,0.12,0.09,0.09,0.09,0.09,0.13,0.1,0.12,0.08,0.11,0.11,0.08,0.11,0.08,0.09,0.13,0.07,0.1,0.06,0.08,0.15,0.12,0.09,0.11,0.16,0.05,0.1,10.79,-0.94,5.04,4.39,2.38,6.08,5.32,6.08,13.0,Walking
18,0.08,0.1,0.1,0.17,0.09,0.09,0.08,0.12,0.08,0.1,0.13,0.1,0.1,0.06,0.11,0.13,0.08,0.09,0.13,0.06,0.09,0.12,0.07,0.1,0.11,0.07,0.09,0.16,0.12,0.09,10.76,-0.96,4.87,4.49,2.44,5.92,5.45,5.92,12.83,Walking
18,0.06,0.09,0.14,0.12,0.13,0.08,0.08,0.11,0.09,0.13,0.15,0.03,0.13,0.13,0.07,0.1,0.09,0.14,0.09,0.07,0.1,0.1,0.11,0.12,0.12,0.09,0.06,0.14,0.09,0.1,10.76,-1.21,4.81,4.26,2.63,5.8,5.19,5.8,12.93,Walking
18,0.09,0.09,0.13,0.1,0.07,0.14,0.07,0.11,0.13,0.11,0.13,0.1,0.11,0.11,0.09,0.06,0.11,0.07,0.14,0.04,0.1,0.12,0.11,0.09,0.1,0.08,0.09,0.1,0.15,0.09,10.71,-1.03,4.94,4.5,2.59,5.99,5.44,5.99,12.89,Walking
18,0.1,0.06,0.12,0.13,0.13,0.1,0.09,0.06,0.1,0.13,0.15,0.07,0.1,0.08,0.1,0.07,0.11,0.16,0.08,0.06,0.09,0.06,0.08,0.09,0.12,0.12,0.15,0.14,0.09,0.09,10.84,-0.78,4.79,4.51,2.38,5.65,5.46,5.65,13.0,Walking
18,0.08,0.09,0.11,0.14,0.12,0.09,0.09,0.09,0.11,0.09,0.13,0.09,0.07,0.09,0.1,0.12,0.09,0.13,0.1,0.07,0.08,0.06,0.11,0.12,0.09,0.15,0.09,0.11,0.12,0.09,10.83,-0.86,4.65,4.25,2.32,5.53,5.23,5.53,12.77,Walking
18,0.11,0.08,0.09,0.14,0.12,0.08,0.09,0.09,0.12,0.1,0.12,0.09,0.07,0.12,0.1,0.09,0.11,0.13,0.09,0.04,0.09,0.08,0.08,0.08,0.16,0.14,0.11,0.11,0.08,0.09,10.69,-1.05,4.9,4.16,2.23,5.85,5.13,5.85,12.79,Walking
18,0.1,0.08,0.1,0.14,0.12,0.08,0.09,0.09,0.14,0.09,0.11,0.09,0.1,0.06,0.13,0.12,0.09,0.09,0.11,0.06,0.07,0.09,0.09,0.1,0.11,0.13,0.16,0.08,0.13,0.08,10.9,-0.82,4.84,4.2,2.16,5.76,5.26,5.76,12.87,Walking
18,0.11,0.09,0.11,0.11,0.11,0.07,0.09,0.12,0.11,0.1,0.1,0.11,0.12,0.09,0.1,0.1,0.1,0.1,0.08,0.07,0.07,0.09,0.1,0.11,0.14,0.11,0.1,0.09,0.14,0.07,10.68,-0.94,5.01,4.29,2.21,5.91,5.24,5.91,12.79,Walking
18,0.12,0.09,0.08,0.1,0.11,0.11,0.08,0.14,0.1,0.09,0.11,0.12,0.07,0.12,0.08,0.12,0.09,0.07,0.13,0.07,0.1,0.1,0.09,0.09,0.09,0.11,0.17,0.08,0.11,0.09,10.74,-0.92,4.92,4.31,2.37,5.9,5.21,5.9,12.83,Walking
18,0.09,0.14,0.08,0.08,0.12,0.11,0.08,0.11,0.07,0.13,0.11,0.08,0.09,0.12,0.1,0.09,0.11,0.11,0.12,0.05,0.09,0.08,0.11,0.13,0.09,0.13,0.12,0.1,0.06,0.11,10.95,-0.93,4.95,4.1,2.46,6.01,4.99,6.01,13.04,Walking
18,0.08,0.11,0.09,0.08,0.16,0.08,0.13,0.1,0.1,0.09,0.06,0.09,0.1,0.13,0.15,0.14,0.09,0.1,0.06,0.05,0.07,0.08,0.12,0.1,0.14,0.15,0.11,0.12,0.05,0.08,10.79,-1.02,4.48,3.4,2.03,5.41,4.35,5.41,12.44,Walking
18,0.0,0.0,0.0,0.0,0.01,0.01,0.01,0.0,0.0,0.0,0.0,0.0,0.0,0.0,0.02,0.0,0.0,0.0,0.0,0.0,0.0,0.0,0.01,0.01,0.01,0.0,0.0,0.0,0.0,0.0,0.16,-0.03,0.02,0.16,0.03,1.99,10.61,1.99,0.17,Walking
18,0.07,0.09,0.1,0.1,0.08,0.07,0.15,0.15,0.09,0.1,0.06,0.16,0.15,0.1,0.04,0.09,0.07,0.09,0.1,0.07,0.03,0.12,0.09,0.1,0.07,0.13,0.09,0.18,0.13,0.07,9.59,0.6,8.9,7.51,3.61,10.88,8.49,10.88,16.05,Jogging
18,0.06,0.15,0.11,0.08,0.1,0.08,0.18,0.1,0.07,0.09,0.06,0.09,0.1,0.13,0.11,0.14,0.1,0.12,0.07,0.03,0.07,0.1,0.07,0.13,0.06,0.11,0.14,0.17,0.11,0.06,10.32,0.09,8.88,6.35,3.74,10.7,7.66,10.7,16.02,Jogging
18,0.14,0.08,0.1,0.08,0.08,0.11,0.13,0.09,0.11,0.1,0.1,0.1,0.13,0.09,0.09,0.1,0.1,0.08,0.12,0.02,0.11,0.08,0.07,0.13,0.07,0.1,0.16,0.08,0.12,0.1,9.67,-0.16,9.58,7.29,4.31,11.44,8.49,11.44,16.43,Jogging
18,0.11,0.15,0.11,0.08,0.08,0.09,0.08,0.1,0.1,0.11,0.09,0.09,0.07,0.08,0.1,0.1,0.06,0.14,0.15,0.06,0.11,0.12,0.12,0.13,0.07,0.06,0.05,0.06,0.17,0.14,11.03,-0.1,10.44,7.11,4.92,12.18,8.5,12.18,18.16,Jogging
18,0.1,0.09,0.14,0.08,0.13,0.07,0.08,0.08,0.15,0.07,0.12,0.11,0.12,0.08,0.05,0.1,0.11,0.17,0.08,0.01,0.1,0.11,0.13,0.08,0.08,0.07,0.09,0.14,0.11,0.12,9.3,0.01,10.17,7.41,4.59,11.76,8.33,11.76,16.66,Jogging
18,0.08,0.11,0.07,0.11,0.14,0.12,0.07,0.1,0.13,0.07,0.11,0.12,0.14,0.1,0.07,0.07,0.09,0.11,0.14,0.02,0.1,0.14,0.08,0.08,0.09,0.1,0.09,0.13,0.09,0.13,9.09,-0.23,9.38,7.57,4.53,11.0,8.64,11.0,16.23,Jogging
18,0.08,0.14,0.1,0.09,0.07,0.09,0.08,0.09,0.1,0.14,0.08,0.08,0.12,0.11,0.09,0.08,0.13,0.12,0.12,0.04,0.09,0.1,0.07,0.08,0.08,0.14,0.09,0.12,0.12,0.12,10.38,0.43,10.94,6.79,4.31,12.57,8.06,12.57,17.94,Jogging
18,0.09,0.1,0.13,0.09,0.1,0.1,0.09,0.1,0.09,0.12,0.08,0.11,0.13,0.11,0.08,0.08,0.14,0.13,0.07,0.03,0.11,0.09,0.12,0.07,0.13,0.09,0.1,0.07,0.17,0.06,9.87,-0.25,10.05,6.92,4.16,11.7,8.08,11.7,16.69,Jogging
18,0.06,0.14,0.12,0.09,0.07,0.1,0.11,0.09,0.11,0.12,0.1,0.06,0.12,0.13,0.11,0.13,0.15,0.05,0.08,0.04,0.1,0.1,0.08,0.1,0.07,0.12,0.11,0.14,0.14,0.08,9.45,-0.16,9.81,6.74,4.19,11.47,8.2,11.47,16.46,Jogging
18,0.13,0.09,0.05,0.08,0.17,0.1,0.1,0.1,0.11,0.08,0.13,0.07,0.07,0.09,0.13,0.08,0.1,0.14,0.13,0.03,0.17,0.08,0.12,0.14,0.06,0.06,0.1,0.1,0.1,0.09,10.09,-0.99,9.49,7.19,4.87,11.28,8.62,11.28,17.05,Jogging
18,0.08,0.16,0.07,0.1,0.12,0.13,0.09,0.11,0.08,0.06,0.11,0.11,0.08,0.05,0.17,0.11,0.11,0.11,0.1,0.02,0.08,0.11,0.08,0.09,0.16,0.14,0.11,0.11,0.09,0.06,9.82,-0.37,9.54,6.91,3.67,11.29,8.23,11.29,16.32,Jogging
18,0.09,0.06,0.12,0.13,0.11,0.11,0.11,0.1,0.13,0.05,0.13,0.08,0.13,0.09,0.09,0.15,0.11,0.07,0.08,0.03,0.08,0.13,0.11,0.1,0.13,0.12,0.07,0.11,0.07,0.11,8.86,-0.37,8.77,7.16,3.91,10.53,8.4,10.53,15.32,Jogging
18,0.12,0.08,0.06,0.13,0.1,0.14,0.1,0.09,0.11,0.1,0.14,0.12,0.05,0.11,0.16,0.09,0.1,0.08,0.05,0.03,0.15,0.06,0.05,0.07,0.16,0.17,0.09,0.1,0.09,0.09,8.36,-0.2,9.34,7.62,4.2,11.03,9.15,11.03,15.95,Jogging
18,0.07,0.07,0.1,0.12,0.12,0.09,0.08,0.11,0.09,0.16,0.09,0.13,0.06,0.16,0.12,0.12,0.07,0.12,0.07,0.03,0.09,0.12,0.09,0.09,0.11,0.11,0.08,0.11,0.05,0.18,9.07,0.58,9.99,6.87,4.88,11.68,8.46,11.68,17.0,Jogging
18,0.08,0.08,0.12,0.11,0.12,0.11,0.1,0.11,0.11,0.08,0.09,0.16,0.08,0.12,0.12,0.14,0.09,0.06,0.06,0.04,0.11,0.13,0.1,0.07,0.07,0.12,0.13,0.08,0.13,0.09,9.0,-0.3,9.22,6.8,4.42,10.9,8.09,10.9,15.56,Jogging
18,0.11,0.09,0.13,0.07,0.11,0.1,0.11,0.1,0.11,0.09,0.1,0.08,0.13,0.1,0.1,0.13,0.07,0.1,0.12,0.02,0.11,0.07,0.15,0.08,0.11,0.1,0.1,0.1,0.08,0.12,9.59,-0.15,9.79,6.98,4.3,11.58,8.16,11.58,16.46,Jogging
18,0.13,0.06,0.09,0.14,0.11,0.08,0.12,0.09,0.13,0.07,0.12,0.1,0.07,0.13,0.1,0.09,0.11,0.1,0.1,0.04,0.07,0.13,0.13,0.09,0.14,0.1,0.08,0.05,0.12,0.11,9.54,-0.1,9.44,7.13,4.15,11.22,8.32,11.22,16.28,Jogging
18,0.08,0.11,0.09,0.11,0.08,0.09,0.11,0.18,0.09,0.08,0.15,0.14,0.09,0.07,0.09,0.09,0.08,0.11,0.12,0.03,0.09,0.08,0.14,0.1,0.13,0.07,0.09,0.13,0.09,0.11,8.87,-0.2,9.07,7.7,4.4,10.95,8.73,10.95,15.85,Jogging
18,0.11,0.13,0.09,0.09,0.1,0.13,0.1,0.12,0.1,0.06,0.1,0.12,0.11,0.09,0.12,0.1,0.07,0.13,0.1,0.02,0.09,0.09,0.12,0.11,0.11,0.07,0.14,0.07,0.11,0.11,9.46,0.17,9.3,6.99,4.43,11.2,8.16,11.2,16.13,Jogging
18,0.14,0.12,0.04,0.13,0.1,0.08,0.15,0.09,0.1,0.08,0.11,0.12,0.1,0.1,0.12,0.13,0.05,0.05,0.1,0.05,0.09,0.11,0.1,0.12,0.11,0.1,0.09,0.11,0.1,0.1,9.4,-0.18,9.6,7.16,4.14,11.57,8.35,11.57,16.22,Jogging
18,0.15,0.05,0.17,0.09,0.08,0.14,0.08,0.08,0.12,0.07,0.1,0.11,0.12,0.06,0.15,0.06,0.13,0.08,0.09,0.02,0.12,0.12,0.06,0.1,0.11,0.12,0.12,0.04,0.08,0.14,9.99,-0.09,9.93,6.78,4.92,11.59,7.92,11.59,16.97,Jogging
18,0.15,0.09,0.1,0.11,0.11,0.1,0.09,0.08,0.1,0.07,0.11,0.09,0.08,0.07,0.08,0.11,0.1,0.12,0.11,0.05,0.11,0.12,0.12,0.1,0.13,0.09,0.11,0.07,0.09,0.09,10.71,-0.85,10.33,7.13,4.2,12.04,8.32,12.04,17.5,Jogging
18,0.1,0.11,0.14,0.1,0.1,0.1,0.1,0.09,0.08,0.11,0.09,0.11,0.08,0.13,0.08,0.09,0.12,0.09,0.11,0.05,0.15,0.05,0.13,0.13,0.08,0.11,0.11,0.07,0.07,0.12,10.33,-0.71,10.12,6.96,4.69,11.79,8.14,11.79,17.13,Jogging
18,0.11,0.1,0.08,0.12,0.12,0.1,0.09,0.1,0.09,0.09,0.07,0.1,0.1,0.09,0.11,0.07,0.12,0.17,0.11,0.04,0.12,0.08,0.09,0.14,0.11,0.07,0.11,0.1,0.1,0.11,10.66,-0.31,9.77,6.59,4.27,11.56,7.74,11.56,16.87,Jogging
18,0.11,0.12,0.12,0.11,0.07,0.06,0.11,0.08,0.08,0.14,0.09,0.05,0.12,0.14,0.05,0.07,0.18,0.08,0.15,0.06,0.08,0.14,0.08,0.1,0.12,0.13,0.03,0.13,0.1,0.12,10.83,-0.06,10.73,6.56,4.24,12.43,7.63,12.43,17.61,Jogging
18,0.09,0.1,0.08,0.11,0.13,0.13,0.08,0.11,0.1,0.09,0.12,0.08,0.08,0.11,0.11,0.1,0.15,0.1,0.08,0.03,0.11,0.08,0.13,0.12,0.11,0.08,0.11,0.12,0.09,0.08,9.57,-0.52,9.51,6.85,4.32,11.11,8.2,11.11,16.31,Jogging
18,0.08,0.06,0.11,0.12,0.05,0.09,0.1,0.07,0.08,0.04,0.06,0.09,0.09,0.09,0.11,0.1,0.07,0.03,0.08,0.03,0.1,0.08,0.09,0.08,0.1,0.09,0.08,0.07,0.05,0.05,7.16,-0.96,7.1,5.25,3.03,11.1,7.87,11.1,11.86,Jogging
18,0.04,0.08,0.1,0.07,0.1,0.16,0.18,0.15,0.07,0.08,0.04,0.07,0.17,0.16,0.13,0.12,0.1,0.07,0.11,0.04,0.09,0.09,0.1,0.11,0.11,0.1,0.08,0.1,0.14,0.11,10.63,-0.27,3.58,3.16,2.19,4.66,3.91,4.66,11.94,Walking
18,0.08,0.1,0.07,0.1,0.12,0.12,0.09,0.12,0.12,0.09,0.04,0.13,0.14,0.12,0.08,0.16,0.11,0.1,0.07,0.08,0.07,0.16,0.1,0.12,0.09,0.1,0.12,0.06,0.1,0.11,10.75,-0.44,4.02,3.37,2.28,5.05,4.12,5.05,12.24,Walking
18,0.11,0.12,0.07,0.09,0.11,0.08,0.1,0.06,0.09,0.19,0.16,0.07,0.07,0.08,0.11,0.09,0.09,0.12,0.09,0.11,0.1,0.12,0.11,0.1,0.08,0.09,0.1,0.09,0.11,0.12,11.0,-0.33,4.69,4.21,2.58,5.6,5.05,5.6,12.87,Walking
18,0.12,0.12,0.11,0.08,0.09,0.1,0.1,0.06,0.14,0.11,0.12,0.11,0.04,0.13,0.08,0.12,0.13,0.08,0.1,0.08,0.12,0.11,0.08,0.1,0.1,0.08,0.09,0.11,0.12,0.12,10.88,-0.62,4.55,3.94,2.6,5.52,4.81,5.52,12.71,Walking
18,0.12,0.14,0.1,0.13,0.07,0.06,0.06,0.07,0.12,0.15,0.17,0.05,0.07,0.09,0.11,0.13,0.11,0.1,0.08,0.08,0.11,0.11,0.07,0.11,0.11,0.08,0.13,0.13,0.07,0.11,10.86,-0.6,4.85,4.06,2.37,5.68,5.03,5.68,12.8,Walking
18,0.12,0.1,0.11,0.13,0.07,0.09,0.1,0.1,0.07,0.14,0.15,0.08,0.1,0.06,0.13,0.07,0.11,0.12,0.11,0.09,0.12,0.11,0.09,0.11,0.09,0.1,0.08,0.07,0.11,0.15,10.92,-0.57,4.57,4.16,2.5,5.61,4.98,5.61,12.78,Walking
18,0.09,0.09,0.12,0.12,0.1,0.08,0.08,0.11,0.12,0.11,0.12,0.12,0.08,0.1,0.08,0.08,0.09,0.13,0.11,0.08,0.13,0.07,0.1,0.11,0.09,0.08,0.1,0.11,0.13,0.11,10.9,-0.52,4.38,4.22,2.52,5.27,4.97,5.27,12.63,Walking
18,0.08,0.1,0.12,0.14,0.06,0.08,0.09,0.12,0.1,0.12,0.11,0.08,0.09,0.08,0.1,0.11,0.15,0.09,0.1,0.09,0.09,0.09,0.15,0.13,0.1,0.09,0.1,0.09,0.09,0.1,11.07,-0.5,4.43,3.73,2.22,5.31,4.62,5.31,12.67,Walking
18,0.06,0.15,0.11,0.1,0.12,0.08,0.09,0.09,0.11,0.13,0.08,0.13,0.13,0.06,0.11,0.07,0.12,0.1,0.13,0.07,0.12,0.12,0.13,0.09,0.06,0.12,0.06,0.12,0.09,0.12,11.06,-0.52,4.31,3.94,2.51,5.21,4.66,5.21,12.61,Walking
18,0.08,0.09,0.11,0.11,0.11,0.11,0.13,0.09,0.12,0.07,0.12,0.09,0.09,0.12,0.12,0.09,0.11,0.08,0.1,0.06,0.12,0.09,0.12,0.11,0.09,0.11,0.07,0.11,0.11,0.1,10.73,-0.48,3.87,3.77,2.39,4.73,4.61,4.73,12.14,Walking
18,0.08,0.14,0.13,0.09,0.1,0.07,0.1,0.09,0.09,0.13,0.13,0.08,0.08,0.11,0.09,0.1,0.13,0.08,0.11,0.08,0.1,0.1,0.13,0.1,0.07,0.09,0.09,0.1,0.12,0.12,10.81,-0.5,4.53,3.99,2.38,5.46,4.89,5.46,12.6,Walking
18,0.14,0.09,0.12,0.09,0.09,0.09,0.08,0.11,0.1,0.12,0.15,0.09,0.07,0.07,0.1,0.11,0.09,0.12,0.09,0.09,0.11,0.07,0.15,0.13,0.09,0.09,0.07,0.09,0.1,0.11,10.85,-0.53,4.62,4.15,2.33,5.59,5.04,5.59,12.68,Walking
18,0.15,0.1,0.12,0.07,0.05,0.12,0.1,0.16,0.08,0.08,0.13,0.07,0.12,0.08,0.09,0.09,0.08,0.13,0.12,0.07,0.1,0.15,0.09,0.08,0.12,0.11,0.08,0.09,0.06,0.14,10.91,-0.62,4.65,4.1,2.33,5.67,4.89,5.67,12.76,Walking
18,0.13,0.1,0.1,0.1,0.06,0.11,0.07,0.09,0.13,0.13,0.13,0.07,0.09,0.1,0.09,0.07,0.05,0.16,0.16,0.05,0.11,0.09,0.15,0.08,0.07,0.09,0.14,0.11,0.08,0.1,11.33,-0.64,4.77,4.35,2.41,5.66,5.11,5.66,13.22,Walking
18,0.12,0.09,0.11,0.11,0.13,0.07,0.09,0.06,0.13,0.11,0.13,0.08,0.11,0.08,0.11,0.06,0.1,0.11,0.11,0.09,0.13,0.05,0.09,0.08,0.1,0.13,0.1,0.15,0.09,0.1,10.89,-0.5,4.37,4.27,2.45,5.15,5.07,5.15,12.67,Walking
18,0.16,0.12,0.08,0.1,0.08,0.08,0.09,0.07,0.08,0.17,0.13,0.08,0.07,0.13,0.08,0.08,0.1,0.1,0.14,0.05,0.13,0.11,0.08,0.09,0.08,0.09,0.08,0.12,0.14,0.11,10.98,-0.6,4.88,4.17,2.63,5.72,5.02,5.72,12.96,Walking
18,0.12,0.09,0.13,0.09,0.12,0.09,0.07,0.09,0.11,0.12,0.11,0.12,0.09,0.11,0.09,0.1,0.09,0.11,0.11,0.08,0.11,0.11,0.09,0.09,0.07,0.1,0.09,0.15,0.09,0.12,10.81,-0.35,4.64,3.96,2.36,5.67,4.74,5.67,12.58,Walking
18,0.12,0.09,0.1,0.1,0.09,0.09,0.12,0.1,0.1,0.11,0.09,0.13,0.09,0.11,0.09,0.09,0.09,0.11,0.12,0.09,0.09,0.1,0.1,0.12,0.11,0.13,0.14,0.06,0.08,0.09,10.89,-0.6,4.49,3.99,2.06,5.47,4.74,5.47,12.55,Walking
18,0.13,0.12,0.08,0.09,0.11,0.09,0.06,0.12,0.12,0.1,0.14,0.08,0.09,0.09,0.08,0.07,0.09,0.19,0.08,0.08,0.11,0.08,0.08,0.07,0.14,0.13,0.12,0.1,0.09,0.1,10.99,-0.52,4.53,4.12,2.18,5.33,4.92,5.33,12.7,Walking
18,0.09,0.09,0.14,0.09,0.13,0.09,0.08,0.08,0.13,0.1,0.09,0.11,0.1,0.1,0.11,0.07,0.07,0.14,0.12,0.07,0.09,0.1,0.07,0.09,0.11,0.09,0.1,0.13,0.13,0.12,11.1,-0.28,4.22,4.06,2.29,5.04,4.8,5.04,12.61,Walking
18,0.09,0.11,0.09,0.13,0.11,0.11,0.1,0.08,0.09,0.12,0.08,0.09,0.17,0.09,0.11,0.08,0.1,0.08,0.13,0.07,0.11,0.1,0.06,0.11,0.08,0.13,0.12,0.11,0.11,0.11,10.95,-0.45,4.1,3.96,2.35,4.99,4.76,4.99,12.46,Walking
18,0.07,0.09,0.11,0.11,0.14,0.12,0.13,0.08,0.11,0.07,0.07,0.1,0.12,0.12,0.12,0.11,0.1,0.1,0.1,0.05,0.11,0.08,0.11,0.09,0.08,0.13,0.08,0.14,0.12,0.08,10.76,-0.48,3.69,3.6,2.22,4.55,4.44,4.55,12.07,Walking
18,0.09,0.11,0.08,0.11,0.12,0.12,0.09,0.12,0.09,0.1,0.15,0.08,0.07,0.08,0.13,0.1,0.14,0.08,0.07,0.1,0.1,0.08,0.1,0.12,0.11,0.11,0.09,0.12,0.15,0.05,10.83,-0.57,4.03,3.95,2.15,4.87,4.88,4.87,12.32,Walking
18,0.1,0.1,0.07,0.1,0.13,0.1,0.08,0.12,0.12,0.09,0.08,0.1,0.12,0.12,0.09,0.15,0.1,0.07,0.11,0.06,0.1,0.14,0.07,0.08,0.08,0.07,0.13,0.14,0.09,0.12,10.73,-0.38,4.03,3.63,2.39,4.83,4.56,4.83,12.3,Walking
18,0.1,0.09,0.11,0.09,0.11,0.11,0.16,0.1,0.08,0.08,0.07,0.12,0.12,0.09,0.13,0.12,0.09,0.07,0.12,0.07,0.05,0.12,0.11,0.12,0.14,0.14,0.13,0.08,0.07,0.07,10.8,-0.43,3.99,3.61,1.72,4.99,4.41,4.99,12.1,Walking
18,0.15,0.07,0.09,0.07,0.13,0.08,0.12,0.13,0.1,0.08,0.06,0.11,0.11,0.11,0.14,0.11,0.11,0.09,0.08,0.08,0.1,0.12,0.1,0.07,0.07,0.08,0.1,0.15,0.14,0.1,11.01,-0.36,4.28,3.6,2.33,5.21,4.44,5.21,12.56,Walking
18,0.11,0.1,0.12,0.08,0.11,0.08,0.08,0.12,0.14,0.07,0.06,0.13,0.11,0.13,0.06,0.08,0.14,0.11,0.1,0.06,0.1,0.09,0.05,0.13,0.08,0.07,0.1,0.14,0.13,0.13,11.02,-0.27,4.32,3.75,2.37,5.14,4.49,5.14,12.53,Walking
18,0.06,0.08,0.13,0.11,0.13,0.14,0.09,0.13,0.09,0.06,0.06,0.14,0.13,0.09,0.09,0.12,0.13,0.08,0.1,0.04,0.07,0.12,0.09,0.09,0.1,0.18,0.13,0.06,0.12,0.07,10.64,-0.49,3.56,3.58,1.85,4.54,4.32,4.54,11.79,Walking
18,0.09,0.13,0.1,0.1,0.09,0.11,0.14,0.12,0.09,0.06,0.07,0.16,0.09,0.09,0.12,0.15,0.07,0.09,0.11,0.04,0.05,0.11,0.08,0.11,0.15,0.19,0.12,0.07,0.08,0.07,10.6,-0.52,4.0,3.52,1.64,5.07,4.32,5.07,11.91,Walking
18,0.06,0.1,0.11,0.1,0.09,0.15,0.17,0.09,0.08,0.06,0.02,0.13,0.16,0.09,0.12,0.15,0.11,0.08,0.06,0.08,0.01,0.1,0.12,0.19,0.18,0.14,0.1,0.08,0.07,0.04,10.79,-0.53,3.66,3.24,1.34,4.81,4.06,4.81,11.91,Walking
18,0.08,0.07,0.09,0.12,0.08,0.17,0.14,0.15,0.07,0.06,0.06,0.06,0.16,0.13,0.16,0.14,0.09,0.09,0.09,0.05,0.16,0.11,0.12,0.1,0.1,0.11,0.07,0.08,0.08,0.09,10.66,-1.16,3.53,2.99,2.56,4.52,3.82,4.52,12.09,Walking
18,0.0,0.0,0.0,0.0,0.01,0.04,0.02,0.0,0.0,0.0,0.03,0.03,0.01,0.01,0.0,0.0,0.0,0.0,0.0,0.0,0.07,0.0,0.0,0.0,0.0,0.0,0.0,0.0,0.0,0.0,0.32,-0.62,0.05,0.3,0.58,1.12,4.83,1.12,0.7,Walking
32,0.21,0.17,0.11,0.1,0.12,0.11,0.08,0.07,0.03,0.02,0.11,0.12,0.08,0.08,0.05,0.12,0.07,0.17,0.12,0.1,0.13,0.15,0.09,0.1,0.04,0.09,0.15,0.08,0.07,0.13,10.11,-1.65,3.58,4.21,3.05,4.23,5.2,4.23,12.15,Walking
32,0.12,0.14,0.13,0.08,0.1,0.1,0.12,0.12,0.06,0.05,0.11,0.1,0.1,0.09,0.09,0.07,0.09,0.15,0.1,0.12,0.11,0.14,0.11,0.11,0.07,0.09,0.1,0.12,0.09,0.09,10.07,-1.66,3.9,4.07,2.92,4.82,5.07,4.82,12.17,Walking
32,0.12,0.09,0.12,0.13,0.09,0.09,0.09,0.09,0.11,0.09,0.12,0.1,0.08,0.09,0.08,0.07,0.16,0.11,0.09,0.13,0.13,0.1,0.12,0.12,0.06,0.08,0.12,0.07,0.1,0.12,10.12,-1.53,4.1,4.14,2.94,5.14,5.2,5.14,12.34,Walking
32,0.08,0.11,0.13,0.11,0.11,0.11,0.09,0.1,0.08,0.09,0.11,0.07,0.12,0.1,0.07,0.12,0.1,0.08,0.13,0.12,0.12,0.1,0.12,0.09,0.09,0.1,0.09,0.08,0.12,0.11,10.3,-1.48,4.02,3.94,3.01,5.25,4.95,5.25,12.39,Walking
32,0.11,0.11,0.08,0.12,0.1,0.13,0.07,0.11,0.11,0.09,0.09,0.11,0.12,0.07,0.08,0.12,0.1,0.13,0.1,0.09,0.11,0.12,0.09,0.14,0.1,0.1,0.1,0.08,0.11,0.08,10.01,-1.69,4.09,3.94,2.74,5.07,4.91,5.07,12.13,Walking
32,0.11,0.08,0.13,0.11,0.09,0.12,0.09,0.11,0.11,0.09,0.11,0.12,0.08,0.1,0.1,0.06,0.12,0.15,0.1,0.09,0.1,0.12,0.13,0.1,0.08,0.08,0.09,0.14,0.09,0.11,9.92,-1.54,4.18,4.02,2.84,5.29,4.93,5.29,12.1,Walking
32,0.1,0.09,0.13,0.09,0.11,0.09,0.12,0.11,0.12,0.07,0.11,0.1,0.11,0.09,0.1,0.09,0.11,0.1,0.12,0.09,0.13,0.1,0.12,0.1,0.04,0.1,0.12,0.09,0.11,0.1,9.96,-1.55,4.28,3.9,3.0,5.44,4.86,5.44,12.18,Walking
32,0.08,0.1,0.08,0.13,0.14,0.09,0.1,0.09,0.08,0.13,0.12,0.08,0.12,0.07,0.11,0.09,0.1,0.13,0.14,0.08,0.1,0.08,0.13,0.09,0.11,0.11,0.1,0.12,0.09,0.09,10.05,-1.44,4.17,3.94,2.74,5.33,4.9,5.33,12.19,Walking
32,0.08,0.06,0.12,0.13,0.12,0.12,0.1,0.06,0.13,0.11,0.09,0.12,0.07,0.07,0.14,0.12,0.12,0.1,0.11,0.08,0.08,0.11,0.12,0.09,0.09,0.14,0.12,0.06,0.12,0.1,10.08,-1.29,4.13,3.61,2.78,5.23,4.63,5.23,12.14,Walking
32,0.08,0.1,0.12,0.11,0.11,0.11,0.1,0.09,0.1,0.11,0.11,0.08,0.11,0.09,0.1,0.13,0.11,0.11,0.08,0.11,0.09,0.13,0.09,0.11,0.15,0.06,0.13,0.07,0.11,0.08,10.07,-1.56,4.15,3.82,2.79,5.32,4.89,5.32,12.21,Walking
32,0.12,0.08,0.1,0.09,0.11,0.08,0.1,0.1,0.12,0.13,0.1,0.11,0.12,0.1,0.08,0.13,0.08,0.1,0.08,0.12,0.1,0.14,0.1,0.12,0.05,0.09,0.11,0.09,0.12,0.09,9.84,-1.4,4.61,3.96,3.04,5.65,4.94,5.65,12.28,Walking
32,0.07,0.11,0.14,0.11,0.09,0.07,0.13,0.09,0.1,0.1,0.1,0.06,0.17,0.12,0.06,0.1,0.09,0.11,0.1,0.11,0.12,0.12,0.08,0.13,0.04,0.09,0.1,0.12,0.12,0.11,10.01,-1.46,4.35,3.91,3.04,5.65,4.84,5.65,12.24,Walking
32,0.08,0.09,0.1,0.1,0.14,0.11,0.11,0.08,0.12,0.09,0.09,0.11,0.12,0.09,0.08,0.1,0.09,0.15,0.11,0.09,0.07,0.13,0.09,0.12,0.1,0.11,0.11,0.09,0.11,0.09,10.13,-1.43,4.17,3.81,2.83,5.32,4.71,5.32,12.23,Walking
32,0.07,0.11,0.09,0.11,0.15,0.11,0.11,0.07,0.1,0.1,0.09,0.12,0.09,0.07,0.09,0.09,0.13,0.13,0.14,0.07,0.08,0.09,0.1,0.08,0.14,0.12,0.14,0.09,0.07,0.1,10.15,-1.37,4.0,3.79,2.63,5.18,4.68,5.18,12.12,Walking
32,0.08,0.1,0.11,0.12,0.08,0.08,0.12,0.11,0.12,0.09,0.09,0.09,0.12,0.1,0.11,0.12,0.09,0.11,0.1,0.09,0.1,0.06,0.1,0.11,0.13,0.11,0.13,0.11,0.09,0.09,9.94,-1.28,4.34,3.72,2.7,5.44,4.74,5.44,12.09,Walking
32,0.1,0.1,0.12,0.1,0.09,0.1,0.07,0.13,0.12,0.11,0.1,0.11,0.08,0.13,0.12,0.09,0.1,0.1,0.08,0.13,0.12,0.09,0.1,0.1,0.09,0.1,0.13,0.09,0.12,0.09,10.0,-1.45,4.42,3.89,2.89,5.59,4.97,5.59,12.3,Walking
32,0.1,0.14,0.07,0.08,0.09,0.09,0.12,0.1,0.1,0.13,0.09,0.08,0.13,0.11,0.12,0.12,0.07,0.11,0.07,0.12,0.08,0.12,0.1,0.12,0.11,0.09,0.11,0.09,0.12,0.07,10.06,-1.38,4.52,3.72,2.86,5.51,4.72,5.51,12.31,Walking
32,0.08,0.12,0.1,0.1,0.12,0.09,0.06,0.14,0.12,0.09,0.09,0.14,0.09,0.06,0.13,0.12,0.11,0.07,0.12,0.09,0.09,0.11,0.08,0.12,0.11,0.13,0.1,0.11,0.06,0.12,10.0,-1.33,4.38,3.8,2.75,5.55,4.81,5.55,12.15,Walking
32,0.09,0.1,0.11,0.1,0.08,0.11,0.08,0.11,0.12,0.11,0.09,0.12,0.07,0.13,0.1,0.14,0.1,0.09,0.1,0.08,0.08,0.11,0.1,0.1,0.09,0.13,0.1,0.1,0.09,0.12,9.93,-1.2,4.45,3.62,2.93,5.57,4.66,5.57,12.18,Walking
32,0.09,0.11,0.1,0.12,0.09,0.07,0.1,0.12,0.1,0.13,0.1,0.07,0.12,0.13,0.1,0.13,0.09,0.09,0.09,0.11,0.11,0.09,0.1,0.1,0.11,0.09,0.12,0.1,0.09,0.12,10.01,-1.28,4.51,3.64,2.97,5.69,4.68,5.69,12.25,Walking
32,0.08,0.14,0.05,0.09,0.14,0.13,0.08,0.11,0.08,0.12,0.09,0.11,0.09,0.11,0.09,0.13,0.11,0.11,0.1,0.08,0.1,0.11,0.09,0.11,0.14,0.07,0.08,0.1,0.12,0.1,9.91,-1.4,4.21,3.76,2.84,5.14,4.74,5.14,12.05,Walking
32,0.11,0.08,0.13,0.1,0.05,0.06,0.14,0.12,0.1,0.13,0.11,0.1,0.11,0.14,0.07,0.09,0.09,0.11,0.09,0.12,0.12,0.09,0.07,0.13,0.09,0.09,0.08,0.13,0.1,0.12,9.94,-1.32,4.74,3.9,3.07,6.0,4.82,6.0,12.31,Walking
32,0.13,0.09,0.09,0.09,0.07,0.06,0.09,0.17,0.11,0.13,0.11,0.11,0.1,0.11,0.1,0.11,0.09,0.08,0.1,0.12,0.13,0.12,0.1,0.06,0.06,0.11,0.1,0.12,0.11,0.11,9.92,-1.36,4.94,3.94,3.25,5.93,4.94,5.93,12.58,Walking
32,0.12,0.08,0.09,0.09,0.11,0.12,0.1,0.12,0.11,0.09,0.1,0.1,0.09,0.13,0.1,0.08,0.12,0.09,0.12,0.08,0.1,0.08,0.13,0.08,0.11,0.14,0.06,0.11,0.12,0.1,9.94,-1.37,4.37,3.87,2.79,5.41,4.89,5.41,12.16,Walking
32,0.1,0.11,0.1,0.06,0.1,0.13,0.09,0.11,0.1,0.12,0.11,0.14,0.07,0.12,0.1,0.11,0.11,0.07,0.09,0.11,0.09,0.09,0.13,0.09,0.11,0.1,0.09,0.11,0.08,0.12,9.76,-1.34,4.51,3.97,2.79,5.52,4.98,5.52,11.99,Walking
32,0.11,0.09,0.1,0.1,0.13,0.1,0.1,0.1,0.1,0.1,0.1,0.11,0.06,0.12,0.13,0.08,0.14,0.07,0.12,0.09,0.08,0.07,0.09,0.11,0.14,0.12,0.09,0.09,0.08,0.14,9.92,-1.22,4.38,3.74,2.75,5.67,4.75,5.67,12.03,Walking
32,0.11,0.11,0.1,0.08,0.08,0.1,0.12,0.1,0.1,0.11,0.1,0.11,0.11,0.12,0.11,0.07,0.09,0.1,0.11,0.1,0.08,0.08,0.12,0.12,0.1,0.13,0.06,0.14,0.1,0.1,9.86,-1.31,4.52,3.84,2.67,5.54,4.76,5.54,11.99,Walking
32,0.1,0.09,0.11,0.07,0.11,0.14,0.08,0.07,0.11,0.14,0.09,0.11,0.11,0.11,0.09,0.12,0.11,0.1,0.09,0.09,0.07,0.11,0.1,0.12,0.14,0.07,0.09,0.14,0.08,0.1,9.88,-1.3,4.33,3.67,2.75,5.2,4.62,5.2,12.0,Walking
32,0.1,0.09,0.09,0.1,0.1,0.12,0.09,0.1,0.11,0.12,0.08,0.13,0.11,0.1,0.1,0.15,0.06,0.11,0.07,0.11,0.1,0.08,0.08,0.1,0.17,0.08,0.1,0.1,0.11,0.11,9.88,-1.26,4.41,3.76,2.78,5.51,4.78,5.51,12.09,Walking
32,0.11,0.1,0.08,0.06,0.14,0.12,0.1,0.1,0.1,0.12,0.11,0.1,0.11,0.09,0.12,0.08,0.1,0.09,0.11,0.12,0.1,0.09,0.06,0.11,0.12,0.09,0.11,0.11,0.13,0.09,9.91,-1.25,4.53,4.01,2.75,5.57,5.02,5.57,12.15,Walking
32,0.12,0.09,0.09,0.09,0.09,0.09,0.15,0.12,0.1,0.08,0.12,0.08,0.1,0.13,0.14,0.1,0.08,0.08,0.1,0.1,0.11,0.06,0.09,0.1,0.13,0.11,0.11,0.1,0.12,0.09,9.83,-1.4,4.5,3.78,2.77,5.66,4.85,5.66,12.03,Walking
32,0.1,0.11,0.11,0.07,0.11,0.12,0.11,0.09,0.09,0.12,0.13,0.09,0.11,0.11,0.11,0.1,0.1,0.07,0.12,0.1,0.1,0.09,0.09,0.1,0.09,0.14,0.06,0.13,0.1,0.12,9.78,-1.24,4.46,3.96,2.96,5.58,4.97,5.58,12.03,Walking
32,0.01,0.05,0.04,0.07,0.05,0.08,0.06,0.03,0.03,0.04,0.04,0.04,0.02,0.09,0.07,0.04,0.04,0.04,0.04,0.04,0.03,0.03,0.05,0.03,0.05,0.06,0.07,0.05,0.05,0.05,4.31,-0.46,1.67,2.65,1.12,5.06,7.1,5.06,5.08,Walking
32,0.06,0.07,0.09,0.13,0.12,0.2,0.12,0.09,0.1,0.04,0.14,0.08,0.09,0.13,0.16,0.12,0.1,0.07,0.05,0.0,0.07,0.06,0.12,0.16,0.12,0.16,0.09,0.1,0.1,0.04,7.35,-0.89,6.02,7.13,3.89,7.62,8.79,7.62,13.16,Jogging
32,0.13,0.09,0.08,0.11,0.15,0.06,0.07,0.12,0.12,0.1,0.17,0.06,0.11,0.08,0.17,0.04,0.08,0.08,0.14,0.0,0.08,0.06,0.13,0.12,0.09,0.08,0.16,0.07,0.11,0.13,7.64,-0.19,8.19,8.12,4.51,9.51,9.77,9.51,15.24,Jogging
32,0.1,0.11,0.13,0.1,0.08,0.08,0.12,0.09,0.08,0.12,0.12,0.12,0.11,0.09,0.05,0.09,0.09,0.14,0.07,0.0,0.09,0.11,0.13,0.1,0.07,0.1,0.12,0.13,0.07,0.1,8.67,-0.92,8.34,8.51,4.92,9.6,9.96,9.6,16.19,Jogging
32,0.15,0.06,0.15,0.1,0.11,0.1,0.13,0.06,0.1,0.07,0.12,0.07,0.11,0.09,0.1,0.11,0.1,0.09,0.07,0.0,0.09,0.1,0.12,0.12,0.1,0.11,0.13,0.05,0.09,0.1,9.19,-1.13,8.02,7.78,4.64,9.39,9.08,9.39,15.64,Jogging
32,0.11,0.1,0.11,0.04,0.16,0.08,0.11,0.08,0.1,0.13,0.09,0.05,0.16,0.09,0.13,0.08,0.06,0.15,0.07,0.0,0.05,0.13,0.07,0.15,0.07,0.14,0.14,0.12,0.05,0.09,9.51,-0.58,8.12,7.24,4.19,9.59,8.31,9.59,15.31,Jogging
32,0.08,0.14,0.11,0.1,0.07,0.12,0.11,0.11,0.1,0.09,0.13,0.12,0.1,0.11,0.07,0.09,0.11,0.08,0.12,0.0,0.11,0.06,0.08,0.15,0.09,0.12,0.12,0.12,0.06,0.12,8.22,-0.58,7.89,8.08,4.75,9.23,9.47,9.23,15.42,Jogging
32,0.13,0.1,0.07,0.08,0.13,0.1,0.1,0.06,0.11,0.15,0.13,0.05,0.14,0.15,0.1,0.05,0.1,0.09,0.09,0.0,0.11,0.09,0.1,0.11,0.08,0.1,0.11,0.07,0.16,0.09,7.92,-0.6,8.52,7.77,4.86,10.05,9.29,10.05,15.55,Jogging
32,0.06,0.1,0.16,0.09,0.13,0.1,0.07,0.1,0.13,0.09,0.1,0.06,0.15,0.13,0.08,0.08,0.1,0.11,0.1,0.0,0.1,0.07,0.12,0.09,0.11,0.16,0.1,0.08,0.1,0.08,8.91,-0.53,8.05,7.52,4.62,9.31,8.86,9.31,15.3,Jogging
32,0.11,0.12,0.05,0.09,0.12,0.1,0.1,0.13,0.1,0.09,0.13,0.13,0.11,0.1,0.08,0.06,0.11,0.1,0.06,0.0,0.07,0.15,0.13,0.06,0.09,0.1,0.09,0.11,0.11,0.11,8.23,-0.6,7.75,7.97,4.87,9.12,9.39,9.12,15.16,Jogging
32,0.14,0.1,0.08,0.08,0.09,0.11,0.12,0.08,0.11,0.12,0.11,0.06,0.11,0.09,0.07,0.18,0.13,0.09,0.06,0.0,0.08,0.15,0.16,0.08,0.11,0.07,0.09,0.1,0.06,0.13,9.18,-1.2,8.37,7.1,4.82,9.79,8.54,9.79,15.91,Jogging
32,0.1,0.11,0.06,0.14,0.13,0.08,0.07,0.11,0.1,0.12,0.1,0.05,0.12,0.12,0.09,0.12,0.11,0.1,0.11,0.0,0.13,0.08,0.09,0.13,0.1,0.09,0.15,0.05,0.08,0.11,9.32,-1.03,8.34,7.51,4.85,9.69,9.22,9.69,16.24,Jogging
32,0.16,0.09,0.04,0.12,0.06,0.12,0.12,0.11,0.1,0.12,0.08,0.1,0.12,0.11,0.11,0.07,0.08,0.13,0.11,0.0,0.08,0.11,0.11,0.06,0.15,0.13,0.09,0.15,0.07,0.08,9.28,-0.92,8.26,7.56,4.4,9.8,8.64,9.8,15.51,Jogging
32,0.15,0.09,0.12,0.09,0.06,0.11,0.1,0.16,0.08,0.06,0.1,0.12,0.08,0.09,0.07,0.12,0.13,0.11,0.08,0.0,0.15,0.12,0.07,0.14,0.08,0.07,0.09,0.1,0.11,0.11,9.24,-1.35,8.21,7.9,5.11,9.57,9.34,9.57,16.22,Jogging
32,0.1,0.13,0.08,0.11,0.08,0.1,0.1,0.13,0.11,0.08,0.09,0.11,0.06,0.08,0.12,0.13,0.09,0.12,0.1,0.0,0.13,0.1,0.09,0.11,0.12,0.09,0.09,0.07,0.09,0.13,9.92,-1.22,8.26,7.02,4.99,9.6,8.25,9.6,16.06,Jogging
32,0.12,0.07,0.08,0.11,0.12,0.07,0.13,0.11,0.11,0.11,0.1,0.16,0.09,0.11,0.07,0.12,0.12,0.07,0.04,0.0,0.16,0.07,0.08,0.05,0.1,0.11,0.13,0.12,0.13,0.08,7.81,-0.95,8.08,7.63,5.1,9.54,9.02,9.54,15.17,Jogging
32,0.06,0.11,0.14,0.14,0.09,0.1,0.09,0.1,0.08,0.12,0.11,0.1,0.06,0.11,0.13,0.09,0.1,0.12,0.05,0.0,0.12,0.1,0.1,0.11,0.1,0.13,0.06,0.14,0.08,0.1,8.78,-1.05,8.13,7.81,4.63,9.52,9.5,9.52,15.92,Jogging
32,0.13,0.06,0.16,0.07,0.06,0.13,0.11,0.03,0.12,0.15,0.07,0.14,0.06,0.15,0.07,0.04,0.11,0.14,0.09,0.0,0.06,0.14,0.06,0.12,0.13,0.12,0.15,0.13,0.07,0.04,9.83,-1.1,9.03,7.67,3.89,10.55,8.57,10.55,16.24,Jogging
32,0.07,0.13,0.09,0.11,0.13,0.11,0.07,0.09,0.13,0.08,0.07,0.17,0.07,0.07,0.12,0.12,0.09,0.08,0.1,0.0,0.16,0.1,0.04,0.08,0.13,0.06,0.13,0.12,0.12,0.1,9.07,-0.75,8.08,7.48,5.17,9.53,8.76,9.53,15.77,Jogging
32,0.05,0.1,0.16,0.07,0.1,0.1,0.12,0.14,0.1,0.09,0.06,0.15,0.09,0.09,0.13,0.1,0.11,0.12,0.06,0.0,0.09,0.1,0.13,0.07,0.08,0.1,0.08,0.11,0.13,0.13,8.83,-0.2,7.86,7.16,4.93,9.19,8.47,9.19,15.21,Jogging
32,0.09,0.08,0.15,0.1,0.09,0.1,0.1,0.11,0.1,0.11,0.11,0.12,0.08,0.1,0.06,0.17,0.13,0.06,0.12,0.0,0.1,0.1,0.08,0.13,0.12,0.09,0.04,0.16,0.1,0.11,8.28,-0.68,8.23,7.66,4.75,9.66,9.29,9.66,15.6,Jogging
32,0.07,0.16,0.12,0.08,0.08,0.11,0.11,0.1,0.08,0.12,0.06,0.14,0.07,0.1,0.09,0.14,0.07,0.09,0.1,0.0,0.07,0.16,0.1,0.11,0.09,0.09,0.05,0.11,0.14,0.1,10.03,-0.86,8.32,7.25,4.77,9.72,8.37,9.72,16.07,Jogging
32,0.09,0.12,0.1,0.11,0.13,0.07,0.09,0.15,0.1,0.07,0.1,0.12,0.15,0.08,0.1,0.09,0.1,0.11,0.05,0.0,0.08,0.13,0.11,0.09,0.07,0.11,0.12,0.08,0.09,0.14,8.22,-0.47,7.99,7.82,4.87,9.3,9.44,9.3,15.24,Jogging
32,0.1,0.1,0.07,0.11,0.1,0.1,0.1,0.11,0.09,0.11,0.09,0.11,0.1,0.11,0.11,0.1,0.13,0.09,0.09,0.0,0.08,0.1,0.1,0.08,0.15,0.1,0.03,0.12,0.17,0.11,8.36,-0.27,8.28,7.48,4.74,9.83,9.12,9.83,15.56,Jogging
32,0.12,0.09,0.11,0.13,0.1,0.11,0.1,0.08,0.07,0.11,0.09,0.08,0.12,0.06,0.16,0.1,0.09,0.11,0.08,0.0,0.11,0.1,0.1,0.08,0.11,0.1,0.07,0.11,0.13,0.11,9.36,-0.68,8.35,7.29,4.97,9.9,8.76,9.9,15.92,Jogging
32,0.12,0.1,0.09,0.09,0.09,0.09,0.11,0.11,0.14,0.08,0.12,0.07,0.11,0.09,0.11,0.09,0.11,0.12,0.06,0.0,0.13,0.1,0.09,0.06,0.13,0.07,0.05,0.14,0.13,0.13,9.05,-0.39,8.23,7.86,5.13,9.58,9.51,9.58,16.11,Jogging
32,0.05,0.07,0.07,0.13,0.08,0.08,0.07,0.06,0.07,0.1,0.07,0.09,0.03,0.09,0.08,0.13,0.08,0.08,0.05,0.0,0.07,0.05,0.14,0.06,0.11,0.03,0.07,0.07,0.09,0.07,6.75,-0.53,6.01,5.48,3.79,9.61,8.78,9.61,11.62,Jogging
32,0.05,0.09,0.11,0.12,0.13,0.08,0.14,0.11,0.11,0.07,0.12,0.09,0.15,0.05,0.11,0.09,0.07,0.1,0.15,0.09,0.09,0.08,0.12,0.12,0.13,0.08,0.1,0.07,0.13,0.08,9.42,-1.12,3.57,4.82,3.26,4.4,5.7,4.4,11.75,Walking
32,0.06,0.08,0.15,0.1,0.13,0.09,0.09,0.12,0.1,0.11,0.1,0.09,0.13,0.09,0.07,0.12,0.06,0.12,0.16,0.07,0.1,0.09,0.09,0.12,0.1,0.13,0.07,0.12,0.1,0.11,9.59,-1.05,3.94,4.69,3.16,4.78,5.56,4.78,12.01,Walking
32,0.07,0.08,0.15,0.11,0.1,0.1,0.08,0.12,0.09,0.11,0.11,0.07,0.14,0.08,0.1,0.09,0.05,0.09,0.21,0.09,0.1,0.1,0.14,0.11,0.08,0.09,0.07,0.12,0.12,0.1,9.74,-1.07,4.02,4.83,3.47,4.88,5.7,4.88,12.28,Walking
32,0.05,0.17,0.09,0.1,0.11,0.09,0.11,0.11,0.08,0.11,0.07,0.12,0.16,0.09,0.06,0.09,0.07,0.11,0.18,0.08,0.09,0.08,0.1,0.15,0.12,0.07,0.08,0.11,0.12,0.09,9.71,-1.28,3.96,4.62,3.13,4.73,5.35,4.73,11.99,Walking
32,0.09,0.08,0.12,0.09,0.14,0.1,0.08,0.14,0.09,0.08,0.08,0.1,0.13,0.11,0.11,0.07,0.09,0.13,0.09,0.12,0.07,0.1,0.11,0.13,0.13,0.12,0.07,0.1,0.11,0.09,9.7,-1.15,3.98,4.63,3.12,4.95,5.55,4.95,12.06,Walking
32,0.08,0.1,0.11,0.12,0.08,0.11,0.09,0.13,0.11,0.09,0.12,0.08,0.12,0.08,0.12,0.09,0.09,0.14,0.09,0.09,0.08,0.1,0.1,0.12,0.09,0.09,0.1,0.13,0.11,0.1,9.4,-1.14,4.04,4.64,3.09,4.94,5.62,4.94,11.85,Walking
32,0.07,0.12,0.13,0.08,0.1,0.1,0.11,0.08,0.14,0.09,0.11,0.12,0.06,0.13,0.1,0.12,0.06,0.13,0.06,0.13,0.1,0.11,0.08,0.11,0.11,0.1,0.1,0.11,0.08,0.12,9.46,-1.16,4.17,4.81,3.18,5.19,5.85,5.19,12.04,Walking
32,0.08,0.14,0.12,0.08,0.11,0.09,0.1,0.1,0.08,0.12,0.11,0.13,0.09,0.09,0.07,0.07,0.12,0.11,0.13,0.1,0.13,0.09,0.12,0.06,0.14,0.08,0.07,0.14,0.08,0.11,9.47,-1.26,4.2,5.0,3.29,5.1,5.85,5.1,12.17,Walking
32,0.1,0.1,0.15,0.13,0.05,0.08,0.11,0.09,0.1,0.11,0.1,0.1,0.11,0.1,0.08,0.09,0.08,0.14,0.09,0.12,0.1,0.08,0.11,0.11,0.12,0.1,0.03,0.14,0.13,0.1,9.61,-1.18,4.39,4.77,3.19,5.35,5.74,5.35,12.24,Walking
32,0.1,0.11,0.12,0.08,0.08,0.1,0.17,0.07,0.1,0.1,0.09,0.11,0.1,0.12,0.08,0.11,0.08,0.09,0.14,0.1,0.09,0.07,0.1,0.13,0.12,0.11,0.12,0.11,0.09,0.09,9.67,-1.02,4.0,4.6,3.13,4.96,5.47,4.96,12.1,Walking
32,0.12,0.08,0.1,0.1,0.09,0.11,0.1,0.13,0.1,0.09,0.11,0.1,0.09,0.11,0.1,0.1,0.08,0.13,0.1,0.1,0.1,0.09,0.13,0.08,0.1,0.12,0.08,0.11,0.12,0.1,9.64,-1.18,3.91,4.65,3.12,4.87,5.6,4.87,12.11,Walking
32,0.12,0.11,0.1,0.06,0.14,0.08,0.12,0.07,0.09,0.14,0.15,0.09,0.09,0.08,0.11,0.11,0.11,0.08,0.1,0.1,0.14,0.08,0.12,0.15,0.04,0.1,0.08,0.11,0.1,0.12,9.15,-1.44,4.26,4.95,3.38,5.22,5.98,5.22,12.06,Walking
32,0.08,0.13,0.09,0.09,0.1,0.12,0.16,0.08,0.09,0.09,0.08,0.12,0.08,0.11,0.13,0.1,0.16,0.06,0.06,0.12,0.09,0.08,0.08,0.16,0.13,0.11,0.09,0.08,0.1,0.1,9.61,-1.23,4.0,4.39,3.0,5.0,5.42,5.0,12.0,Walking
32,0.1,0.09,0.12,0.11,0.09,0.12,0.08,0.09,0.12,0.1,0.11,0.1,0.11,0.09,0.1,0.11,0.09,0.11,0.1,0.1,0.09,0.12,0.1,0.1,0.12,0.1,0.12,0.06,0.13,0.1,9.51,-1.18,4.19,4.8,3.2,5.09,5.78,5.09,12.07,Walking
32,0.11,0.09,0.09,0.08,0.07,0.16,0.13,0.07,0.1,0.12,0.1,0.11,0.1,0.11,0.11,0.11,0.12,0.08,0.08,0.12,0.1,0.11,0.12,0.07,0.1,0.1,0.11,0.13,0.07,0.12,9.59,-1.23,4.07,4.64,3.14,5.11,5.62,5.11,12.06,Walking
32,0.1,0.12,0.1,0.08,0.07,0.13,0.11,0.11,0.11,0.09,0.12,0.09,0.12,0.1,0.08,0.13,0.13,0.08,0.09,0.1,0.1,0.11,0.14,0.09,0.1,0.08,0.14,0.09,0.09,0.09,9.24,-1.41,4.17,4.78,3.12,5.13,5.74,5.13,11.88,Walking
32,0.12,0.08,0.1,0.09,0.13,0.1,0.09,0.13,0.09,0.1,0.09,0.1,0.08,0.13,0.1,0.09,0.09,0.13,0.09,0.12,0.09,0.11,0.12,0.08,0.07,0.12,0.14,0.1,0.11,0.09,9.67,-1.14,4.11,4.64,3.01,5.13,5.64,5.13,12.15,Walking
32,0.11,0.1,0.06,0.16,0.1,0.12,0.07,0.08,0.12,0.11,0.1,0.11,0.12,0.09,0.11,0.09,0.12,0.08,0.1,0.11,0.11,0.16,0.08,0.08,0.08,0.13,0.1,0.09,0.11,0.09,9.38,-1.42,4.3,4.72,3.21,5.15,5.63,5.15,12.06,Walking
32,0.14,0.1,0.1,0.09,0.1,0.12,0.06,0.1,0.12,0.09,0.09,0.1,0.11,0.1,0.08,0.1,0.11,0.13,0.09,0.11,0.14,0.07,0.11,0.09,0.09,0.11,0.12,0.09,0.12,0.08,9.75,-1.33,4.5,4.71,3.2,5.51,5.61,5.51,12.47,Walking
32,0.12,0.1,0.09,0.12,0.11,0.08,0.08,0.11,0.11,0.11,0.1,0.13,0.11,0.11,0.08,0.09,0.1,0.1,0.1,0.11,0.1,0.11,0.08,0.1,0.09,0.13,0.12,0.09,0.11,0.11,9.29,-1.15,4.4,4.86,3.21,5.29,5.79,5.29,12.05,Walking
32,0.13,0.08,0.09,0.11,0.09,0.11,0.07,0.09,0.11,0.12,0.09,0.11,0.1,0.13,0.07,0.12,0.1,0.08,0.1,0.12,0.11,0.1,0.09,0.1,0.1,0.1,0.12,0.09,0.09,0.12,9.7,-1.22,4.41,4.63,3.16,5.33,5.55,5.33,12.22,Walking
32,0.13,0.08,0.12,0.09,0.1,0.07,0.11,0.09,0.13,0.1,0.1,0.11,0.08,0.12,0.1,0.1,0.11,0.11,0.09,0.1,0.13,0.1,0.09,0.11,0.08,0.05,0.1,0.13,0.09,0.13,9.47,-1.1,4.27,4.61,3.51,5.26,5.59,5.26,12.2,Walking
32,0.12,0.09,0.08,0.11,0.11,0.1,0.09,0.12,0.1,0.11,0.1,0.09,0.1,0.1,0.1,0.13,0.09,0.13,0.07,0.11,0.1,0.09,0.08,0.09,0.1,0.12,0.16,0.1,0.07,0.11,9.69,-1.0,4.25,4.5,2.96,5.29,5.42,5.29,12.02,Walking
32,0.12,0.09,0.14,0.07,0.11,0.09,0.12,0.09,0.09,0.1,0.08,0.11,0.1,0.09,0.14,0.09,0.12,0.1,0.09,0.1,0.1,0.11,0.11,0.1,0.09,0.13,0.09,0.11,0.1,0.09,9.6,-1.39,4.29,4.42,3.12,5.29,5.37,5.29,12.16,Walking
32,0.12,0.07,0.1,0.11,0.11,0.08,0.13,0.08,0.13,0.1,0.1,0.09,0.07,0.11,0.16,0.11,0.1,0.09,0.08,0.12,0.11,0.11,0.11,0.1,0.08,0.07,0.12,0.12,0.1,0.11,9.56,-1.17,4.22,4.47,3.32,5.32,5.61,5.32,12.25,Walking
32,0.11,0.1,0.09,0.08,0.12,0.12,0.09,0.1,0.1,0.11,0.1,0.09,0.08,0.13,0.13,0.11,0.1,0.11,0.07,0.1,0.09,0.11,0.09,0.1,0.15,0.11,0.09,0.08,0.13,0.08,9.5,-1.27,4.19,4.37,3.05,5.23,5.38,5.23,12.06,Walking
32,0.12,0.07,0.1,0.13,0.1,0.09,0.1,0.09,0.12,0.11,0.11,0.1,0.07,0.09,0.14,0.13,0.11,0.08,0.11,0.09,0.12,0.12,0.1,0.07,0.12,0.08,0.1,0.1,0.11,0.11,9.51,-1.27,4.27,4.53,3.3,5.23,5.65,5.23,12.23,Walking
32,0.1,0.1,0.08,0.12,0.13,0.1,0.07,0.12,0.1,0.11,0.09,0.1,0.08,0.11,0.12,0.13,0.13,0.09,0.1,0.06,0.1,0.08,0.09,0.12,0.1,0.11,0.13,0.09,0.08,0.13,9.6,-1.11,4.21,4.38,3.28,5.03,5.38,5.03,12.12,Walking
32,0.07,0.07,0.07,0.07,0.06,0.08,0.08,0.05,0.09,0.06,0.06,0.07,0.08,0.07,0.08,0.07,0.11,0.05,0.05,0.07,0.08,0.05,0.06,0.09,0.08,0.08,0.06,0.09,0.03,0.1,6.62,-0.85,2.89,3.54,2.2,5.21,6.1,5.21,8.28,Walking
32,0.11,0.09,0.06,0.08,0.16,0.12,0.1,0.12,0.07,0.0,0.15,0.05,0.18,0.1,0.11,0.07,0.11,0.09,0.05,0.0,0.09,0.1,0.11,0.07,0.08,0.12,0.09,0.09,0.15,0.0,7.6,-0.59,7.8,7.99,5.28,9.44,9.65,9.44,15.37,Jogging
32,0.14,0.11,0.06,0.07,0.1,0.08,0.1,0.14,0.09,0.0,0.13,0.11,0.15,0.07,0.09,0.13,0.07,0.09,0.08,0.0,0.08,0.12,0.07,0.11,0.09,0.1,0.06,0.17,0.1,0.0,7.81,-0.37,9.04,8.0,5.15,10.39,9.53,10.39,16.08,Jogging
32,0.14,0.08,0.05,0.07,0.12,0.14,0.13,0.08,0.08,0.0,0.1,0.07,0.15,0.1,0.13,0.1,0.12,0.11,0.07,0.0,0.08,0.14,0.11,0.11,0.11,0.09,0.08,0.09,0.09,0.0,8.62,-0.95,8.27,7.37,5.13,9.92,9.01,9.92,15.99,Jogging
32,0.12,0.1,0.1,0.07,0.15,0.08,0.09,0.09,0.13,0.0,0.09,0.09,0.12,0.07,0.11,0.12,0.11,0.09,0.07,0.0,0.12,0.08,0.13,0.09,0.12,0.06,0.1,0.08,0.13,0.0,9.32,-1.09,8.73,7.48,5.26,10.15,8.99,10.15,16.45,Jogging
32,0.09,0.13,0.08,0.09,0.09,0.11,0.13,0.08,0.15,0.0,0.08,0.13,0.08,0.15,0.07,0.1,0.12,0.07,0.1,0.0,0.06,0.1,0.13,0.12,0.07,0.15,0.16,0.13,0.02,0.0,9.29,-0.83,8.41,7.47,4.69,9.78,8.83,9.78,15.81,Jogging
32,0.11,0.09,0.1,0.12,0.09,0.12,0.08,0.14,0.11,0.0,0.13,0.09,0.08,0.09,0.1,0.11,0.11,0.12,0.09,0.0,0.11,0.12,0.12,0.09,0.13,0.08,0.14,0.06,0.08,0.0,8.84,-1.74,8.06,8.07,4.94,9.51,9.85,9.51,16.22,Jogging
32,0.12,0.08,0.17,0.1,0.07,0.11,0.11,0.06,0.13,0.0,0.11,0.11,0.1,0.08,0.09,0.13,0.08,0.08,0.08,0.0,0.1,0.1,0.14,0.11,0.1,0.13,0.05,0.12,0.12,0.0,9.08,-1.53,8.76,7.91,4.88,10.18,9.41,10.18,16.26,Jogging
32,0.1,0.08,0.09,0.16,0.1,0.1,0.12,0.13,0.09,0.0,0.1,0.17,0.04,0.11,0.08,0.12,0.1,0.13,0.04,0.0,0.13,0.06,0.08,0.11,0.12,0.13,0.16,0.07,0.06,0.0,8.86,-1.05,7.87,7.96,4.8,9.17,9.48,9.17,15.63,Jogging
32,0.1,0.11,0.1,0.07,0.09,0.15,0.07,0.12,0.07,0.0,0.08,0.11,0.05,0.16,0.1,0.13,0.14,0.07,0.04,0.0,0.1,0.11,0.11,0.1,0.1,0.06,0.12,0.11,0.09,0.0,9.03,-1.0,8.76,7.11,5.19,10.29,8.7,10.29,16.07,Jogging
32,0.13,0.12,0.08,0.07,0.13,0.09,0.12,0.09,0.1,0.0,0.11,0.09,0.11,0.11,0.12,0.07,0.14,0.1,0.08,0.0,0.12,0.12,0.09,0.12,0.07,0.1,0.08,0.13,0.09,0.0,8.61,-1.29,8.62,7.72,5.2,10.11,9.52,10.11,16.23,Jogging
32,0.11,0.1,0.11,0.14,0.09,0.13,0.07,0.05,0.09,0.0,0.1,0.09,0.05,0.19,0.12,0.07,0.09,0.11,0.06,0.0,0.12,0.13,0.14,0.1,0.07,0.08,0.08,0.12,0.06,0.0,8.7,-1.63,8.89,7.93,5.44,10.5,9.56,10.5,16.48,Jogging
32,0.07,0.12,0.1,0.1,0.14,0.08,0.08,0.13,0.06,0.0,0.12,0.09,0.15,0.05,0.1,0.13,0.08,0.09,0.07,0.0,0.14,0.11,0.12,0.09,0.06,0.11,0.07,0.06,0.16,0.0,8.42,-1.47,8.84,8.14,5.43,10.24,9.72,10.24,16.58,Jogging
32,0.09,0.09,0.13,0.07,0.1,0.09,0.1,0.11,0.09,0.0,0.09,0.09,0.11,0.13,0.07,0.15,0.09,0.12,0.06,0.0,0.11,0.08,0.07,0.09,0.14,0.09,0.1,0.13,0.13,0.0,9.28,-0.73,8.95,7.52,5.01,10.31,8.91,10.31,16.41,Jogging
32,0.07,0.09,0.09,0.12,0.11,0.07,0.11,0.15,0.1,0.0,0.06,0.16,0.05,0.13,0.11,0.12,0.11,0.08,0.07,0.0,0.11,0.09,0.08,0.08,0.12,0.09,0.1,0.13,0.13,0.0,9.17,-0.72,8.53,7.26,5.16,9.9,8.79,9.9,16.05,Jogging
32,0.09,0.06,0.14,0.1,0.1,0.09,0.13,0.09,0.1,0.0,0.1,0.08,0.14,0.06,0.12,0.08,0.13,0.13,0.06,0.0,0.11,0.03,0.11,0.07,0.14,0.13,0.11,0.12,0.08,0.0,9.28,-0.42,8.56,7.48,4.9,9.95,8.86,9.95,16.2,Jogging
32,0.06,0.1,0.14,0.15,0.08,0.08,0.1,0.11,0.07,0.0,0.13,0.1,0.11,0.11,0.13,0.08,0.08,0.09,0.06,0.0,0.06,0.11,0.12,0.14,0.07,0.16,0.15,0.03,0.09,0.0,7.75,-0.99,8.52,8.16,4.7,9.79,10.22,9.79,15.82,Jogging
32,0.06,0.11,0.15,0.16,0.07,0.06,0.11,0.12,0.11,0.0,0.04,0.16,0.09,0.08,0.15,0.09,0.05,0.11,0.05,0.0,0.09,0.09,0.08,0.06,0.17,0.1,0.15,0.09,0.07,0.0,9.82,-0.72,8.53,7.36,4.65,9.65,8.8,9.65,16.01,Jogging
32,0.07,0.14,0.09,0.12,0.13,0.08,0.11,0.09,0.14,0.0,0.11,0.1,0.11,0.11,0.09,0.11,0.1,0.11,0.04,0.0,0.08,0.08,0.13,0.13,0.07,0.13,0.12,0.07,0.11,0.0,8.65,-0.84,8.17,7.67,4.93,9.38,9.19,9.38,15.55,Jogging
32,0.15,0.09,0.13,0.13,0.07,0.08,0.09,0.05,0.08,0.0,0.08,0.08,0.09,0.09,0.1,0.11,0.12,0.11,0.06,0.0,0.11,0.11,0.07,0.12,0.11,0.13,0.08,0.14,0.08,0.0,10.38,-1.3,9.4,7.45,4.83,10.65,8.89,10.65,17.21,Jogging
32,0.13,0.11,0.1,0.08,0.1,0.07,0.12,0.13,0.09,0.0,0.09,0.12,0.13,0.08,0.1,0.08,0.06,0.13,0.08,0.0,0.07,0.16,0.07,0.11,0.09,0.09,0.14,0.05,0.16,0.0,9.06,-0.84,8.84,8.0,4.95,10.12,9.39,10.12,16.32,Jogging
32,0.1,0.14,0.08,0.11,0.09,0.1,0.07,0.15,0.09,0.0,0.11,0.08,0.1,0.11,0.09,0.1,0.11,0.1,0.06,0.0,0.1,0.11,0.12,0.1,0.08,0.11,0.07,0.13,0.12,0.0,9.61,-1.24,8.78,7.75,5.07,10.11,9.2,10.11,16.62,Jogging
32,0.1,0.11,0.09,0.06,0.09,0.11,0.15,0.13,0.12,0.0,0.13,0.1,0.09,0.08,0.07,0.09,0.14,0.11,0.05,0.0,0.11,0.05,0.13,0.09,0.11,0.07,0.09,0.12,0.14,0.0,8.95,-0.61,8.04,8.28,5.15,9.41,9.75,9.41,16.17,Jogging
32,0.1,0.12,0.12,0.12,0.09,0.1,0.1,0.04,0.12,0.0,0.14,0.08,0.07,0.14,0.08,0.09,0.09,0.12,0.08,0.0,0.12,0.11,0.09,0.1,0.12,0.12,0.03,0.09,0.15,0.0,8.91,-1.16,8.96,8.04,5.21,10.33,9.55,10.33,16.5,Jogging
32,0.09,0.11,0.11,0.09,0.06,0.17,0.09,0.08,0.13,0.0,0.12,0.1,0.11,0.11,0.08,0.08,0.08,0.1,0.09,0.0,0.15,0.11,0.08,0.07,0.1,0.06,0.12,0.06,0.14,0.0,9.19,-0.93,8.39,8.07,5.86,9.9,9.47,9.9,16.48,Jogging
32,0.11,0.1,0.07,0.12,0.13,0.11,0.12,0.1,0.11,0.0,0.07,0.13,0.07,0.11,0.15,0.11,0.11,0.11,0.06,0.0,0.07,0.13,0.07,0.14,0.18,0.07,0.08,0.11,0.07,0.0,9.27,-1.02,7.93,7.1,4.86,9.41,8.75,9.41,15.66,Jogging
32,0.0,0.0,0.0,0.02,0.03,0.01,0.0,0.01,0.0,0.0,0.0,0.01,0.0,0.01,0.01,0.02,0.01,0.01,0.0,0.0,0.0,0.0,0.0,0.0,0.01,0.03,0.01,0.0,0.01,0.0,0.47,0.02,0.2,0.45,0.09,4.56,10.5,4.56,0.56,Jogging
32,0.15,0.12,0.09,0.09,0.1,0.07,0.13,0.1,0.07,0.1,0.15,0.07,0.04,0.09,0.11,0.1,0.12,0.1,0.11,0.13,0.11,0.13,0.08,0.05,0.1,0.09,0.1,0.12,0.09,0.15,10.02,-0.44,2.84,3.71,2.16,3.47,4.66,3.47,11.12,Upstairs
32,0.1,0.13,0.1,0.12,0.09,0.09,0.1,0.14,0.09,0.06,0.15,0.1,0.13,0.06,0.09,0.08,0.1,0.09,0.1,0.12,0.12,0.09,0.13,0.11,0.09,0.1,0.12,0.1,0.08,0.09,9.37,-0.85,2.69,3.93,1.7,3.44,4.76,3.44,10.35,Upstairs
32,0.1,0.12,0.11,0.08,0.09,0.08,0.1,0.11,0.09,0.13,0.09,0.11,0.13,0.12,0.07,0.09,0.06,0.12,0.1,0.11,0.08,0.12,0.09,0.12,0.12,0.08,0.1,0.11,0.09,0.1,10.01,-0.44,3.16,3.8,1.97,4.01,4.54,4.01,11.0,Upstairs
32,0.07,0.08,0.09,0.13,0.08,0.11,0.1,0.09,0.12,0.16,0.07,0.1,0.1,0.11,0.1,0.12,0.13,0.1,0.12,0.07,0.06,0.09,0.08,0.16,0.1,0.11,0.1,0.07,0.12,0.11,9.91,-0.37,3.25,3.05,1.82,3.97,3.85,3.97,10.95,Upstairs
32,0.07,0.07,0.1,0.09,0.16,0.11,0.1,0.07,0.11,0.07,0.03,0.13,0.11,0.12,0.13,0.1,0.11,0.09,0.07,0.06,0.13,0.08,0.1,0.07,0.06,0.15,0.09,0.12,0.11,0.05,9.22,-0.84,2.62,2.8,1.55,3.44,3.78,3.44,9.98,Upstairs
32,0.11,0.08,0.09,0.09,0.12,0.12,0.08,0.11,0.1,0.1,0.05,0.13,0.11,0.13,0.11,0.09,0.09,0.1,0.1,0.1,0.13,0.08,0.09,0.06,0.09,0.09,0.09,0.12,0.14,0.13,8.68,-0.61,4.78,4.65,3.95,6.22,5.78,6.22,12.18,Downstairs
32,0.09,0.12,0.1,0.09,0.09,0.12,0.11,0.11,0.12,0.08,0.12,0.12,0.09,0.08,0.08,0.15,0.12,0.1,0.07,0.08,0.08,0.14,0.11,0.1,0.1,0.13,0.13,0.1,0.05,0.09,7.95,-1.48,4.49,5.01,2.87,5.75,6.17,5.75,11.31,Downstairs
32,0.08,0.08,0.1,0.1,0.07,0.04,0.1,0.04,0.08,0.1,0.09,0.05,0.08,0.07,0.06,0.07,0.07,0.09,0.11,0.08,0.07,0.07,0.06,0.14,0.08,0.08,0.06,0.07,0.08,0.08,6.76,-0.83,3.29,4.31,2.44,5.73,6.95,5.73,9.25,Downstairs
32,0.1,0.11,0.08,0.12,0.11,0.09,0.1,0.09,0.09,0.0,0.16,0.1,0.09,0.08,0.11,0.08,0.07,0.13,0.07,0.0,0.14,0.13,0.09,0.07,0.08,0.13,0.11,0.1,0.06,0.0,9.19,-0.56,4.04,4.01,2.09,5.05,4.77,5.05,10.9,Upstairs
32,0.11,0.1,0.1,0.08,0.11,0.09,0.13,0.07,0.09,0.0,0.13,0.11,0.08,0.09,0.09,0.12,0.1,0.07,0.15,0.0,0.1,0.11,0.13,0.1,0.09,0.1,0.1,0.09,0.11,0.0,9.49,-0.56,4.02,3.79,1.77,5.03,4.53,5.03,10.85,Upstairs
32,0.12,0.1,0.1,0.11,0.12,0.08,0.07,0.08,0.13,0.0,0.11,0.1,0.08,0.09,0.11,0.1,0.14,0.1,0.09,0.0,0.09,0.1,0.13,0.11,0.07,0.11,0.1,0.15,0.08,0.0,9.46,-0.45,3.84,3.56,1.71,4.78,4.37,4.78,10.78,Upstairs
32,0.06,0.14,0.11,0.06,0.15,0.09,0.08,0.13,0.13,0.0,0.09,0.12,0.09,0.11,0.11,0.07,0.12,0.12,0.13,0.0,0.07,0.09,0.1,0.1,0.11,0.11,0.11,0.1,0.13,0.0,9.59,-0.23,3.88,3.44,1.72,4.78,4.06,4.78,10.86,Upstairs
32,0.11,0.11,0.12,0.08,0.08,0.12,0.11,0.1,0.11,0.0,0.07,0.13,0.15,0.1,0.11,0.11,0.08,0.08,0.1,0.0,0.1,0.08,0.06,0.1,0.1,0.17,0.09,0.09,0.09,0.0,9.25,0.0,3.97,3.43,2.27,5.1,4.13,5.1,10.97,Upstairs
32,0.11,0.1,0.13,0.12,0.08,0.09,0.1,0.12,0.1,0.0,0.11,0.12,0.09,0.1,0.07,0.08,0.09,0.1,0.11,0.0,0.12,0.12,0.12,0.1,0.1,0.05,0.09,0.1,0.13,0.0,9.77,-0.57,3.78,3.95,1.95,4.7,4.61,4.7,11.04,Upstairs
32,0.12,0.12,0.04,0.12,0.1,0.12,0.1,0.09,0.08,0.0,0.08,0.1,0.1,0.13,0.13,0.11,0.1,0.1,0.1,0.0,0.1,0.11,0.08,0.12,0.14,0.12,0.1,0.08,0.09,0.0,9.44,-0.61,4.2,3.18,1.75,5.38,3.9,5.38,10.96,Upstairs
32,0.11,0.07,0.09,0.11,0.08,0.15,0.11,0.13,0.08,0.0,0.1,0.09,0.12,0.11,0.09,0.09,0.14,0.1,0.09,0.0,0.08,0.07,0.08,0.09,0.1,0.15,0.11,0.15,0.09,0.0,9.57,-0.14,4.16,3.52,1.82,5.17,4.24,5.17,11.01,Upstairs
32,0.1,0.09,0.12,0.1,0.07,0.1,0.11,0.12,0.13,0.0,0.07,0.07,0.13,0.11,0.09,0.11,0.11,0.15,0.09,0.0,0.09,0.08,0.14,0.11,0.1,0.08,0.12,0.1,0.14,0.0,9.83,-0.52,3.93,3.32,1.68,4.78,3.96,4.78,11.08,Upstairs
32,0.01,0.02,0.05,0.04,0.06,0.02,0.01,0.03,0.03,0.0,0.02,0.02,0.01,0.04,0.04,0.06,0.03,0.03,0.01,0.0,0.05,0.01,0.05,0.04,0.03,0.01,0.03,0.01,0.02,0.0,2.41,-0.33,0.79,1.81,0.5,3.98,8.0,3.98,2.67,Upstairs
32,0.09,0.13,0.1,0.11,0.13,0.11,0.12,0.11,0.07,0.0,0.08,0.07,0.13,0.12,0.11,0.08,0.13,0.1,0.08,0.0,0.07,0.08,0.13,0.11,0.1,0.12,0.13,0.12,0.09,0.0,9.3,0.13,2.89,4.43,2.51,3.69,5.45,3.69,10.84,Downstairs
32,0.11,0.1,0.12,0.1,0.1,0.06,0.1,0.09,0.09,0.0,0.08,0.14,0.11,0.11,0.08,0.14,0.06,0.09,0.11,0.0,0.12,0.12,0.08,0.11,0.11,0.06,0.09,0.09,0.1,0.0,9.06,0.17,3.53,4.63,3.26,4.35,5.6,4.35,11.12,Downstairs
32,0.08,0.07,0.08,0.11,0.1,0.11,0.1,0.1,0.16,0.0,0.16,0.08,0.1,0.06,0.1,0.09,0.11,0.11,0.12,0.0,0.1,0.11,0.08,0.11,0.12,0.11,0.08,0.11,0.11,0.0,8.93,0.03,3.38,5.09,2.99,4.27,6.13,4.27,11.14,Downstairs
32,0.04,0.02,0.01,0.01,0.01,0.04,0.01,0.01,0.02,0.0,0.01,0.01,0.0,0.03,0.02,0.02,0.02,0.02,0.02,0.0,0.03,0.02,0.02,0.01,0.0,0.02,0.03,0.02,0.02,0.0,1.62,-0.13,0.49,1.38,0.52,4.13,10.32,4.13,1.88,Downstairs
32,0.1,0.12,0.11,0.1,0.12,0.1,0.1,0.05,0.08,0.0,0.12,0.08,0.07,0.15,0.13,0.1,0.12,0.06,0.08,0.0,0.13,0.12,0.13,0.07,0.11,0.08,0.11,0.11,0.1,0.0,9.59,-0.75,3.57,3.58,1.88,4.15,4.47,4.15,10.78,Upstairs
32,0.1,0.09,0.09,0.11,0.07,0.12,0.11,0.11,0.1,0.0,0.13,0.13,0.09,0.08,0.06,0.11,0.09,0.1,0.13,0.0,0.08,0.12,0.09,0.11,0.08,0.1,0.08,0.11,0.12,0.0,9.62,-0.3,3.29,4.07,1.98,4.0,4.71,4.0,10.76,Upstairs
32,0.07,0.09,0.12,0.12,0.12,0.11,0.1,0.1,0.1,0.0,0.1,0.11,0.1,0.09,0.1,0.12,0.09,0.09,0.12,0.0,0.1,0.08,0.09,0.11,0.15,0.1,0.1,0.1,0.09,0.0,9.71,-0.4,3.21,3.58,1.93,3.83,4.24,3.83,10.78,Upstairs
32,0.12,0.13,0.08,0.09,0.09,0.07,0.08,0.13,0.15,0.0,0.07,0.09,0.12,0.1,0.13,0.09,0.11,0.1,0.11,0.0,0.1,0.09,0.09,0.11,0.09,0.12,0.11,0.1,0.11,0.0,10.1,-0.29,3.47,3.52,2.13,4.37,4.24,4.37,11.33,Upstairs
32,0.08,0.04,0.05,0.07,0.07,0.06,0.09,0.06,0.05,0.0,0.05,0.06,0.08,0.07,0.06,0.05,0.06,0.09,0.06,0.0,0.05,0.08,0.05,0.08,0.06,0.07,0.07,0.07,0.05,0.0,5.77,-0.36,2.02,2.72,1.06,4.16,5.58,4.16,6.44,Upstairs
32,0.16,0.1,0.09,0.07,0.03,0.07,0.1,0.1,0.11,0.16,0.16,0.15,0.1,0.08,0.07,0.05,0.05,0.04,0.15,0.15,0.14,0.11,0.09,0.08,0.08,0.09,0.05,0.13,0.08,0.15,9.43,-0.3,3.89,4.94,2.91,4.96,5.93,4.96,11.64,Downstairs
32,0.1,0.1,0.1,0.08,0.12,0.07,0.13,0.12,0.12,0.09,0.07,0.11,0.16,0.11,0.07,0.09,0.1,0.11,0.1,0.1,0.11,0.12,0.08,0.11,0.09,0.09,0.11,0.1,0.18,0.03,9.43,-0.82,2.79,3.42,2.01,3.66,4.43,3.66,10.51,Downstairs
32,0.09,0.08,0.1,0.09,0.13,0.14,0.12,0.14,0.09,0.05,0.04,0.11,0.12,0.11,0.11,0.14,0.13,0.09,0.08,0.08,0.06,0.07,0.1,0.13,0.14,0.1,0.13,0.12,0.12,0.06,9.48,-0.52,2.36,2.89,1.72,3.01,3.99,3.01,10.28,Downstairs
32,0.05,0.12,0.07,0.21,0.16,0.11,0.12,0.1,0.06,0.03,0.03,0.04,0.07,0.11,0.18,0.17,0.19,0.1,0.06,0.07,0.08,0.12,0.16,0.14,0.11,0.09,0.12,0.04,0.1,0.07,9.9,-0.83,2.25,2.02,1.86,2.79,3.1,2.79,10.66,Downstairs
32,0.11,0.1,0.11,0.08,0.06,0.09,0.05,0.05,0.13,0.17,0.2,0.09,0.05,0.1,0.07,0.05,0.02,0.16,0.11,0.08,0.11,0.08,0.07,0.06,0.07,0.14,0.1,0.09,0.03,0.2,7.93,-0.03,3.37,4.39,2.53,4.35,5.76,4.35,10.1,Downstairs
18,0.08,0.09,0.1,0.09,0.09,0.09,0.06,0.11,0.17,0.15,0.13,0.13,0.1,0.09,0.11,0.09,0.04,0.1,0.13,0.09,0.1,0.13,0.11,0.11,0.11,0.09,0.08,0.1,0.07,0.11,10.19,-0.08,4.06,3.55,2.95,4.98,4.31,4.98,12.14,Downstairs
18,0.13,0.11,0.09,0.09,0.08,0.09,0.1,0.09,0.11,0.1,0.09,0.1,0.09,0.11,0.11,0.12,0.08,0.11,0.1,0.09,0.09,0.09,0.1,0.11,0.16,0.09,0.09,0.1,0.09,0.09,10.54,0.02,3.66,3.22,2.74,4.5,4.01,4.5,12.21,Downstairs
18,0.08,0.1,0.15,0.1,0.11,0.12,0.13,0.08,0.06,0.09,0.12,0.08,0.12,0.11,0.09,0.09,0.12,0.08,0.12,0.08,0.11,0.08,0.11,0.11,0.08,0.09,0.09,0.13,0.11,0.12,10.39,0.3,3.01,3.4,3.05,3.76,4.2,3.76,11.89,Downstairs
18,0.14,0.09,0.09,0.09,0.13,0.1,0.12,0.09,0.08,0.09,0.1,0.1,0.08,0.09,0.1,0.12,0.13,0.11,0.08,0.12,0.14,0.1,0.07,0.07,0.1,0.13,0.09,0.1,0.12,0.1,10.62,0.15,3.31,3.16,3.2,4.07,3.96,4.07,12.28,Downstairs
18,0.1,0.11,0.07,0.13,0.09,0.07,0.11,0.13,0.12,0.09,0.08,0.13,0.11,0.1,0.1,0.08,0.1,0.09,0.12,0.1,0.1,0.1,0.09,0.09,0.1,0.12,0.12,0.09,0.11,0.11,10.61,0.16,3.62,3.42,2.96,4.33,4.12,4.33,12.23,Downstairs
18,0.07,0.09,0.09,0.1,0.1,0.12,0.09,0.09,0.06,0.09,0.07,0.08,0.09,0.11,0.08,0.11,0.13,0.1,0.05,0.09,0.06,0.09,0.11,0.08,0.09,0.07,0.12,0.09,0.11,0.07,9.22,0.38,2.91,2.68,2.55,4.03,4.0,4.03,10.6,Downstairs
18,0.05,0.06,0.09,0.06,0.05,0.13,0.11,0.14,0.16,0.17,0.21,0.11,0.08,0.09,0.09,0.08,0.13,0.09,0.06,0.09,0.12,0.13,0.05,0.11,0.1,0.08,0.07,0.04,0.09,0.23,9.0,0.69,4.45,3.23,3.51,5.22,4.02,5.22,11.45,Upstairs
18,0.11,0.08,0.11,0.11,0.11,0.14,0.15,0.08,0.06,0.07,0.09,0.09,0.09,0.07,0.14,0.11,0.11,0.13,0.12,0.08,0.06,0.08,0.12,0.08,0.12,0.18,0.14,0.1,0.08,0.07,10.03,-0.1,3.17,2.54,1.7,3.89,3.37,3.89,11.13,Upstairs
18,0.09,0.11,0.09,0.09,0.15,0.09,0.07,0.08,0.14,0.12,0.11,0.12,0.11,0.1,0.12,0.06,0.06,0.09,0.1,0.15,0.13,0.11,0.08,0.09,0.11,0.09,0.08,0.12,0.13,0.08,9.94,-0.23,3.62,3.45,2.48,4.54,4.58,4.54,11.64,Upstairs
18,0.16,0.08,0.1,0.12,0.1,0.09,0.07,0.12,0.11,0.09,0.07,0.1,0.12,0.11,0.05,0.13,0.1,0.1,0.12,0.11,0.09,0.07,0.09,0.11,0.13,0.1,0.12,0.13,0.1,0.09,10.09,0.09,3.49,2.97,2.2,4.41,4.13,4.41,11.66,Upstairs
18,0.13,0.11,0.09,0.13,0.09,0.08,0.13,0.08,0.08,0.1,0.09,0.11,0.1,0.09,0.09,0.11,0.07,0.12,0.13,0.11,0.13,0.12,0.12,0.11,0.09,0.07,0.08,0.11,0.11,0.08,10.25,-0.39,3.34,2.81,2.42,4.17,3.57,4.17,11.54,Upstairs
18,0.07,0.16,0.14,0.12,0.11,0.08,0.08,0.1,0.09,0.07,0.04,0.09,0.1,0.15,0.13,0.11,0.1,0.12,0.1,0.09,0.1,0.09,0.11,0.1,0.09,0.11,0.13,0.1,0.13,0.07,10.26,-0.24,3.17,2.21,2.14,4.2,2.87,4.2,11.43,Upstairs
18,0.01,0.04,0.0,0.01,0.02,0.02,0.03,0.03,0.0,0.01,0.0,0.01,0.02,0.01,0.04,0.02,0.04,0.01,0.02,0.0,0.01,0.02,0.02,0.01,0.05,0.01,0.02,0.01,0.01,0.02,1.61,-0.03,0.45,1.36,0.33,3.58,8.97,3.58,1.76,Upstairs
18,0.09,0.11,0.13,0.1,0.07,0.11,0.08,0.14,0.11,0.0,0.11,0.08,0.1,0.12,0.13,0.07,0.12,0.09,0.13,0.0,0.09,0.1,0.12,0.12,0.09,0.11,0.1,0.08,0.11,0.0,9.91,-0.32,4.31,3.58,2.48,5.66,4.39,5.66,11.8,Downstairs
18,0.12,0.07,0.12,0.07,0.09,0.13,0.12,0.07,0.13,0.0,0.08,0.09,0.12,0.12,0.09,0.1,0.11,0.1,0.09,0.0,0.08,0.12,0.07,0.12,0.13,0.07,0.11,0.11,0.13,0.0,10.28,-0.31,4.37,3.66,2.34,5.8,4.48,5.8,12.05,Downstairs
18,0.09,0.09,0.09,0.11,0.12,0.1,0.09,0.13,0.09,0.0,0.1,0.1,0.11,0.1,0.11,0.11,0.08,0.11,0.12,0.0,0.09,0.1,0.12,0.1,0.1,0.1,0.11,0.09,0.1,0.0,9.9,-0.39,4.09,3.53,2.47,5.33,4.33,5.33,11.68,Downstairs
18,0.13,0.11,0.08,0.07,0.09,0.11,0.09,0.09,0.13,0.0,0.12,0.11,0.1,0.09,0.09,0.12,0.11,0.11,0.09,0.0,0.14,0.1,0.1,0.12,0.09,0.13,0.11,0.08,0.08,0.0,9.99,-0.68,4.57,3.6,2.42,5.9,4.43,5.9,11.96,Downstairs
18,0.11,0.13,0.09,0.09,0.09,0.11,0.11,0.08,0.11,0.0,0.09,0.1,0.11,0.11,0.12,0.1,0.05,0.13,0.08,0.0,0.11,0.1,0.14,0.06,0.1,0.08,0.11,0.11,0.08,0.0,10.27,-0.23,4.42,3.75,2.71,5.62,4.54,5.62,12.18,Downstairs
18,0.07,0.09,0.12,0.15,0.15,0.08,0.12,0.09,0.08,0.0,0.11,0.13,0.08,0.08,0.07,0.1,0.14,0.09,0.11,0.0,0.11,0.08,0.08,0.1,0.12,0.08,0.1,0.13,0.15,0.0,10.03,-0.28,3.85,3.74,2.35,4.85,4.57,4.85,11.6,Downstairs
18,0.08,0.1,0.1,0.09,0.09,0.08,0.11,0.07,0.14,0.17,0.17,0.13,0.1,0.07,0.09,0.07,0.08,0.1,0.11,0.11,0.08,0.12,0.12,0.11,0.09,0.08,0.07,0.08,0.1,0.15,9.4,-0.25,4.01,3.03,3.03,4.9,3.88,4.9,11.61,Upstairs
18,0.08,0.1,0.13,0.11,0.07,0.11,0.12,0.12,0.09,0.09,0.1,0.1,0.07,0.1,0.09,0.12,0.12,0.08,0.12,0.11,0.12,0.09,0.09,0.1,0.11,0.11,0.13,0.08,0.1,0.09,10.09,-1.0,3.57,2.46,2.22,4.44,3.21,4.44,11.5,Upstairs
18,0.1,0.09,0.09,0.1,0.15,0.1,0.12,0.09,0.08,0.09,0.06,0.06,0.14,0.16,0.09,0.1,0.13,0.09,0.11,0.07,0.09,0.1,0.07,0.15,0.1,0.08,0.13,0.11,0.1,0.09,10.01,-0.84,3.47,1.99,2.1,4.32,2.58,4.32,11.29,Upstairs
18,0.13,0.12,0.1,0.11,0.11,0.08,0.1,0.08,0.08,0.12,0.09,0.1,0.09,0.11,0.15,0.1,0.11,0.08,0.11,0.1,0.1,0.11,0.1,0.1,0.12,0.13,0.08,0.1,0.1,0.09,10.06,-0.95,3.52,2.15,2.25,4.53,2.77,4.53,11.43,Upstairs
18,0.12,0.11,0.08,0.11,0.07,0.13,0.1,0.12,0.11,0.09,0.09,0.1,0.1,0.09,0.12,0.11,0.11,0.1,0.1,0.11,0.1,0.08,0.1,0.11,0.11,0.1,0.11,0.09,0.13,0.09,10.13,-0.71,3.56,2.3,2.27,4.39,3.03,4.39,11.53,Upstairs
18,0.07,0.05,0.07,0.09,0.06,0.09,0.06,0.09,0.08,0.03,0.06,0.08,0.06,0.08,0.05,0.07,0.05,0.11,0.04,0.08,0.08,0.07,0.06,0.06,0.04,0.08,0.07,0.11,0.05,0.07,6.65,-0.63,2.3,2.6,1.52,4.26,4.71,4.26,7.54,Upstairs
5,0.34,0.12,0.12,0.1,0.09,0.07,0.07,0.04,0.04,0.04,0.13,0.11,0.08,0.08,0.11,0.05,0.09,0.1,0.1,0.18,0.07,0.09,0.09,0.09,0.11,0.14,0.1,0.12,0.16,0.04,9.6,1.33,2.58,4.41,1.9,3.25,5.29,3.25,10.56,Walking
5,0.28,0.16,0.16,0.14,0.14,0.07,0.04,0.03,0.01,0.0,0.05,0.11,0.06,0.09,0.09,0.15,0.11,0.16,0.1,0.1,0.04,0.12,0.16,0.16,0.15,0.1,0.1,0.07,0.06,0.06,9.77,1.11,1.85,3.1,1.73,2.26,3.77,2.26,10.33,Walking
5,0.29,0.16,0.15,0.17,0.11,0.09,0.04,0.01,0.0,0.0,0.06,0.08,0.08,0.09,0.14,0.14,0.08,0.13,0.11,0.13,0.03,0.09,0.14,0.17,0.18,0.17,0.06,0.05,0.06,0.08,9.86,1.3,1.79,3.21,1.81,2.21,3.88,2.21,10.46,Walking
5,0.25,0.18,0.17,0.12,0.14,0.1,0.04,0.02,0.01,0.0,0.07,0.07,0.08,0.09,0.15,0.1,0.09,0.15,0.15,0.07,0.06,0.08,0.13,0.19,0.11,0.17,0.11,0.04,0.07,0.06,9.75,1.14,1.84,3.2,1.67,2.23,3.83,2.23,10.34,Walking
5,0.3,0.11,0.14,0.13,0.17,0.1,0.05,0.01,0.01,0.0,0.09,0.11,0.04,0.08,0.07,0.12,0.12,0.12,0.12,0.15,0.08,0.11,0.11,0.15,0.19,0.13,0.08,0.03,0.1,0.06,9.92,1.06,2.01,3.57,1.76,2.38,4.34,2.38,10.55,Walking
5,0.27,0.15,0.11,0.11,0.15,0.13,0.07,0.03,0.0,0.0,0.08,0.08,0.07,0.07,0.15,0.14,0.06,0.14,0.11,0.12,0.12,0.11,0.1,0.14,0.09,0.15,0.11,0.06,0.08,0.07,9.76,1.07,2.06,3.39,1.94,2.45,4.15,2.45,10.47,Walking
5,0.24,0.17,0.1,0.13,0.08,0.14,0.11,0.03,0.02,0.0,0.09,0.07,0.09,0.07,0.11,0.11,0.15,0.11,0.11,0.12,0.14,0.1,0.13,0.07,0.14,0.12,0.12,0.08,0.07,0.06,9.87,1.03,2.1,3.39,2.0,2.58,4.16,2.58,10.65,Walking
5,0.24,0.06,0.13,0.13,0.08,0.12,0.09,0.11,0.04,0.01,0.09,0.09,0.06,0.1,0.15,0.08,0.09,0.1,0.1,0.17,0.11,0.11,0.11,0.08,0.14,0.16,0.06,0.09,0.08,0.08,9.79,1.17,2.59,3.67,2.0,3.13,4.44,3.13,10.72,Walking
5,0.15,0.17,0.09,0.14,0.06,0.12,0.14,0.09,0.05,0.03,0.1,0.1,0.08,0.12,0.08,0.12,0.1,0.1,0.11,0.11,0.13,0.12,0.09,0.09,0.09,0.12,0.11,0.09,0.07,0.1,9.39,1.32,2.53,3.53,2.29,3.18,4.24,3.18,10.43,Walking
5,0.17,0.13,0.14,0.07,0.12,0.12,0.11,0.07,0.06,0.03,0.09,0.08,0.09,0.12,0.09,0.09,0.12,0.12,0.16,0.08,0.12,0.15,0.1,0.11,0.07,0.1,0.11,0.07,0.11,0.09,9.53,1.29,2.54,3.45,2.28,3.19,4.1,3.19,10.55,Walking
5,0.14,0.11,0.14,0.11,0.09,0.12,0.1,0.11,0.07,0.03,0.1,0.09,0.13,0.09,0.08,0.1,0.09,0.11,0.13,0.11,0.1,0.13,0.1,0.11,0.1,0.13,0.11,0.07,0.09,0.09,9.43,1.36,2.72,3.67,2.19,3.35,4.36,3.35,10.5,Walking
5,0.11,0.12,0.09,0.08,0.11,0.07,0.12,0.13,0.13,0.06,0.1,0.09,0.13,0.07,0.13,0.07,0.12,0.08,0.12,0.11,0.11,0.12,0.08,0.08,0.09,0.08,0.16,0.09,0.12,0.09,9.29,1.5,3.22,3.59,2.19,3.9,4.3,3.9,10.56,Walking
5,0.09,0.16,0.1,0.11,0.09,0.1,0.09,0.09,0.11,0.08,0.11,0.11,0.08,0.09,0.1,0.1,0.1,0.12,0.1,0.12,0.14,0.13,0.11,0.09,0.03,0.08,0.08,0.09,0.15,0.12,9.26,1.52,3.02,3.69,2.59,3.74,4.43,3.74,10.6,Walking
5,0.1,0.11,0.12,0.08,0.09,0.1,0.11,0.12,0.16,0.03,0.11,0.08,0.12,0.1,0.11,0.05,0.13,0.12,0.1,0.11,0.13,0.08,0.12,0.12,0.06,0.1,0.09,0.13,0.1,0.1,9.25,1.42,3.09,3.64,2.26,3.77,4.3,3.77,10.5,Walking
5,0.07,0.13,0.12,0.1,0.1,0.09,0.07,0.13,0.14,0.07,0.09,0.09,0.12,0.1,0.11,0.09,0.12,0.1,0.12,0.09,0.15,0.1,0.09,0.04,0.1,0.09,0.11,0.13,0.1,0.11,9.31,1.56,3.2,3.4,2.48,3.91,4.04,3.91,10.69,Walking
5,0.07,0.13,0.07,0.12,0.09,0.1,0.13,0.1,0.09,0.13,0.13,0.07,0.11,0.11,0.1,0.08,0.09,0.1,0.1,0.13,0.14,0.1,0.1,0.05,0.14,0.08,0.11,0.11,0.07,0.13,9.21,1.56,3.48,3.81,2.48,4.2,4.53,4.2,10.73,Walking
5,0.1,0.11,0.1,0.08,0.09,0.12,0.1,0.1,0.14,0.09,0.11,0.08,0.12,0.1,0.11,0.09,0.08,0.13,0.1,0.11,0.1,0.11,0.12,0.07,0.08,0.09,0.12,0.13,0.12,0.09,9.22,1.62,3.36,3.62,2.29,4.04,4.38,4.04,10.61,Walking
5,0.06,0.13,0.08,0.08,0.11,0.11,0.09,0.12,0.15,0.1,0.1,0.12,0.11,0.1,0.07,0.09,0.15,0.07,0.08,0.13,0.12,0.11,0.09,0.11,0.09,0.1,0.1,0.09,0.09,0.13,9.21,1.52,3.51,3.8,2.42,4.16,4.53,4.16,10.69,Walking
5,0.05,0.11,0.12,0.03,0.13,0.1,0.11,0.11,0.12,0.14,0.13,0.13,0.1,0.07,0.08,0.08,0.09,0.11,0.07,0.15,0.11,0.1,0.1,0.09,0.09,0.1,0.1,0.13,0.1,0.1,9.08,1.6,3.65,3.99,2.32,4.35,4.73,4.35,10.59,Walking
5,0.04,0.11,0.1,0.1,0.1,0.1,0.13,0.16,0.1,0.1,0.12,0.11,0.11,0.07,0.07,0.13,0.1,0.09,0.1,0.12,0.13,0.08,0.1,0.1,0.07,0.11,0.11,0.11,0.1,0.11,9.19,1.49,3.51,3.79,2.29,4.14,4.54,4.14,10.61,Walking
5,0.06,0.11,0.1,0.04,0.13,0.1,0.13,0.11,0.12,0.12,0.12,0.16,0.07,0.08,0.09,0.09,0.06,0.13,0.09,0.13,0.12,0.1,0.07,0.1,0.1,0.13,0.07,0.13,0.07,0.13,9.1,1.64,3.59,3.92,2.4,4.24,4.62,4.24,10.64,Walking
5,0.05,0.05,0.09,0.11,0.11,0.09,0.1,0.13,0.15,0.15,0.1,0.1,0.14,0.09,0.1,0.08,0.11,0.11,0.1,0.09,0.1,0.08,0.13,0.11,0.1,0.08,0.12,0.09,0.1,0.11,8.96,1.69,3.93,3.55,2.35,4.58,4.23,4.58,10.6,Walking
5,0.04,0.07,0.08,0.13,0.07,0.12,0.1,0.15,0.13,0.13,0.09,0.14,0.13,0.1,0.08,0.09,0.11,0.07,0.1,0.11,0.09,0.06,0.1,0.12,0.08,0.09,0.1,0.14,0.13,0.12,8.88,1.87,3.79,3.56,2.39,4.42,4.2,4.42,10.5,Walking
5,0.06,0.08,0.08,0.12,0.09,0.12,0.1,0.14,0.12,0.12,0.09,0.1,0.11,0.11,0.09,0.12,0.1,0.12,0.1,0.07,0.07,0.09,0.12,0.09,0.1,0.14,0.1,0.12,0.1,0.11,9.04,1.77,3.7,3.32,2.23,4.32,3.99,4.32,10.55,Walking
5,0.05,0.06,0.07,0.1,0.14,0.13,0.09,0.1,0.11,0.17,0.12,0.11,0.11,0.11,0.08,0.1,0.14,0.06,0.1,0.09,0.07,0.08,0.13,0.07,0.09,0.12,0.11,0.1,0.12,0.13,8.8,1.98,3.93,3.57,2.4,4.6,4.25,4.6,10.49,Walking
5,0.06,0.05,0.09,0.12,0.12,0.11,0.12,0.1,0.07,0.18,0.11,0.08,0.13,0.1,0.12,0.09,0.1,0.1,0.11,0.08,0.1,0.05,0.1,0.09,0.12,0.16,0.07,0.1,0.13,0.1,8.97,1.8,3.76,3.36,2.32,4.38,4.02,4.38,10.52,Walking
5,0.05,0.09,0.06,0.11,0.09,0.09,0.15,0.1,0.12,0.16,0.12,0.11,0.1,0.12,0.11,0.08,0.08,0.14,0.09,0.08,0.06,0.1,0.12,0.1,0.09,0.08,0.14,0.09,0.14,0.1,8.84,1.78,3.9,3.45,2.27,4.56,4.13,4.56,10.43,Walking
5,0.06,0.08,0.07,0.13,0.14,0.06,0.16,0.08,0.09,0.16,0.08,0.11,0.15,0.1,0.1,0.1,0.11,0.12,0.08,0.07,0.04,0.09,0.12,0.09,0.15,0.09,0.15,0.11,0.08,0.1,8.91,1.85,3.7,3.23,2.23,4.4,3.83,4.4,10.47,Walking
5,0.03,0.08,0.07,0.08,0.13,0.15,0.13,0.1,0.13,0.13,0.09,0.12,0.11,0.11,0.13,0.09,0.14,0.06,0.13,0.05,0.08,0.12,0.05,0.1,0.11,0.11,0.12,0.1,0.11,0.12,8.82,1.84,3.89,3.29,2.41,4.49,4.01,4.49,10.49,Walking
5,0.03,0.05,0.1,0.07,0.15,0.14,0.13,0.17,0.07,0.11,0.06,0.09,0.17,0.13,0.11,0.13,0.06,0.13,0.06,0.08,0.05,0.1,0.05,0.07,0.08,0.14,0.18,0.16,0.14,0.06,8.87,1.88,3.7,3.07,1.9,4.25,3.74,4.25,10.34,Walking
5,0.2,0.12,0.13,0.1,0.07,0.12,0.11,0.07,0.03,0.06,0.12,0.08,0.11,0.09,0.14,0.11,0.07,0.09,0.08,0.13,0.12,0.04,0.07,0.13,0.09,0.1,0.12,0.16,0.16,0.04,9.15,1.32,2.93,4.06,1.91,3.68,5.16,3.68,10.44,Walking
5,0.12,0.14,0.12,0.12,0.08,0.08,0.14,0.08,0.1,0.05,0.07,0.13,0.09,0.11,0.09,0.11,0.1,0.1,0.1,0.13,0.13,0.11,0.13,0.09,0.1,0.12,0.1,0.1,0.04,0.1,9.41,1.14,2.94,3.68,2.12,3.64,4.47,3.64,10.61,Walking
5,0.16,0.12,0.09,0.07,0.12,0.15,0.12,0.09,0.06,0.04,0.05,0.1,0.1,0.14,0.12,0.09,0.11,0.12,0.07,0.11,0.06,0.1,0.15,0.14,0.12,0.09,0.09,0.1,0.07,0.11,9.45,1.46,2.81,3.16,2.13,3.42,3.85,3.42,10.49,Walking
5,0.13,0.1,0.14,0.09,0.09,0.11,0.16,0.08,0.11,0.02,0.07,0.11,0.11,0.09,0.12,0.11,0.13,0.08,0.13,0.07,0.08,0.12,0.14,0.15,0.09,0.12,0.1,0.05,0.08,0.09,9.32,1.23,2.84,3.21,2.06,3.44,3.87,3.44,10.36,Walking
5,0.09,0.13,0.1,0.13,0.09,0.1,0.14,0.1,0.11,0.04,0.09,0.07,0.11,0.1,0.12,0.11,0.09,0.1,0.1,0.13,0.08,0.16,0.13,0.1,0.06,0.11,0.11,0.08,0.09,0.1,9.49,1.38,3.0,3.46,2.31,3.65,4.17,3.65,10.69,Walking
5,0.05,0.16,0.11,0.1,0.08,0.12,0.09,0.12,0.14,0.04,0.09,0.09,0.07,0.13,0.11,0.12,0.11,0.09,0.11,0.1,0.1,0.09,0.12,0.14,0.09,0.06,0.12,0.11,0.11,0.09,9.38,1.43,3.08,3.37,2.31,3.76,4.1,3.76,10.61,Walking
5,0.05,0.11,0.13,0.13,0.09,0.07,0.12,0.15,0.11,0.07,0.1,0.1,0.08,0.09,0.13,0.13,0.11,0.06,0.11,0.11,0.13,0.1,0.08,0.1,0.13,0.11,0.1,0.09,0.09,0.09,9.3,1.4,3.23,3.34,2.24,3.88,4.08,3.88,10.57,Walking
5,0.07,0.09,0.13,0.09,0.12,0.1,0.11,0.12,0.12,0.08,0.12,0.07,0.1,0.12,0.11,0.1,0.1,0.09,0.1,0.11,0.12,0.12,0.11,0.13,0.07,0.12,0.06,0.11,0.07,0.11,9.23,1.36,3.29,3.54,2.35,3.95,4.29,3.95,10.6,Walking
5,0.07,0.11,0.1,0.08,0.11,0.1,0.1,0.12,0.13,0.11,0.11,0.07,0.09,0.11,0.14,0.12,0.1,0.11,0.11,0.07,0.13,0.11,0.1,0.1,0.12,0.08,0.07,0.11,0.06,0.14,9.17,1.47,3.46,3.25,2.53,4.13,3.99,4.13,10.65,Walking
5,0.04,0.13,0.1,0.08,0.08,0.1,0.1,0.13,0.13,0.12,0.1,0.1,0.1,0.11,0.09,0.12,0.1,0.09,0.12,0.08,0.13,0.08,0.12,0.11,0.08,0.11,0.09,0.11,0.1,0.1,9.16,1.39,3.57,3.38,2.23,4.25,4.03,4.25,10.6,Walking
5,0.06,0.07,0.13,0.09,0.09,0.09,0.08,0.11,0.16,0.14,0.08,0.15,0.1,0.11,0.08,0.1,0.11,0.09,0.13,0.08,0.09,0.13,0.08,0.13,0.08,0.07,0.12,0.1,0.11,0.12,9.05,1.66,3.71,3.43,2.37,4.4,4.08,4.4,10.59,Walking
5,0.04,0.1,0.08,0.1,0.08,0.09,0.08,0.14,0.17,0.15,0.1,0.13,0.11,0.11,0.1,0.12,0.06,0.13,0.05,0.11,0.09,0.15,0.09,0.09,0.09,0.09,0.08,0.11,0.12,0.12,8.9,1.7,3.93,3.54,2.5,4.61,4.25,4.61,10.58,Walking
5,0.06,0.13,0.13,0.04,0.06,0.06,0.11,0.11,0.19,0.14,0.08,0.12,0.1,0.13,0.08,0.11,0.1,0.12,0.1,0.09,0.13,0.09,0.13,0.05,0.08,0.11,0.08,0.12,0.15,0.08,9.18,1.52,3.77,3.36,2.38,4.49,3.97,4.49,10.75,Walking
5,0.07,0.09,0.11,0.08,0.08,0.09,0.09,0.11,0.17,0.14,0.12,0.09,0.13,0.12,0.09,0.09,0.08,0.08,0.11,0.11,0.1,0.14,0.08,0.08,0.07,0.09,0.09,0.14,0.1,0.12,9.04,1.61,3.78,3.65,2.45,4.51,4.33,4.51,10.65,Walking
5,0.05,0.12,0.09,0.11,0.07,0.08,0.09,0.1,0.18,0.14,0.11,0.13,0.07,0.1,0.14,0.09,0.06,0.1,0.11,0.11,0.12,0.13,0.11,0.07,0.08,0.1,0.08,0.1,0.11,0.12,9.06,1.61,3.71,3.62,2.59,4.45,4.37,4.45,10.67,Walking
5,0.05,0.1,0.08,0.11,0.08,0.11,0.1,0.08,0.16,0.15,0.09,0.12,0.08,0.11,0.12,0.13,0.09,0.07,0.11,0.11,0.08,0.14,0.13,0.08,0.06,0.07,0.1,0.14,0.1,0.12,9.15,1.66,3.8,3.36,2.45,4.53,4.05,4.53,10.74,Walking
5,0.05,0.08,0.08,0.1,0.12,0.09,0.11,0.09,0.15,0.16,0.12,0.1,0.1,0.08,0.08,0.15,0.09,0.11,0.09,0.1,0.12,0.08,0.06,0.1,0.14,0.1,0.07,0.14,0.09,0.13,9.04,1.7,3.85,3.56,2.45,4.52,4.28,4.52,10.69,Walking
5,0.09,0.08,0.11,0.12,0.08,0.09,0.08,0.11,0.09,0.19,0.16,0.1,0.08,0.1,0.09,0.09,0.08,0.1,0.12,0.11,0.11,0.14,0.11,0.04,0.13,0.07,0.07,0.1,0.13,0.14,8.94,1.79,3.74,4.02,2.77,4.52,4.83,4.52,10.72,Walking
5,0.06,0.07,0.09,0.11,0.12,0.08,0.06,0.11,0.16,0.17,0.13,0.09,0.11,0.1,0.07,0.09,0.13,0.08,0.12,0.11,0.17,0.13,0.1,0.07,0.04,0.07,0.11,0.12,0.1,0.12,9.09,1.41,3.87,3.78,2.66,4.61,4.49,4.61,10.79,Walking
5,0.07,0.08,0.09,0.12,0.08,0.09,0.13,0.11,0.08,0.17,0.13,0.12,0.06,0.13,0.07,0.09,0.12,0.08,0.1,0.12,0.14,0.14,0.06,0.07,0.12,0.08,0.08,0.09,0.11,0.13,9.0,1.57,3.75,3.89,2.63,4.53,4.67,4.53,10.7,Walking
5,0.06,0.11,0.07,0.1,0.08,0.09,0.11,0.13,0.09,0.19,0.13,0.13,0.06,0.11,0.08,0.12,0.1,0.07,0.08,0.14,0.11,0.15,0.11,0.04,0.08,0.1,0.09,0.1,0.13,0.12,9.01,1.59,3.94,3.87,2.59,4.68,4.67,4.68,10.74,Walking
5,0.04,0.1,0.09,0.1,0.12,0.1,0.06,0.15,0.13,0.14,0.11,0.1,0.14,0.13,0.06,0.11,0.09,0.07,0.11,0.1,0.11,0.06,0.11,0.08,0.09,0.13,0.09,0.13,0.12,0.11,8.95,1.82,3.82,3.52,2.44,4.49,4.19,4.49,10.62,Walking
5,0.07,0.07,0.12,0.1,0.05,0.14,0.1,0.08,0.14,0.16,0.12,0.07,0.14,0.12,0.07,0.15,0.1,0.07,0.13,0.06,0.11,0.08,0.07,0.07,0.14,0.09,0.1,0.13,0.13,0.11,8.89,1.85,3.75,3.31,2.36,4.5,3.98,4.5,10.53,Walking
5,0.06,0.08,0.09,0.1,0.06,0.09,0.07,0.15,0.15,0.17,0.12,0.1,0.11,0.09,0.09,0.14,0.1,0.08,0.08,0.1,0.13,0.08,0.07,0.1,0.11,0.1,0.1,0.13,0.1,0.12,8.97,1.7,3.98,3.47,2.4,4.66,4.19,4.66,10.69,Walking
5,0.07,0.07,0.12,0.09,0.09,0.1,0.05,0.15,0.12,0.16,0.09,0.09,0.15,0.13,0.08,0.1,0.14,0.07,0.12,0.06,0.13,0.06,0.07,0.08,0.12,0.11,0.09,0.11,0.13,0.11,8.94,1.77,3.77,3.25,2.42,4.47,3.87,4.47,10.58,Walking
5,0.05,0.07,0.12,0.09,0.1,0.12,0.09,0.1,0.13,0.15,0.12,0.13,0.05,0.12,0.11,0.1,0.11,0.1,0.1,0.08,0.08,0.1,0.08,0.11,0.12,0.1,0.1,0.12,0.08,0.12,8.91,1.82,3.75,3.45,2.35,4.47,4.17,4.47,10.53,Walking
5,0.06,0.1,0.07,0.11,0.09,0.09,0.12,0.12,0.1,0.16,0.08,0.11,0.09,0.16,0.08,0.1,0.11,0.1,0.11,0.09,0.09,0.12,0.08,0.08,0.12,0.09,0.08,0.12,0.12,0.13,9.09,1.92,3.77,3.32,2.57,4.53,3.99,4.53,10.78,Walking
5,0.06,0.08,0.06,0.09,0.17,0.09,0.11,0.11,0.12,0.14,0.1,0.11,0.14,0.09,0.07,0.12,0.15,0.07,0.1,0.08,0.09,0.09,0.09,0.12,0.14,0.11,0.08,0.09,0.08,0.15,8.89,1.85,3.75,3.36,2.5,4.37,4.04,4.37,10.53,Walking
5,0.05,0.07,0.07,0.12,0.12,0.11,0.12,0.1,0.14,0.14,0.12,0.1,0.12,0.11,0.08,0.1,0.12,0.1,0.1,0.08,0.07,0.08,0.12,0.1,0.13,0.1,0.1,0.11,0.09,0.13,8.86,1.87,3.85,3.41,2.43,4.49,4.09,4.49,10.55,Walking
5,0.05,0.09,0.08,0.1,0.1,0.1,0.11,0.12,0.09,0.18,0.1,0.11,0.12,0.1,0.11,0.09,0.1,0.14,0.08,0.07,0.07,0.09,0.1,0.09,0.13,0.11,0.13,0.1,0.11,0.1,8.9,1.72,3.85,3.34,2.22,4.57,4.02,4.57,10.5,Walking
5,0.02,0.03,0.07,0.05,0.07,0.06,0.1,0.05,0.05,0.04,0.03,0.05,0.06,0.09,0.08,0.07,0.05,0.08,0.04,0.0,0.02,0.04,0.06,0.05,0.05,0.06,0.07,0.08,0.05,0.06,4.53,1.0,1.8,2.34,1.05,4.03,5.31,4.03,5.28,Walking
5,0.14,0.13,0.23,0.14,0.11,0.07,0.08,0.06,0.05,0.02,0.1,0.08,0.05,0.08,0.18,0.12,0.09,0.12,0.08,0.08,0.05,0.07,0.13,0.11,0.14,0.14,0.13,0.13,0.09,0.04,8.45,1.88,3.2,6.18,3.28,4.32,7.42,4.32,11.3,Jogging
5,0.1,0.13,0.15,0.14,0.12,0.11,0.1,0.05,0.09,0.03,0.11,0.11,0.08,0.1,0.11,0.07,0.09,0.08,0.14,0.09,0.06,0.09,0.14,0.07,0.13,0.12,0.14,0.08,0.14,0.05,8.23,1.9,3.83,6.84,3.76,5.07,7.85,5.07,11.65,Jogging
5,0.07,0.14,0.15,0.08,0.15,0.12,0.09,0.09,0.07,0.06,0.11,0.1,0.06,0.16,0.06,0.11,0.06,0.1,0.12,0.08,0.09,0.11,0.09,0.11,0.13,0.08,0.11,0.14,0.1,0.07,7.94,1.72,4.21,6.95,4.06,5.47,8.04,5.47,11.9,Jogging
5,0.11,0.09,0.14,0.11,0.09,0.09,0.14,0.1,0.09,0.07,0.13,0.07,0.1,0.12,0.1,0.08,0.12,0.08,0.13,0.07,0.08,0.1,0.1,0.11,0.13,0.1,0.1,0.15,0.1,0.07,7.93,1.81,4.73,6.74,3.96,6.1,7.77,6.1,12.0,Jogging
5,0.09,0.11,0.11,0.12,0.08,0.11,0.11,0.12,0.1,0.07,0.11,0.1,0.1,0.05,0.12,0.15,0.05,0.13,0.11,0.05,0.09,0.09,0.08,0.11,0.11,0.12,0.13,0.11,0.09,0.09,7.71,1.81,4.84,6.46,3.92,6.09,7.64,6.09,11.93,Jogging
5,0.07,0.09,0.13,0.1,0.1,0.12,0.12,0.1,0.1,0.09,0.1,0.1,0.12,0.08,0.09,0.09,0.14,0.09,0.09,0.11,0.11,0.11,0.1,0.09,0.1,0.09,0.11,0.08,0.12,0.11,7.96,1.92,5.03,6.54,4.39,6.49,7.63,6.49,12.2,Jogging
5,0.09,0.1,0.06,0.13,0.13,0.12,0.09,0.09,0.1,0.11,0.1,0.12,0.12,0.09,0.09,0.11,0.12,0.08,0.08,0.07,0.12,0.09,0.11,0.11,0.1,0.11,0.07,0.09,0.1,0.13,7.29,1.83,5.23,6.56,4.44,6.66,7.65,6.66,11.9,Jogging
5,0.08,0.14,0.06,0.13,0.12,0.06,0.11,0.12,0.09,0.12,0.12,0.1,0.09,0.09,0.09,0.14,0.1,0.09,0.09,0.08,0.08,0.1,0.1,0.15,0.1,0.11,0.09,0.06,0.13,0.1,7.44,1.82,5.27,6.62,4.18,6.71,7.82,6.71,12.12,Jogging
5,0.09,0.11,0.09,0.1,0.1,0.1,0.11,0.09,0.13,0.11,0.11,0.11,0.1,0.11,0.08,0.11,0.14,0.08,0.08,0.08,0.11,0.1,0.11,0.12,0.06,0.11,0.12,0.11,0.08,0.09,7.44,1.58,5.37,6.56,4.33,6.9,7.7,6.9,12.12,Jogging
5,0.14,0.05,0.06,0.13,0.09,0.13,0.11,0.12,0.1,0.1,0.09,0.11,0.08,0.13,0.11,0.06,0.13,0.13,0.08,0.06,0.1,0.09,0.12,0.09,0.1,0.15,0.07,0.11,0.12,0.08,7.68,1.67,5.47,6.57,4.21,6.81,7.67,6.81,12.28,Jogging
5,0.09,0.11,0.1,0.08,0.08,0.12,0.11,0.11,0.12,0.1,0.09,0.12,0.1,0.11,0.12,0.11,0.08,0.07,0.12,0.06,0.13,0.09,0.12,0.09,0.09,0.1,0.1,0.11,0.12,0.08,7.57,1.6,5.54,6.56,4.41,7.07,7.72,7.07,12.27,Jogging
5,0.09,0.09,0.09,0.11,0.12,0.08,0.1,0.16,0.09,0.11,0.11,0.08,0.12,0.11,0.1,0.09,0.07,0.12,0.1,0.09,0.11,0.09,0.1,0.09,0.12,0.08,0.12,0.11,0.11,0.09,7.91,1.78,5.43,6.71,4.27,6.88,7.74,6.88,12.38,Jogging
5,0.1,0.08,0.11,0.13,0.07,0.07,0.11,0.13,0.14,0.08,0.09,0.1,0.15,0.1,0.07,0.12,0.08,0.11,0.09,0.11,0.11,0.12,0.13,0.06,0.1,0.07,0.1,0.08,0.1,0.15,7.59,1.84,5.22,6.67,4.76,6.58,7.71,6.58,12.2,Jogging
5,0.08,0.11,0.1,0.09,0.1,0.09,0.12,0.13,0.09,0.11,0.08,0.11,0.16,0.09,0.11,0.06,0.1,0.08,0.11,0.08,0.08,0.13,0.12,0.09,0.1,0.07,0.1,0.15,0.09,0.09,7.73,1.96,5.28,6.72,4.26,6.77,7.71,6.77,12.02,Jogging
5,0.07,0.12,0.1,0.09,0.08,0.11,0.13,0.09,0.12,0.1,0.08,0.1,0.12,0.09,0.1,0.12,0.1,0.12,0.13,0.05,0.1,0.1,0.09,0.09,0.09,0.13,0.1,0.09,0.12,0.1,8.1,1.88,5.31,6.24,4.19,6.8,7.23,6.8,12.22,Jogging
5,0.08,0.1,0.12,0.11,0.07,0.11,0.12,0.09,0.1,0.13,0.09,0.1,0.11,0.08,0.14,0.08,0.1,0.13,0.08,0.09,0.12,0.09,0.12,0.09,0.1,0.09,0.04,0.14,0.11,0.12,7.93,1.9,5.43,6.53,4.57,7.02,7.55,7.02,12.43,Jogging
5,0.09,0.11,0.1,0.1,0.1,0.07,0.13,0.13,0.1,0.1,0.11,0.11,0.08,0.1,0.12,0.09,0.11,0.1,0.1,0.06,0.09,0.09,0.09,0.13,0.11,0.12,0.09,0.11,0.08,0.1,7.7,1.9,5.29,6.44,4.01,6.74,7.48,6.74,11.97,Jogging
5,0.09,0.08,0.09,0.09,0.11,0.1,0.11,0.11,0.13,0.11,0.1,0.09,0.1,0.12,0.11,0.08,0.09,0.13,0.12,0.06,0.11,0.11,0.1,0.08,0.1,0.06,0.08,0.12,0.11,0.13,7.87,1.87,5.55,6.48,4.79,6.95,7.5,6.95,12.52,Jogging
5,0.11,0.08,0.09,0.08,0.12,0.09,0.14,0.08,0.13,0.1,0.09,0.13,0.12,0.09,0.06,0.11,0.1,0.11,0.13,0.07,0.12,0.11,0.12,0.11,0.08,0.05,0.1,0.07,0.1,0.14,7.52,1.66,5.45,6.73,4.81,6.74,7.71,6.74,12.28,Jogging
5,0.14,0.1,0.05,0.09,0.12,0.1,0.07,0.11,0.1,0.12,0.12,0.1,0.11,0.13,0.09,0.1,0.11,0.11,0.08,0.03,0.11,0.11,0.07,0.12,0.09,0.13,0.13,0.07,0.09,0.1,7.15,1.55,6.02,6.25,4.16,7.67,7.3,7.67,12.07,Jogging
5,0.13,0.07,0.11,0.12,0.1,0.11,0.06,0.08,0.12,0.13,0.11,0.1,0.1,0.15,0.07,0.07,0.12,0.11,0.09,0.09,0.12,0.11,0.1,0.08,0.09,0.11,0.11,0.09,0.09,0.13,7.46,1.88,5.46,6.57,4.58,7.12,7.6,7.12,12.22,Jogging
5,0.11,0.09,0.09,0.1,0.1,0.12,0.08,0.09,0.14,0.11,0.11,0.1,0.11,0.08,0.1,0.11,0.13,0.07,0.1,0.07,0.11,0.1,0.12,0.1,0.11,0.09,0.08,0.1,0.07,0.14,7.56,1.7,5.42,6.51,4.4,6.91,7.66,6.91,12.3,Jogging
5,0.11,0.1,0.08,0.12,0.14,0.08,0.08,0.08,0.11,0.12,0.1,0.12,0.08,0.12,0.11,0.1,0.13,0.09,0.08,0.06,0.1,0.1,0.13,0.1,0.1,0.11,0.05,0.08,0.12,0.12,7.24,1.72,5.27,6.29,4.37,6.9,7.4,6.9,11.87,Jogging
5,0.08,0.13,0.09,0.09,0.11,0.12,0.09,0.11,0.08,0.13,0.11,0.11,0.11,0.09,0.09,0.11,0.08,0.12,0.1,0.06,0.11,0.14,0.09,0.09,0.07,0.08,0.11,0.08,0.14,0.11,7.44,1.79,5.37,6.66,4.71,6.95,7.72,6.95,12.27,Jogging
5,0.11,0.11,0.08,0.12,0.14,0.07,0.06,0.08,0.12,0.13,0.11,0.1,0.09,0.13,0.1,0.1,0.1,0.11,0.08,0.06,0.12,0.1,0.07,0.09,0.13,0.11,0.11,0.11,0.07,0.12,7.33,1.73,5.49,6.42,4.26,7.24,7.49,7.24,12.14,Jogging
5,0.12,0.11,0.09,0.09,0.1,0.08,0.11,0.14,0.07,0.12,0.12,0.08,0.09,0.1,0.12,0.12,0.1,0.09,0.1,0.05,0.1,0.12,0.11,0.11,0.1,0.1,0.13,0.08,0.08,0.1,7.43,1.31,5.49,6.3,4.18,7.04,7.54,7.04,12.2,Jogging
5,0.12,0.12,0.07,0.12,0.1,0.09,0.09,0.09,0.12,0.11,0.11,0.09,0.11,0.09,0.14,0.09,0.1,0.09,0.1,0.06,0.12,0.11,0.11,0.09,0.11,0.09,0.1,0.1,0.09,0.12,7.35,1.54,5.47,6.51,4.47,7.11,7.71,7.11,12.27,Jogging
5,0.1,0.09,0.11,0.08,0.11,0.1,0.12,0.12,0.06,0.13,0.1,0.09,0.1,0.09,0.11,0.14,0.11,0.08,0.12,0.04,0.13,0.08,0.1,0.08,0.1,0.09,0.12,0.11,0.08,0.12,7.76,1.79,5.37,6.32,4.37,6.89,7.52,6.89,12.38,Jogging
5,0.11,0.09,0.11,0.06,0.08,0.09,0.15,0.08,0.12,0.12,0.1,0.11,0.1,0.08,0.11,0.14,0.09,0.13,0.09,0.05,0.11,0.08,0.08,0.11,0.11,0.12,0.1,0.12,0.1,0.09,7.58,1.7,5.58,6.27,4.17,6.97,7.4,6.97,12.35,Jogging
5,0.12,0.11,0.13,0.05,0.1,0.09,0.08,0.11,0.11,0.12,0.08,0.11,0.09,0.1,0.13,0.09,0.13,0.08,0.12,0.04,0.11,0.12,0.08,0.1,0.09,0.1,0.12,0.11,0.09,0.11,7.82,1.87,5.5,6.19,4.32,7.16,7.28,7.16,12.16,Jogging
5,0.07,0.13,0.13,0.07,0.08,0.14,0.09,0.09,0.1,0.12,0.1,0.14,0.08,0.13,0.07,0.09,0.1,0.12,0.12,0.05,0.08,0.12,0.07,0.13,0.06,0.13,0.11,0.07,0.13,0.13,7.61,2.23,5.28,6.61,4.33,6.95,7.54,6.95,12.14,Jogging
5,0.06,0.06,0.04,0.05,0.05,0.13,0.07,0.05,0.06,0.08,0.07,0.07,0.08,0.04,0.06,0.09,0.06,0.05,0.08,0.04,0.02,0.07,0.05,0.11,0.08,0.07,0.07,0.08,0.06,0.04,4.76,1.3,3.44,4.21,2.15,6.85,7.89,6.85,7.43,Jogging
5,0.1,0.07,0.09,0.09,0.07,0.11,0.09,0.14,0.15,0.1,0.16,0.09,0.07,0.08,0.07,0.08,0.12,0.08,0.13,0.14,0.09,0.13,0.07,0.11,0.14,0.09,0.08,0.09,0.13,0.08,9.69,1.81,1.89,3.29,1.86,2.47,3.96,2.47,10.51,Upstairs
5,0.08,0.07,0.14,0.12,0.09,0.13,0.12,0.09,0.08,0.11,0.1,0.12,0.09,0.09,0.12,0.07,0.11,0.12,0.09,0.1,0.06,0.12,0.12,0.1,0.1,0.12,0.1,0.1,0.08,0.11,9.63,1.74,1.55,2.94,1.63,2.1,3.6,2.1,10.27,Upstairs
5,0.1,0.1,0.08,0.1,0.12,0.09,0.11,0.1,0.11,0.1,0.07,0.09,0.11,0.13,0.15,0.09,0.09,0.12,0.07,0.09,0.13,0.09,0.1,0.11,0.1,0.08,0.13,0.1,0.09,0.1,9.58,1.59,1.7,2.63,1.65,2.29,3.25,2.29,10.19,Upstairs
5,0.1,0.13,0.08,0.14,0.09,0.08,0.09,0.09,0.09,0.13,0.09,0.08,0.14,0.1,0.1,0.14,0.09,0.1,0.09,0.09,0.12,0.08,0.09,0.12,0.1,0.12,0.1,0.09,0.08,0.12,9.56,1.74,1.74,2.61,1.7,2.36,3.25,2.36,10.25,Upstairs
5,0.11,0.11,0.08,0.11,0.09,0.11,0.11,0.09,0.09,0.11,0.07,0.15,0.11,0.12,0.06,0.1,0.1,0.09,0.14,0.09,0.08,0.07,0.11,0.1,0.07,0.1,0.1,0.11,0.16,0.12,9.58,2.0,1.65,2.88,1.69,2.13,3.45,2.13,10.26,Upstairs
5,0.06,0.05,0.07,0.03,0.03,0.05,0.05,0.04,0.04,0.03,0.05,0.04,0.02,0.04,0.06,0.06,0.05,0.04,0.04,0.04,0.07,0.04,0.06,0.04,0.03,0.06,0.04,0.04,0.04,0.04,4.19,0.56,0.64,2.4,0.71,1.91,6.42,1.91,4.4,Upstairs
5,0.12,0.11,0.1,0.11,0.1,0.11,0.08,0.06,0.13,0.11,0.1,0.13,0.08,0.08,0.14,0.1,0.08,0.11,0.09,0.12,0.12,0.11,0.1,0.08,0.1,0.1,0.14,0.11,0.06,0.11,9.15,2.36,2.37,3.51,1.95,3.14,4.33,3.14,10.2,Downstairs
5,0.12,0.11,0.1,0.09,0.12,0.11,0.12,0.1,0.06,0.09,0.13,0.07,0.13,0.1,0.08,0.09,0.1,0.11,0.09,0.1,0.08,0.09,0.13,0.13,0.1,0.12,0.07,0.08,0.09,0.13,8.93,2.56,2.22,3.52,2.0,3.02,4.33,3.02,9.97,Downstairs
5,0.12,0.12,0.1,0.08,0.07,0.08,0.14,0.11,0.09,0.11,0.08,0.12,0.1,0.09,0.1,0.12,0.1,0.11,0.09,0.1,0.11,0.13,0.08,0.11,0.1,0.07,0.09,0.13,0.12,0.08,9.15,2.44,2.39,3.42,2.04,3.1,4.28,3.1,10.21,Downstairs
5,0.08,0.1,0.1,0.11,0.1,0.11,0.1,0.12,0.09,0.1,0.07,0.11,0.12,0.12,0.1,0.1,0.11,0.08,0.12,0.08,0.09,0.07,0.09,0.11,0.12,0.08,0.14,0.09,0.16,0.08,9.19,2.64,2.07,3.32,1.83,2.74,4.07,2.74,10.17,Downstairs
5,0.08,0.08,0.12,0.12,0.11,0.1,0.07,0.12,0.13,0.1,0.11,0.07,0.09,0.12,0.11,0.11,0.11,0.1,0.09,0.11,0.09,0.11,0.12,0.08,0.11,0.12,0.1,0.09,0.1,0.11,9.07,2.52,2.33,3.31,1.89,3.17,4.16,3.17,10.14,Downstairs
5,0.03,0.03,0.04,0.01,0.04,0.05,0.04,0.06,0.05,0.04,0.03,0.04,0.04,0.04,0.02,0.03,0.03,0.06,0.07,0.03,0.06,0.05,0.04,0.04,0.04,0.05,0.02,0.04,0.03,0.04,3.53,0.83,0.97,2.28,0.9,3.36,7.21,3.36,3.95,Downstairs
5,0.08,0.05,0.1,0.09,0.11,0.1,0.19,0.09,0.11,0.1,0.06,0.07,0.13,0.14,0.1,0.11,0.09,0.12,0.1,0.09,0.11,0.13,0.08,0.13,0.08,0.13,0.09,0.08,0.1,0.1,9.57,1.62,1.86,2.48,1.61,2.39,3.04,2.39,10.23,Upstairs
5,0.09,0.13,0.09,0.09,0.1,0.06,0.1,0.09,0.14,0.14,0.14,0.09,0.08,0.06,0.13,0.09,0.12,0.09,0.11,0.12,0.11,0.08,0.12,0.08,0.11,0.09,0.09,0.12,0.1,0.1,9.54,1.86,2.01,2.81,1.81,2.59,3.38,2.59,10.34,Upstairs
5,0.1,0.09,0.13,0.09,0.1,0.13,0.12,0.08,0.09,0.1,0.09,0.08,0.13,0.15,0.08,0.07,0.09,0.11,0.11,0.09,0.09,0.1,0.1,0.12,0.11,0.07,0.11,0.11,0.13,0.09,9.63,1.79,1.81,2.84,1.6,2.42,3.43,2.42,10.28,Upstairs
5,0.15,0.11,0.05,0.13,0.11,0.08,0.08,0.12,0.12,0.07,0.12,0.11,0.12,0.07,0.07,0.13,0.1,0.09,0.11,0.1,0.1,0.08,0.1,0.1,0.09,0.09,0.11,0.1,0.12,0.13,9.36,1.85,1.86,2.74,1.67,2.38,3.39,2.38,10.1,Upstairs
5,0.08,0.13,0.12,0.12,0.09,0.16,0.06,0.09,0.08,0.11,0.1,0.14,0.06,0.09,0.1,0.12,0.11,0.1,0.08,0.12,0.08,0.12,0.08,0.1,0.09,0.17,0.1,0.08,0.08,0.1,9.45,1.75,1.67,2.63,1.57,2.24,3.23,2.24,10.09,Upstairs
5,0.06,0.04,0.04,0.04,0.03,0.05,0.02,0.05,0.04,0.03,0.04,0.02,0.06,0.04,0.05,0.02,0.05,0.05,0.03,0.04,0.03,0.05,0.05,0.03,0.06,0.03,0.04,0.06,0.03,0.03,3.57,0.54,0.66,2.25,0.53,2.24,6.65,2.24,3.78,Upstairs
5,0.07,0.06,0.07,0.14,0.11,0.14,0.1,0.14,0.12,0.08,0.04,0.1,0.1,0.15,0.14,0.13,0.11,0.09,0.09,0.08,0.07,0.08,0.09,0.1,0.11,0.09,0.13,0.15,0.12,0.09,9.13,2.61,2.1,2.89,1.82,2.74,3.71,2.74,10.13,Downstairs
5,0.08,0.12,0.09,0.12,0.08,0.1,0.1,0.1,0.11,0.11,0.08,0.1,0.09,0.11,0.11,0.13,0.09,0.13,0.11,0.08,0.09,0.11,0.11,0.09,0.1,0.1,0.13,0.14,0.06,0.11,9.11,2.45,2.22,3.09,1.84,2.81,3.86,2.81,10.07,Downstairs
5,0.09,0.12,0.08,0.12,0.11,0.09,0.1,0.09,0.1,0.1,0.11,0.11,0.14,0.07,0.06,0.12,0.09,0.1,0.11,0.11,0.07,0.12,0.09,0.11,0.09,0.12,0.11,0.1,0.08,0.12,9.1,2.65,2.4,3.66,2.01,3.31,4.49,3.31,10.24,Downstairs
5,0.13,0.12,0.1,0.11,0.08,0.07,0.07,0.13,0.08,0.14,0.14,0.11,0.09,0.07,0.1,0.08,0.12,0.08,0.12,0.11,0.14,0.11,0.1,0.12,0.06,0.1,0.08,0.07,0.13,0.1,9.06,2.33,2.68,3.77,2.25,3.46,4.6,3.46,10.24,Downstairs
5,0.13,0.11,0.11,0.1,0.12,0.08,0.1,0.1,0.08,0.09,0.13,0.09,0.09,0.1,0.09,0.08,0.11,0.1,0.09,0.14,0.12,0.08,0.13,0.11,0.12,0.09,0.12,0.07,0.07,0.12,9.07,2.27,2.42,3.78,2.01,3.31,4.63,3.31,10.16,Downstairs
5,0.05,0.02,0.07,0.02,0.04,0.08,0.03,0.05,0.05,0.05,0.04,0.05,0.05,0.06,0.04,0.03,0.04,0.06,0.04,0.04,0.06,0.03,0.04,0.04,0.03,0.08,0.02,0.03,0.08,0.04,3.89,1.06,1.09,2.35,1.02,3.37,6.8,3.37,4.4,Downstairs
5,0.13,0.1,0.09,0.12,0.09,0.1,0.08,0.1,0.11,0.09,0.13,0.1,0.09,0.11,0.1,0.09,0.08,0.14,0.08,0.1,0.11,0.12,0.1,0.13,0.09,0.09,0.06,0.12,0.09,0.11,9.44,1.87,1.66,2.85,1.88,2.13,3.49,2.13,10.17,Upstairs
5,0.12,0.1,0.08,0.1,0.13,0.05,0.12,0.09,0.11,0.12,0.13,0.08,0.09,0.09,0.09,0.13,0.1,0.09,0.11,0.12,0.11,0.05,0.11,0.11,0.09,0.12,0.09,0.12,0.1,0.11,9.5,2.07,1.69,2.83,1.9,2.14,3.47,2.14,10.27,Upstairs
5,0.07,0.09,0.09,0.12,0.13,0.17,0.08,0.07,0.1,0.1,0.08,0.13,0.1,0.1,0.1,0.07,0.11,0.13,0.13,0.08,0.06,0.09,0.11,0.11,0.14,0.1,0.1,0.09,0.12,0.11,9.56,2.02,1.4,2.73,1.66,1.85,3.25,1.85,10.18,Upstairs
5,0.09,0.08,0.12,0.1,0.1,0.1,0.13,0.14,0.09,0.07,0.09,0.08,0.11,0.14,0.09,0.12,0.12,0.06,0.11,0.1,0.08,0.13,0.08,0.09,0.13,0.13,0.1,0.08,0.11,0.09,9.52,1.83,1.43,2.63,1.57,1.84,3.23,1.84,10.1,Upstairs
5,0.07,0.12,0.12,0.08,0.07,0.11,0.1,0.13,0.1,0.11,0.09,0.1,0.09,0.12,0.11,0.1,0.1,0.09,0.09,0.13,0.12,0.14,0.08,0.09,0.07,0.1,0.09,0.15,0.09,0.08,9.63,1.78,1.58,2.74,1.69,2.04,3.43,2.04,10.22,Upstairs
5,0.1,0.11,0.07,0.06,0.08,0.05,0.07,0.08,0.09,0.11,0.06,0.1,0.1,0.06,0.09,0.1,0.08,0.09,0.08,0.08,0.1,0.07,0.09,0.05,0.09,0.06,0.1,0.08,0.08,0.1,7.78,1.68,1.5,2.35,1.56,2.27,3.63,2.27,8.47,Upstairs
5,0.13,0.06,0.13,0.12,0.1,0.08,0.13,0.09,0.06,0.12,0.11,0.07,0.13,0.1,0.11,0.11,0.07,0.12,0.13,0.07,0.09,0.08,0.09,0.13,0.12,0.1,0.11,0.1,0.11,0.1,9.03,2.23,2.52,3.06,1.87,3.44,3.8,3.44,10.08,Downstairs
5,0.09,0.11,0.1,0.15,0.1,0.13,0.07,0.08,0.1,0.09,0.08,0.13,0.08,0.12,0.09,0.11,0.1,0.12,0.07,0.13,0.08,0.08,0.12,0.11,0.08,0.11,0.13,0.09,0.12,0.08,9.26,2.29,2.35,3.25,1.86,3.08,4.11,3.08,10.2,Downstairs
5,0.11,0.08,0.13,0.1,0.09,0.13,0.08,0.08,0.13,0.1,0.07,0.13,0.11,0.1,0.13,0.09,0.11,0.1,0.11,0.08,0.13,0.1,0.11,0.08,0.1,0.11,0.11,0.11,0.08,0.1,9.11,2.05,2.42,3.03,1.93,3.15,3.81,3.15,10.05,Downstairs
5,0.1,0.15,0.05,0.1,0.08,0.1,0.12,0.12,0.11,0.1,0.14,0.08,0.09,0.11,0.08,0.12,0.14,0.09,0.07,0.12,0.13,0.08,0.09,0.11,0.09,0.08,0.11,0.1,0.11,0.12,9.1,2.2,2.41,3.26,2.17,3.15,4.13,3.15,10.14,Downstairs
5,0.09,0.09,0.1,0.06,0.12,0.09,0.09,0.13,0.11,0.13,0.12,0.12,0.08,0.11,0.08,0.1,0.08,0.1,0.12,0.12,0.09,0.1,0.11,0.1,0.13,0.06,0.1,0.13,0.11,0.09,9.09,2.19,2.46,3.45,1.95,3.29,4.24,3.29,10.15,Downstairs
5,0.02,0.02,0.04,0.03,0.04,0.04,0.05,0.04,0.04,0.01,0.03,0.01,0.05,0.03,0.04,0.03,0.03,0.03,0.05,0.03,0.02,0.05,0.04,0.02,0.04,0.05,0.01,0.03,0.02,0.05,2.97,0.7,0.56,2.06,0.65,2.46,7.65,2.46,3.22,Downstairs
5,0.03,0.38,0.09,0.08,0.0,0.13,0.13,0.0,0.14,0.04,0.12,0.07,0.19,0.0,0.0,0.36,0.0,0.14,0.0,0.13,0.0,0.01,0.0,0.0,0.04,0.0,0.1,0.13,0.23,0.51,3.01,8.14,4.21,0.06,0.05,4.21,0.21,4.21,9.64,Sitting
5,0.27,0.52,0.05,0.02,0.0,0.04,0.03,0.0,0.02,0.05,0.06,0.01,0.2,0.0,0.0,0.48,0.0,0.07,0.0,0.18,0.08,0.01,0.0,0.0,0.04,0.0,0.06,0.12,0.17,0.51,3.06,8.09,4.16,0.15,0.16,4.21,0.48,4.21,9.63,Sitting
5,0.03,0.03,0.04,0.06,0.0,0.09,0.24,0.0,0.35,0.18,0.05,0.07,0.23,0.0,0.0,0.3,0.0,0.15,0.0,0.22,0.13,0.16,0.0,0.0,0.35,0.0,0.22,0.11,0.04,0.01,3.04,8.01,4.32,0.07,0.04,4.32,0.12,4.32,9.6,Sitting
5,0.01,0.01,0.02,0.08,0.0,0.13,0.3,0.0,0.4,0.08,0.02,0.02,0.11,0.0,0.0,0.41,0.0,0.31,0.0,0.13,0.07,0.16,0.0,0.0,0.41,0.0,0.32,0.05,0.0,0.01,3.04,8.01,4.31,0.04,0.03,4.31,0.05,4.31,9.59,Sitting
5,0.02,0.03,0.07,0.18,0.0,0.34,0.17,0.0,0.13,0.08,0.05,0.04,0.15,0.0,0.0,0.32,0.0,0.25,0.0,0.2,0.06,0.11,0.0,0.0,0.25,0.0,0.31,0.19,0.05,0.05,3.04,8.04,4.26,0.05,0.04,4.27,0.08,4.27,9.59,Sitting
5,0.01,0.02,0.02,0.03,0.0,0.1,0.18,0.0,0.43,0.24,0.06,0.04,0.12,0.0,0.0,0.18,0.0,0.28,0.0,0.33,0.19,0.24,0.0,0.0,0.31,0.0,0.15,0.07,0.04,0.02,3.06,8.0,4.34,0.06,0.05,4.35,0.1,4.35,9.6,Sitting
5,0.02,0.02,0.04,0.25,0.0,0.28,0.15,0.0,0.14,0.12,0.06,0.06,0.08,0.0,0.0,0.14,0.0,0.33,0.0,0.35,0.07,0.11,0.0,0.0,0.28,0.0,0.28,0.2,0.03,0.04,3.05,8.03,4.28,0.06,0.05,4.28,0.09,4.28,9.6,Sitting
5,0.03,0.13,0.21,0.21,0.0,0.18,0.14,0.0,0.1,0.03,0.06,0.04,0.1,0.0,0.0,0.26,0.0,0.25,0.0,0.3,0.05,0.07,0.0,0.0,0.14,0.0,0.31,0.26,0.12,0.07,3.05,8.05,4.22,0.06,0.05,4.23,0.09,4.23,9.59,Sitting
5,0.01,0.01,0.04,0.04,0.0,0.06,0.09,0.0,0.05,0.04,0.03,0.01,0.04,0.0,0.0,0.13,0.0,0.06,0.0,0.06,0.03,0.02,0.0,0.0,0.07,0.0,0.1,0.07,0.01,0.02,0.97,2.57,1.37,0.66,1.75,4.28,2.06,4.28,3.07,Sitting
5,0.04,0.18,0.15,0.21,0.17,0.13,0.07,0.03,0.03,0.02,0.01,0.08,0.07,0.15,0.0,0.21,0.2,0.16,0.07,0.07,0.02,0.13,0.17,0.17,0.16,0.15,0.09,0.12,0.02,0.0,9.75,0.91,1.54,0.07,0.15,1.56,0.13,1.56,9.92,Standing
5,0.14,0.13,0.16,0.15,0.28,0.07,0.05,0.02,0.03,0.01,0.08,0.1,0.11,0.13,0.0,0.17,0.1,0.14,0.04,0.16,0.04,0.1,0.11,0.19,0.15,0.16,0.12,0.1,0.05,0.01,9.74,0.93,1.61,0.11,0.17,1.63,0.17,1.63,9.92,Standing
5,0.17,0.22,0.17,0.15,0.18,0.06,0.03,0.02,0.01,0.0,0.03,0.17,0.14,0.15,0.0,0.17,0.14,0.09,0.05,0.07,0.01,0.09,0.1,0.12,0.14,0.11,0.18,0.18,0.07,0.01,9.72,0.99,1.66,0.1,0.17,1.68,0.23,1.68,9.91,Standing
5,0.03,0.04,0.03,0.05,0.12,0.19,0.2,0.12,0.07,0.15,0.15,0.17,0.12,0.15,0.0,0.09,0.08,0.08,0.06,0.11,0.02,0.03,0.03,0.04,0.03,0.05,0.02,0.13,0.36,0.3,9.68,1.48,1.24,0.21,0.38,1.31,0.44,1.31,9.9,Standing
5,0.12,0.07,0.03,0.06,0.12,0.15,0.13,0.12,0.14,0.09,0.18,0.24,0.1,0.08,0.0,0.09,0.1,0.06,0.03,0.15,0.06,0.03,0.02,0.01,0.02,0.06,0.07,0.16,0.19,0.39,9.67,1.42,1.34,0.18,0.48,1.41,0.28,1.41,9.9,Standing
5,0.15,0.07,0.06,0.05,0.05,0.06,0.16,0.16,0.12,0.15,0.08,0.12,0.05,0.09,0.0,0.06,0.17,0.11,0.11,0.23,0.19,0.19,0.12,0.08,0.16,0.06,0.05,0.1,0.03,0.03,9.78,0.8,1.32,0.15,0.27,1.42,0.25,1.42,9.92,Standing
5,0.06,0.04,0.02,0.0,0.02,0.05,0.09,0.15,0.27,0.32,0.02,0.02,0.05,0.01,0.0,0.13,0.16,0.23,0.13,0.26,0.27,0.07,0.04,0.09,0.15,0.16,0.1,0.06,0.03,0.05,9.82,0.81,1.0,0.11,0.35,1.19,0.36,1.19,9.93,Standing
5,0.01,0.0,0.01,0.03,0.02,0.05,0.03,0.08,0.16,0.06,0.02,0.03,0.02,0.03,0.0,0.03,0.04,0.04,0.09,0.15,0.06,0.08,0.06,0.05,0.06,0.07,0.06,0.02,0.02,0.0,4.32,0.37,0.48,2.42,0.22,1.14,5.51,1.14,4.37,Standing
18,0.15,0.07,0.1,0.0,0.0,0.21,0.0,0.16,0.0,0.33,0.03,0.0,0.0,0.01,0.0,0.0,0.03,0.0,0.2,0.73,0.27,0.17,0.0,0.2,0.0,0.0,0.16,0.0,0.08,0.14,1.9,8.34,5.58,0.07,0.07,5.59,0.1,5.59,10.22,Sitting
18,0.39,0.04,0.07,0.0,0.0,0.08,0.0,0.06,0.0,0.36,0.38,0.0,0.0,0.09,0.0,0.0,0.09,0.0,0.16,0.28,0.16,0.09,0.0,0.13,0.0,0.0,0.11,0.0,0.1,0.41,1.73,8.45,5.48,0.17,0.14,5.49,0.22,5.49,10.23,Sitting
18,0.04,0.09,0.21,0.0,0.0,0.23,0.0,0.19,0.0,0.25,0.1,0.0,0.0,0.41,0.0,0.0,0.32,0.0,0.17,0.02,0.01,0.07,0.0,0.14,0.0,0.0,0.21,0.0,0.28,0.31,1.75,8.42,5.57,0.03,0.05,5.57,0.05,5.57,10.25,Sitting
18,0.04,0.06,0.19,0.0,0.0,0.31,0.0,0.26,0.0,0.14,0.05,0.0,0.0,0.4,0.0,0.0,0.4,0.0,0.16,0.0,0.01,0.05,0.0,0.15,0.0,0.0,0.38,0.0,0.29,0.14,1.75,8.4,5.57,0.02,0.04,5.57,0.03,5.57,10.23,Sitting
18,0.0,0.0,0.01,0.0,0.0,0.22,0.0,0.57,0.0,0.21,0.0,0.0,0.0,0.05,0.0,0.0,0.57,0.0,0.38,0.0,0.0,0.05,0.0,0.34,0.0,0.0,0.39,0.0,0.21,0.03,1.77,8.38,5.6,0.02,0.03,5.6,0.03,5.6,10.23,Sitting
18,0.01,0.06,0.15,0.0,0.0,0.44,0.0,0.3,0.0,0.06,0.07,0.0,0.0,0.43,0.0,0.0,0.44,0.0,0.07,0.0,0.01,0.06,0.0,0.28,0.0,0.0,0.4,0.0,0.19,0.08,1.75,8.39,5.56,0.02,0.03,5.57,0.03,5.57,10.22,Sitting
18,0.0,0.0,0.03,0.0,0.0,0.4,0.0,0.45,0.0,0.12,0.01,0.0,0.0,0.15,0.0,0.0,0.6,0.0,0.25,0.0,0.01,0.02,0.0,0.26,0.0,0.0,0.4,0.0,0.26,0.07,1.77,8.39,5.59,0.02,0.03,5.59,0.03,5.59,10.24,Sitting
18,0.05,0.01,0.02,0.0,0.0,0.06,0.0,0.13,0.0,0.06,0.06,0.0,0.0,0.06,0.0,0.0,0.16,0.0,0.04,0.02,0.01,0.0,0.0,0.05,0.0,0.0,0.13,0.0,0.08,0.06,0.55,2.7,1.78,0.38,1.83,5.57,1.18,5.57,3.28,Sitting
18,0.02,0.04,0.04,0.04,0.03,0.14,0.26,0.14,0.22,0.09,0.06,0.06,0.0,0.04,0.0,0.0,0.15,0.0,0.38,0.33,0.46,0.33,0.14,0.04,0.02,0.01,0.01,0.01,0.0,0.0,9.97,0.49,0.26,0.07,0.13,0.34,0.13,0.34,9.99,Standing
18,0.08,0.04,0.02,0.02,0.02,0.07,0.13,0.09,0.29,0.26,0.09,0.03,0.0,0.05,0.0,0.0,0.19,0.0,0.41,0.23,0.13,0.22,0.22,0.13,0.12,0.06,0.05,0.03,0.02,0.05,9.96,0.72,0.28,0.07,0.18,0.39,0.12,0.39,9.99,Standing
18,0.04,0.1,0.04,0.02,0.02,0.04,0.09,0.07,0.35,0.26,0.06,0.06,0.0,0.18,0.0,0.0,0.37,0.0,0.29,0.05,0.0,0.0,0.01,0.07,0.11,0.05,0.22,0.19,0.26,0.11,9.92,1.0,0.23,0.04,0.12,0.31,0.06,0.31,9.98,Standing
18,0.11,0.19,0.14,0.15,0.08,0.15,0.1,0.04,0.06,0.02,0.07,0.1,0.0,0.2,0.0,0.0,0.24,0.0,0.25,0.16,0.03,0.16,0.17,0.25,0.18,0.05,0.06,0.04,0.03,0.05,9.93,0.77,0.44,0.06,0.13,0.48,0.08,0.48,9.97,Standing
18,0.21,0.11,0.12,0.1,0.05,0.14,0.1,0.04,0.08,0.08,0.13,0.15,0.0,0.17,0.0,0.0,0.21,0.0,0.21,0.15,0.07,0.08,0.07,0.07,0.06,0.01,0.04,0.05,0.14,0.43,9.92,1.03,0.46,0.08,0.3,0.53,0.13,0.53,9.99,Standing
18,0.13,0.15,0.17,0.21,0.07,0.14,0.08,0.04,0.02,0.02,0.05,0.07,0.0,0.29,0.0,0.0,0.35,0.0,0.2,0.06,0.0,0.07,0.06,0.09,0.1,0.08,0.19,0.23,0.18,0.02,9.92,0.91,0.47,0.04,0.13,0.51,0.06,0.51,9.97,Standing
18,0.11,0.1,0.11,0.18,0.09,0.12,0.11,0.04,0.11,0.04,0.06,0.1,0.0,0.24,0.0,0.0,0.4,0.0,0.13,0.07,0.03,0.02,0.02,0.05,0.05,0.03,0.13,0.22,0.24,0.23,9.91,1.03,0.43,0.06,0.16,0.49,0.14,0.49,9.98,Standing
18,0.07,0.06,0.04,0.14,0.1,0.23,0.16,0.08,0.09,0.05,0.03,0.05,0.0,0.17,0.0,0.0,0.46,0.0,0.25,0.06,0.01,0.03,0.04,0.14,0.3,0.15,0.26,0.05,0.02,0.02,9.93,0.86,0.36,0.03,0.09,0.41,0.06,0.41,9.97,Standing
18,0.02,0.01,0.01,0.06,0.03,0.04,0.04,0.01,0.03,0.04,0.06,0.01,0.0,0.05,0.0,0.0,0.1,0.0,0.04,0.01,0.0,0.0,0.01,0.0,0.05,0.04,0.06,0.04,0.01,0.05,2.57,0.31,0.09,1.9,0.23,0.42,7.31,0.42,2.59,Standing
33,0.09,0.08,0.29,0.0,0.3,0.0,0.11,0.08,0.07,0.01,0.01,0.0,0.0,0.0,0.2,0.0,0.0,0.0,0.53,0.25,0.1,0.04,0.05,0.11,0.0,0.1,0.0,0.2,0.23,0.19,9.89,1.44,0.08,0.02,0.08,0.1,0.19,0.1,10.0,Standing
33,0.22,0.15,0.15,0.0,0.19,0.0,0.18,0.06,0.05,0.02,0.03,0.0,0.0,0.0,0.15,0.0,0.0,0.0,0.5,0.29,0.32,0.14,0.17,0.15,0.0,0.05,0.0,0.03,0.04,0.11,9.89,1.35,0.1,0.02,0.09,0.13,0.04,0.13,9.99,Standing
33,0.03,0.11,0.24,0.0,0.24,0.0,0.23,0.1,0.05,0.02,0.05,0.0,0.0,0.0,0.3,0.0,0.0,0.0,0.47,0.18,0.16,0.12,0.12,0.18,0.0,0.13,0.0,0.1,0.04,0.17,9.88,1.4,0.07,0.02,0.08,0.08,0.03,0.08,9.98,Standing
33,0.15,0.18,0.11,0.0,0.16,0.0,0.19,0.11,0.05,0.07,0.06,0.0,0.0,0.0,0.34,0.0,0.0,0.0,0.52,0.08,0.02,0.05,0.16,0.25,0.0,0.23,0.0,0.17,0.09,0.05,9.87,1.41,0.09,0.03,0.05,0.11,0.03,0.11,9.97,Standing
33,0.03,0.05,0.09,0.0,0.12,0.0,0.14,0.26,0.19,0.14,0.06,0.0,0.0,0.0,0.45,0.0,0.0,0.0,0.44,0.06,0.01,0.03,0.09,0.22,0.0,0.23,0.0,0.24,0.15,0.06,9.87,1.43,0.09,0.02,0.05,0.1,0.03,0.1,9.97,Standing
33,0.0,0.0,0.03,0.0,0.09,0.0,0.26,0.21,0.13,0.28,0.18,0.0,0.0,0.0,0.36,0.0,0.0,0.0,0.4,0.05,0.01,0.01,0.04,0.17,0.0,0.23,0.0,0.25,0.14,0.17,9.86,1.45,0.1,0.03,0.05,0.12,0.04,0.12,9.97,Standing
33,0.01,0.0,0.02,0.0,0.01,0.0,0.15,0.15,0.16,0.28,0.19,0.0,0.0,0.0,0.39,0.0,0.0,0.0,0.18,0.0,0.0,0.0,0.01,0.03,0.0,0.08,0.0,0.15,0.08,0.42,7.53,1.17,0.09,1.77,0.27,0.14,2.31,0.14,7.62,Standing
33,0.63,0.0,0.09,0.19,0.05,0.04,0.0,0.0,0.0,0.02,0.0,0.0,0.0,0.0,0.01,0.01,0.02,0.07,0.14,0.73,0.03,0.02,0.0,0.06,0.0,0.0,0.0,0.17,0.0,0.69,2.86,7.9,5.5,0.07,0.08,5.5,0.15,5.5,10.04,Sitting
33,0.3,0.0,0.4,0.3,0.01,0.0,0.0,0.0,0.0,0.0,0.0,0.0,0.0,0.0,0.0,0.0,0.0,0.02,0.21,0.78,0.0,0.0,0.0,0.1,0.0,0.0,0.0,0.3,0.0,0.61,2.83,7.85,5.6,0.02,0.03,5.6,0.04,5.6,10.04,Sitting
33,0.08,0.0,0.44,0.47,0.02,0.0,0.0,0.0,0.0,0.0,0.0,0.0,0.0,0.0,0.0,0.01,0.03,0.04,0.28,0.65,0.01,0.01,0.0,0.11,0.0,0.0,0.0,0.31,0.0,0.57,2.82,7.84,5.61,0.03,0.03,5.62,0.06,5.62,10.05,Sitting
33,0.22,0.0,0.49,0.29,0.0,0.0,0.0,0.0,0.0,0.01,0.0,0.0,0.0,0.0,0.0,0.01,0.0,0.07,0.47,0.46,0.01,0.0,0.0,0.09,0.0,0.0,0.0,0.34,0.0,0.57,2.81,7.84,5.6,0.03,0.03,5.6,0.04,5.6,10.04,Sitting
33,0.18,0.0,0.44,0.35,0.03,0.01,0.0,0.0,0.0,0.0,0.0,0.0,0.0,0.0,0.01,0.02,0.12,0.39,0.32,0.15,0.01,0.04,0.0,0.08,0.0,0.0,0.0,0.27,0.0,0.61,2.76,7.84,5.61,0.05,0.03,5.61,0.07,5.61,10.03,Sitting
33,0.05,0.0,0.17,0.5,0.1,0.13,0.0,0.02,0.0,0.04,0.0,0.0,0.0,0.0,0.01,0.04,0.34,0.52,0.06,0.04,0.03,0.04,0.0,0.12,0.0,0.0,0.0,0.28,0.0,0.54,2.71,7.84,5.67,0.04,0.04,5.67,0.06,5.67,10.05,Sitting
33,0.03,0.0,0.01,0.14,0.31,0.42,0.0,0.06,0.0,0.03,0.0,0.0,0.0,0.0,0.11,0.22,0.62,0.04,0.01,0.01,0.05,0.13,0.0,0.27,0.0,0.0,0.0,0.39,0.0,0.17,2.64,7.8,5.73,0.04,0.04,5.74,0.06,5.74,10.03,Sitting
33,0.0,0.0,0.0,0.02,0.32,0.65,0.0,0.01,0.0,0.01,0.0,0.0,0.0,0.0,0.25,0.54,0.21,0.01,0.0,0.0,0.0,0.03,0.0,0.36,0.0,0.0,0.0,0.4,0.0,0.22,2.6,7.81,5.74,0.02,0.03,5.75,0.04,5.75,10.04,Sitting
33,0.01,0.0,0.01,0.05,0.17,0.5,0.0,0.14,0.0,0.13,0.01,0.0,0.0,0.0,0.49,0.29,0.18,0.02,0.02,0.01,0.04,0.2,0.0,0.29,0.0,0.0,0.0,0.28,0.0,0.18,2.59,7.8,5.77,0.04,0.04,5.78,0.06,5.78,10.04,Sitting
33,0.0,0.0,0.0,0.02,0.04,0.32,0.0,0.36,0.0,0.28,0.02,0.12,0.0,0.34,0.44,0.05,0.04,0.01,0.0,0.0,0.06,0.23,0.0,0.39,0.0,0.0,0.0,0.25,0.0,0.08,2.49,7.78,5.82,0.05,0.03,5.83,0.07,5.83,10.03,Sitting
33,0.0,0.0,0.0,0.0,0.0,0.13,0.0,0.58,0.0,0.3,0.02,0.23,0.0,0.48,0.28,0.0,0.0,0.0,0.0,0.0,0.01,0.12,0.0,0.44,0.0,0.0,0.0,0.37,0.0,0.07,2.45,7.79,5.83,0.02,0.03,5.84,0.04,5.84,10.04,Sitting
33,0.0,0.0,0.0,0.0,0.0,0.03,0.0,0.4,0.0,0.58,0.05,0.5,0.0,0.42,0.04,0.0,0.0,0.0,0.0,0.0,0.03,0.14,0.0,0.51,0.0,0.0,0.0,0.28,0.0,0.06,2.43,7.79,5.85,0.02,0.03,5.85,0.03,5.85,10.04,Sitting
33,0.0,0.0,0.0,0.0,0.0,0.05,0.0,0.28,0.0,0.68,0.02,0.3,0.0,0.62,0.07,0.0,0.0,0.0,0.0,0.0,0.01,0.14,0.0,0.39,0.0,0.0,0.0,0.4,0.0,0.07,2.44,7.79,5.85,0.02,0.03,5.86,0.03,5.86,10.05,Sitting
33,0.0,0.0,0.0,0.0,0.0,0.03,0.0,0.21,0.0,0.77,0.05,0.27,0.0,0.55,0.14,0.0,0.0,0.0,0.0,0.0,0.01,0.13,0.0,0.39,0.0,0.0,0.0,0.34,0.0,0.14,2.44,7.8,5.86,0.03,0.03,5.87,0.04,5.87,10.06,Sitting
33,0.0,0.0,0.0,0.0,0.0,0.01,0.0,0.29,0.0,0.71,0.05,0.51,0.0,0.42,0.03,0.0,0.0,0.0,0.0,0.0,0.05,0.17,0.0,0.43,0.0,0.0,0.0,0.31,0.0,0.06,2.43,7.79,5.86,0.02,0.03,5.86,0.03,5.86,10.04,Sitting
33,0.0,0.0,0.0,0.0,0.0,0.01,0.0,0.22,0.0,0.77,0.06,0.53,0.0,0.4,0.02,0.0,0.0,0.0,0.0,0.0,0.03,0.13,0.0,0.45,0.0,0.0,0.0,0.35,0.0,0.06,2.43,7.79,5.86,0.02,0.03,5.86,0.03,5.86,10.05,Sitting
33,0.0,0.0,0.0,0.0,0.01,0.01,0.0,0.04,0.0,0.15,0.06,0.11,0.0,0.06,0.03,0.0,0.0,0.0,0.0,0.0,0.03,0.12,0.0,0.07,0.0,0.0,0.0,0.02,0.0,0.01,0.58,1.86,1.42,0.44,1.41,5.91,1.83,5.91,2.41,Sitting
29,0.01,0.02,0.03,0.0,0.06,0.0,0.0,0.07,0.04,0.0,0.02,0.03,0.0,0.0,0.0,0.09,0.0,0.0,0.1,0.0,0.03,0.0,0.04,0.0,0.0,0.08,0.0,0.0,0.08,0.0,0.62,1.73,2.02,0.45,1.26,7.5,1.66,7.5,2.73,Sitting
32,0.82,0.18,0.0,0.0,0.0,0.0,0.0,0.0,0.0,0.0,0.0,0.0,0.0,0.0,0.0,0.0,0.0,0.0,0.4,0.6,0.0,0.0,0.0,0.0,0.0,0.0,0.0,0.0,0.12,0.83,-1.96,4.59,7.72,0.03,0.04,7.72,0.1,7.72,9.19,Sitting
32,0.53,0.47,0.01,0.0,0.0,0.0,0.0,0.0,0.0,0.0,0.0,0.0,0.0,0.0,0.0,0.0,0.0,0.0,0.21,0.79,0.0,0.0,0.0,0.0,0.0,0.0,0.0,0.0,0.14,0.86,-1.95,4.58,7.76,0.02,0.03,7.76,0.04,7.76,9.22,Sitting
32,0.15,0.44,0.19,0.0,0.0,0.07,0.0,0.06,0.0,0.07,0.25,0.0,0.17,0.0,0.0,0.0,0.11,0.04,0.24,0.15,0.44,0.17,0.04,0.03,0.0,0.03,0.0,0.01,0.08,0.19,-2.3,4.11,7.99,0.21,0.27,8.0,0.27,8.0,9.29,Sitting
32,0.0,0.05,0.36,0.0,0.0,0.2,0.0,0.25,0.0,0.15,0.01,0.0,0.13,0.0,0.0,0.0,0.26,0.36,0.24,0.0,0.85,0.15,0.0,0.0,0.0,0.0,0.0,0.0,0.0,0.0,-2.35,3.92,8.16,0.03,0.04,8.16,0.06,8.16,9.35,Sitting
32,0.0,0.04,0.36,0.0,0.0,0.37,0.0,0.16,0.0,0.08,0.05,0.0,0.1,0.0,0.0,0.0,0.34,0.25,0.26,0.0,0.15,0.61,0.16,0.07,0.0,0.02,0.0,0.01,0.0,0.0,-2.35,4.01,8.15,0.05,0.04,8.15,0.07,8.15,9.38,Sitting
32,0.0,0.0,0.19,0.0,0.0,0.49,0.0,0.29,0.0,0.04,0.02,0.0,0.19,0.0,0.0,0.0,0.48,0.3,0.02,0.0,0.01,0.36,0.35,0.27,0.0,0.03,0.0,0.01,0.0,0.0,-2.37,4.06,8.17,0.02,0.03,8.17,0.03,8.17,9.42,Sitting
32,0.0,0.0,0.1,0.0,0.0,0.45,0.0,0.39,0.0,0.08,0.0,0.0,0.14,0.0,0.0,0.0,0.65,0.21,0.01,0.0,0.0,0.05,0.35,0.47,0.0,0.13,0.0,0.01,0.0,0.0,-2.37,4.09,8.18,0.01,0.03,8.18,0.02,8.18,9.44,Sitting
32,0.0,0.07,0.08,0.0,0.0,0.12,0.0,0.37,0.0,0.36,0.15,0.0,0.08,0.0,0.0,0.0,0.37,0.34,0.08,0.0,0.0,0.1,0.3,0.37,0.0,0.1,0.0,0.07,0.08,0.0,-2.4,4.1,8.19,0.08,0.04,8.19,0.13,8.19,9.47,Sitting
32,0.0,0.05,0.22,0.0,0.0,0.44,0.0,0.23,0.0,0.07,0.13,0.0,0.35,0.0,0.0,0.0,0.43,0.09,0.02,0.0,0.0,0.0,0.0,0.05,0.0,0.27,0.0,0.47,0.22,0.0,-2.41,4.17,8.16,0.05,0.02,8.16,0.09,8.16,9.47,Sitting
32,0.0,0.0,0.11,0.0,0.0,0.28,0.0,0.36,0.0,0.26,0.01,0.0,0.22,0.0,0.0,0.0,0.6,0.17,0.01,0.0,0.0,0.0,0.03,0.14,0.0,0.35,0.0,0.35,0.14,0.0,-2.37,4.16,8.19,0.02,0.03,8.2,0.03,8.2,9.49,Sitting
32,0.0,0.0,0.01,0.0,0.0,0.08,0.0,0.3,0.0,0.62,0.01,0.0,0.22,0.0,0.0,0.0,0.58,0.2,0.0,0.0,0.0,0.0,0.03,0.19,0.0,0.43,0.0,0.3,0.07,0.0,-2.37,4.15,8.23,0.02,0.03,8.23,0.03,8.23,9.52,Sitting
32,0.0,0.0,0.03,0.0,0.0,0.42,0.0,0.47,0.0,0.09,0.05,0.0,0.49,0.0,0.0,0.0,0.45,0.03,0.0,0.0,0.0,0.0,0.0,0.0,0.0,0.18,0.0,0.43,0.39,0.0,-2.39,4.18,8.18,0.02,0.02,8.19,0.03,8.19,9.5,Sitting
32,0.0,0.0,0.0,0.0,0.0,0.1,0.0,0.23,0.0,0.68,0.03,0.0,0.25,0.0,0.0,0.0,0.6,0.13,0.0,0.0,0.0,0.0,0.0,0.05,0.0,0.23,0.0,0.46,0.27,0.0,-2.38,4.18,8.24,0.02,0.02,8.24,0.03,8.24,9.54,Sitting
32,0.0,0.01,0.04,0.0,0.0,0.32,0.0,0.43,0.0,0.22,0.06,0.0,0.57,0.0,0.0,0.0,0.37,0.01,0.0,0.0,0.0,0.0,0.0,0.0,0.0,0.07,0.0,0.31,0.63,0.0,-2.4,4.2,8.19,0.02,0.02,8.19,0.03,8.19,9.51,Sitting
32,0.0,0.01,0.01,0.0,0.0,0.06,0.0,0.22,0.0,0.71,0.08,0.0,0.33,0.0,0.0,0.0,0.34,0.16,0.11,0.0,0.0,0.0,0.0,0.04,0.0,0.23,0.0,0.41,0.33,0.0,-2.38,4.18,8.24,0.03,0.03,8.25,0.05,8.25,9.54,Sitting
32,0.0,0.01,0.01,0.0,0.0,0.0,0.0,0.03,0.0,0.26,0.03,0.0,0.0,0.0,0.0,0.0,0.06,0.16,0.06,0.0,0.01,0.01,0.0,0.02,0.0,0.04,0.0,0.11,0.12,0.0,-0.7,1.23,2.44,0.49,0.87,8.28,1.67,8.28,2.82,Sitting
32,0.31,0.19,0.07,0.0,0.07,0.05,0.05,0.07,0.07,0.14,0.14,0.13,0.0,0.0,0.0,0.17,0.0,0.0,0.29,0.28,0.43,0.19,0.01,0.01,0.03,0.04,0.03,0.05,0.06,0.18,9.79,0.55,1.53,0.06,0.28,1.57,0.12,1.57,9.93,Standing
32,0.01,0.06,0.05,0.0,0.07,0.03,0.09,0.09,0.1,0.49,0.22,0.17,0.0,0.0,0.0,0.21,0.0,0.0,0.2,0.22,0.01,0.25,0.06,0.04,0.04,0.04,0.02,0.03,0.04,0.49,9.77,0.9,1.22,0.06,0.31,1.24,0.09,1.24,9.9,Standing
32,0.0,0.05,0.08,0.0,0.17,0.15,0.24,0.18,0.1,0.05,0.04,0.11,0.0,0.0,0.0,0.36,0.0,0.0,0.37,0.13,0.0,0.02,0.09,0.1,0.09,0.2,0.17,0.2,0.13,0.02,9.79,0.74,1.4,0.04,0.09,1.41,0.05,1.41,9.92,Standing
32,0.06,0.08,0.04,0.0,0.07,0.13,0.25,0.26,0.11,0.02,0.01,0.11,0.0,0.0,0.0,0.38,0.0,0.0,0.33,0.17,0.09,0.07,0.01,0.03,0.04,0.19,0.15,0.25,0.15,0.05,9.79,0.72,1.42,0.03,0.13,1.43,0.05,1.43,9.92,Standing
32,0.03,0.07,0.12,0.0,0.11,0.1,0.24,0.16,0.1,0.08,0.05,0.08,0.0,0.0,0.0,0.36,0.0,0.0,0.34,0.19,0.01,0.1,0.12,0.1,0.15,0.21,0.06,0.13,0.09,0.06,9.79,0.71,1.4,0.04,0.11,1.41,0.05,1.41,9.92,Standing
32,0.02,0.14,0.2,0.0,0.28,0.23,0.11,0.02,0.02,0.01,0.03,0.12,0.0,0.0,0.0,0.42,0.0,0.0,0.35,0.08,0.02,0.08,0.04,0.11,0.19,0.38,0.13,0.06,0.02,0.0,9.78,0.68,1.49,0.03,0.07,1.5,0.05,1.5,9.92,Standing
32,0.16,0.19,0.17,0.0,0.14,0.09,0.06,0.07,0.06,0.08,0.03,0.08,0.0,0.0,0.0,0.41,0.0,0.0,0.31,0.17,0.1,0.16,0.09,0.15,0.12,0.14,0.03,0.12,0.07,0.06,9.79,0.65,1.49,0.04,0.14,1.51,0.05,1.51,9.93,Standing
32,0.09,0.16,0.07,0.0,0.11,0.04,0.21,0.13,0.16,0.05,0.08,0.11,0.0,0.0,0.0,0.3,0.0,0.0,0.36,0.15,0.01,0.12,0.07,0.1,0.12,0.16,0.07,0.12,0.12,0.11,9.79,0.73,1.43,0.05,0.14,1.44,0.07,1.44,9.92,Standing
32,0.04,0.04,0.01,0.0,0.02,0.04,0.04,0.06,0.03,0.05,0.08,0.01,0.0,0.0,0.0,0.08,0.0,0.0,0.05,0.1,0.01,0.05,0.01,0.02,0.02,0.04,0.03,0.04,0.02,0.09,3.03,0.24,0.43,2.09,0.17,1.42,6.75,1.42,3.07,Standing
29,0.01,0.04,0.15,0.0,0.39,0.0,0.24,0.0,0.16,0.02,0.0,0.0,0.04,0.06,0.18,0.0,0.33,0.0,0.0,0.4,0.04,0.12,0.0,0.27,0.0,0.36,0.0,0.16,0.05,0.02,2.27,6.43,7.48,0.04,0.04,7.49,0.18,7.49,10.12,Sitting
29,0.06,0.17,0.28,0.0,0.37,0.0,0.1,0.0,0.03,0.0,0.0,0.0,0.0,0.02,0.1,0.0,0.34,0.0,0.0,0.55,0.01,0.03,0.0,0.31,0.0,0.26,0.0,0.32,0.07,0.02,2.28,6.44,7.44,0.03,0.03,7.45,0.05,7.45,10.11,Sitting
29,0.09,0.13,0.21,0.0,0.24,0.0,0.16,0.0,0.14,0.05,0.0,0.0,0.09,0.11,0.2,0.0,0.28,0.0,0.0,0.33,0.04,0.08,0.0,0.3,0.0,0.33,0.0,0.16,0.05,0.05,2.25,6.43,7.47,0.05,0.04,7.47,0.07,7.47,10.11,Sitting
29,0.35,0.35,0.15,0.0,0.08,0.0,0.05,0.0,0.03,0.01,0.0,0.0,0.17,0.34,0.34,0.0,0.12,0.0,0.0,0.04,0.01,0.0,0.0,0.0,0.0,0.02,0.0,0.06,0.13,0.79,2.2,6.57,7.4,0.04,0.04,7.4,0.06,7.4,10.13,Sitting
29,0.02,0.02,0.17,0.0,0.32,0.0,0.36,0.0,0.11,0.02,0.0,0.0,0.03,0.04,0.13,0.0,0.31,0.0,0.0,0.5,0.01,0.02,0.0,0.02,0.0,0.09,0.0,0.31,0.36,0.2,2.28,6.5,7.48,0.04,0.04,7.48,0.06,7.48,10.17,Sitting
29,0.02,0.03,0.2,0.0,0.41,0.0,0.26,0.0,0.08,0.01,0.0,0.0,0.02,0.02,0.07,0.0,0.3,0.0,0.0,0.6,0.01,0.01,0.0,0.02,0.0,0.15,0.0,0.31,0.34,0.18,2.29,6.49,7.47,0.03,0.03,7.47,0.05,7.47,10.16,Sitting
29,0.02,0.03,0.07,0.0,0.28,0.0,0.32,0.0,0.27,0.04,0.0,0.0,0.04,0.14,0.22,0.0,0.28,0.0,0.0,0.34,0.01,0.03,0.0,0.11,0.0,0.31,0.0,0.35,0.18,0.03,2.25,6.46,7.5,0.04,0.03,7.5,0.05,7.5,10.15,Sitting
29,0.01,0.0,0.06,0.0,0.14,0.0,0.46,0.0,0.34,0.01,0.0,0.0,0.01,0.02,0.13,0.0,0.45,0.0,0.0,0.4,0.05,0.18,0.0,0.39,0.0,0.27,0.0,0.12,0.01,0.0,2.27,6.41,7.51,0.03,0.03,7.51,0.04,7.51,10.13,Sitting
29,0.18,0.02,0.08,0.0,0.15,0.0,0.17,0.0,0.17,0.21,0.32,0.04,0.08,0.05,0.09,0.0,0.18,0.0,0.0,0.26,0.25,0.11,0.0,0.13,0.0,0.15,0.0,0.05,0.02,0.28,2.01,6.45,7.51,0.32,0.2,7.52,0.36,7.52,10.12,Sitting
29,0.01,0.01,0.04,0.0,0.1,0.0,0.2,0.0,0.55,0.12,0.39,0.59,0.03,0.0,0.0,0.0,0.0,0.0,0.0,0.0,0.02,0.03,0.0,0.08,0.0,0.19,0.0,0.31,0.17,0.22,1.78,6.48,7.55,0.06,0.05,7.55,0.09,7.55,10.11,Sitting
29,0.04,0.02,0.04,0.0,0.06,0.0,0.04,0.0,0.3,0.52,0.27,0.46,0.27,0.0,0.0,0.0,0.0,0.0,0.0,0.0,0.17,0.22,0.0,0.22,0.0,0.15,0.0,0.05,0.07,0.14,1.83,6.42,7.6,0.08,0.07,7.6,0.11,7.6,10.11,Sitting
29,0.0,0.0,0.0,0.0,0.0,0.0,0.01,0.0,0.15,0.17,0.0,0.11,0.22,0.0,0.0,0.0,0.0,0.0,0.0,0.0,0.1,0.15,0.0,0.06,0.0,0.02,0.0,0.0,0.0,0.0,0.63,2.07,2.47,0.42,1.39,7.62,1.3,7.62,3.28,Sitting
29,0.12,0.02,0.0,0.04,0.0,0.09,0.09,0.23,0.29,0.13,0.09,0.03,0.0,0.0,0.12,0.0,0.0,0.0,0.35,0.41,0.08,0.04,0.04,0.04,0.08,0.06,0.08,0.09,0.23,0.27,9.66,-0.98,1.92,0.05,0.15,1.95,0.11,1.95,9.9,Standing
29,0.02,0.03,0.0,0.07,0.0,0.19,0.24,0.22,0.21,0.05,0.01,0.05,0.0,0.0,0.28,0.0,0.0,0.0,0.43,0.24,0.0,0.04,0.05,0.1,0.14,0.16,0.15,0.11,0.19,0.08,9.65,-1.0,1.94,0.03,0.08,1.94,0.04,1.94,9.9,Standing
29,0.03,0.13,0.0,0.3,0.0,0.28,0.14,0.08,0.05,0.0,0.0,0.08,0.0,0.0,0.42,0.0,0.0,0.0,0.45,0.06,0.0,0.0,0.01,0.07,0.14,0.24,0.29,0.14,0.11,0.02,9.64,-1.01,2.0,0.03,0.05,2.0,0.03,2.0,9.9,Standing
29,0.05,0.19,0.0,0.25,0.0,0.32,0.11,0.07,0.03,0.0,0.0,0.1,0.0,0.0,0.37,0.0,0.0,0.0,0.39,0.15,0.0,0.01,0.02,0.07,0.11,0.14,0.26,0.13,0.15,0.13,9.64,-0.98,2.01,0.03,0.07,2.01,0.04,2.01,9.9,Standing
29,0.08,0.2,0.0,0.19,0.0,0.21,0.19,0.07,0.07,0.0,0.02,0.13,0.0,0.0,0.33,0.0,0.0,0.0,0.38,0.15,0.0,0.11,0.08,0.11,0.08,0.1,0.1,0.13,0.18,0.14,9.64,-1.0,2.0,0.03,0.11,2.01,0.04,2.01,9.9,Standing
29,0.07,0.15,0.0,0.28,0.0,0.27,0.12,0.07,0.04,0.01,0.05,0.21,0.0,0.0,0.42,0.0,0.0,0.0,0.29,0.05,0.02,0.22,0.08,0.1,0.14,0.1,0.12,0.1,0.1,0.05,9.62,-1.07,2.01,0.03,0.1,2.01,0.04,2.01,9.89,Standing
29,0.05,0.02,0.0,0.08,0.0,0.17,0.18,0.07,0.14,0.3,0.06,0.15,0.0,0.0,0.28,0.0,0.0,0.0,0.25,0.27,0.08,0.27,0.1,0.1,0.1,0.12,0.1,0.06,0.05,0.05,9.65,-1.11,1.87,0.05,0.13,1.88,0.07,1.88,9.89,Standing
29,0.24,0.06,0.0,0.08,0.0,0.07,0.07,0.05,0.08,0.37,0.47,0.12,0.0,0.0,0.08,0.0,0.0,0.0,0.08,0.24,0.57,0.16,0.03,0.03,0.03,0.01,0.03,0.02,0.03,0.09,9.58,-1.37,1.89,0.11,0.31,1.91,0.14,1.91,9.88,Standing
29,0.01,0.0,0.0,0.0,0.0,0.0,0.0,0.0,0.0,0.01,0.01,0.0,0.0,0.0,0.0,0.0,0.0,0.0,0.01,0.0,0.01,0.0,0.0,0.0,0.0,0.0,0.0,0.0,0.0,0.01,0.14,-0.01,0.03,0.14,0.01,1.97,9.34,1.97,0.15,Standing
13,0.01,0.0,0.01,0.15,0.41,0.27,0.04,0.03,0.04,0.06,0.0,0.0,0.0,0.04,0.07,0.05,0.12,0.38,0.19,0.16,0.02,0.05,0.06,0.07,0.17,0.5,0.14,0.0,0.0,0.0,5.42,6.44,5.57,0.07,0.08,5.58,0.25,5.58,10.1,Sitting
13,0.01,0.0,0.0,0.01,0.01,0.06,0.15,0.09,0.3,0.36,0.02,0.0,0.0,0.04,0.18,0.13,0.15,0.14,0.19,0.15,0.19,0.3,0.27,0.11,0.11,0.03,0.01,0.0,0.0,0.0,5.4,6.22,5.9,0.12,0.11,5.91,0.21,5.91,10.14,Sitting
13,0.0,0.0,0.01,0.0,0.01,0.12,0.17,0.24,0.35,0.11,0.02,0.0,0.0,0.03,0.14,0.21,0.09,0.08,0.3,0.15,0.05,0.31,0.21,0.25,0.11,0.05,0.02,0.01,0.0,0.0,5.39,6.28,5.83,0.1,0.1,5.83,0.14,5.83,10.13,Sitting
13,0.08,0.0,0.13,0.26,0.15,0.17,0.1,0.02,0.03,0.07,0.07,0.0,0.06,0.32,0.18,0.08,0.08,0.06,0.04,0.11,0.03,0.06,0.07,0.1,0.05,0.04,0.37,0.21,0.06,0.04,5.23,6.65,5.52,0.19,0.25,5.53,0.24,5.53,10.11,Sitting
13,0.21,0.0,0.76,0.04,0.0,0.0,0.0,0.0,0.0,0.0,0.09,0.0,0.5,0.41,0.0,0.0,0.0,0.0,0.0,0.0,0.0,0.0,0.0,0.0,0.0,0.0,0.0,0.18,0.31,0.5,4.99,7.11,5.24,0.02,0.04,5.25,0.06,5.25,10.15,Sitting
13,0.14,0.0,0.36,0.07,0.05,0.07,0.05,0.03,0.01,0.12,0.21,0.0,0.25,0.25,0.05,0.01,0.03,0.01,0.03,0.07,0.12,0.05,0.01,0.01,0.03,0.03,0.12,0.07,0.06,0.38,4.56,6.09,4.92,0.48,0.67,5.51,0.59,5.51,9.08,Sitting
13,0.29,0.05,0.02,0.04,0.02,0.0,0.15,0.17,0.12,0.16,0.25,0.06,0.0,0.05,0.01,0.0,0.1,0.13,0.2,0.21,0.07,0.02,0.02,0.02,0.02,0.04,0.13,0.06,0.22,0.42,8.45,0.24,4.96,0.28,0.44,4.99,0.42,4.99,9.83,Standing
13,0.04,0.02,0.01,0.01,0.01,0.0,0.02,0.16,0.27,0.49,0.04,0.02,0.0,0.03,0.04,0.0,0.05,0.17,0.35,0.33,0.25,0.3,0.21,0.06,0.04,0.04,0.05,0.03,0.02,0.03,8.6,-0.34,4.64,0.11,0.14,4.65,0.16,4.65,9.79,Standing
13,0.09,0.16,0.05,0.09,0.06,0.0,0.1,0.27,0.12,0.08,0.06,0.06,0.0,0.1,0.13,0.0,0.14,0.38,0.1,0.05,0.22,0.15,0.13,0.02,0.02,0.03,0.08,0.05,0.25,0.07,8.49,-0.2,4.88,0.1,0.25,4.89,0.19,4.89,9.8,Standing
13,0.03,0.12,0.03,0.06,0.14,0.0,0.3,0.16,0.09,0.1,0.06,0.05,0.0,0.11,0.12,0.0,0.19,0.27,0.12,0.1,0.03,0.03,0.06,0.07,0.1,0.06,0.21,0.14,0.28,0.05,8.49,-0.1,4.88,0.11,0.14,4.88,0.17,4.88,9.8,Standing
13,0.06,0.27,0.19,0.14,0.19,0.0,0.12,0.03,0.02,0.01,0.08,0.27,0.0,0.23,0.25,0.0,0.12,0.04,0.02,0.01,0.01,0.01,0.07,0.11,0.18,0.15,0.34,0.08,0.08,0.0,8.39,-0.17,5.0,0.06,0.08,5.0,0.09,5.0,9.77,Standing
13,0.01,0.08,0.2,0.34,0.25,0.0,0.14,0.01,0.0,0.0,0.02,0.16,0.0,0.34,0.35,0.0,0.09,0.05,0.01,0.0,0.01,0.02,0.07,0.14,0.17,0.19,0.31,0.08,0.04,0.0,8.41,-0.19,4.97,0.04,0.06,4.98,0.06,4.98,9.77,Standing
13,0.12,0.07,0.03,0.06,0.23,0.0,0.34,0.14,0.03,0.01,0.12,0.03,0.0,0.14,0.27,0.0,0.23,0.11,0.11,0.01,0.01,0.03,0.17,0.16,0.1,0.13,0.15,0.05,0.07,0.15,8.43,-0.04,4.96,0.08,0.31,4.97,0.14,4.97,9.79,Standing
13,0.15,0.07,0.05,0.05,0.14,0.0,0.22,0.13,0.08,0.11,0.16,0.07,0.0,0.08,0.22,0.0,0.1,0.14,0.1,0.1,0.09,0.05,0.1,0.14,0.13,0.07,0.11,0.05,0.12,0.11,8.39,-0.05,4.84,0.2,0.35,4.91,0.35,4.91,9.71,Standing
20,0.0,0.0,0.0,0.0,0.0,0.0,0.0,0.0,0.0,1.0,0.0,0.0,0.0,0.0,0.0,0.0,0.0,0.01,0.5,0.49,0.16,0.08,0.09,0.2,0.47,0.01,0.0,0.01,0.0,0.0,5.12,8.54,0.8,0.34,0.25,0.92,0.42,0.92,10.01,Sitting
20,0.0,0.0,0.0,0.0,0.0,0.01,0.01,0.2,0.62,0.18,0.03,0.02,0.04,0.11,0.04,0.16,0.26,0.09,0.27,0.02,0.0,0.0,0.0,0.01,0.21,0.13,0.24,0.22,0.09,0.12,4.05,9.2,0.28,0.4,0.19,0.35,0.5,0.35,10.07,Sitting
20,0.0,0.0,0.0,0.0,0.02,0.01,0.0,0.12,0.07,0.8,0.0,0.0,0.0,0.0,0.0,0.02,0.03,0.04,0.45,0.47,0.01,0.07,0.28,0.21,0.29,0.11,0.02,0.01,0.01,0.03,4.97,8.64,0.64,0.36,0.25,0.76,0.45,0.76,10.01,Sitting
20,0.0,0.0,0.0,0.0,0.0,0.0,0.0,0.0,0.03,0.98,0.0,0.0,0.0,0.0,0.0,0.0,0.0,0.0,0.4,0.6,0.05,0.06,0.14,0.4,0.37,0.0,0.0,0.0,0.0,0.0,5.1,8.57,0.33,0.23,0.16,0.47,0.28,0.47,9.99,Sitting
20,0.0,0.0,0.0,0.0,0.01,0.01,0.01,0.03,0.56,0.39,0.0,0.0,0.01,0.03,0.01,0.01,0.31,0.24,0.07,0.35,0.06,0.19,0.07,0.04,0.03,0.07,0.32,0.18,0.01,0.05,4.59,8.89,0.46,0.68,0.47,0.61,0.74,0.61,10.06,Sitting
20,0.0,0.0,0.0,0.0,0.0,0.0,0.0,0.04,0.46,0.51,0.0,0.0,0.0,0.0,0.0,0.17,0.2,0.38,0.13,0.13,0.0,0.0,0.0,0.2,0.05,0.2,0.2,0.15,0.15,0.06,4.24,9.11,0.35,0.35,0.23,0.48,0.43,0.48,10.08,Sitting
20,0.0,0.0,0.0,0.0,0.0,0.0,0.0,0.28,0.26,0.47,0.0,0.0,0.02,0.24,0.1,0.07,0.1,0.02,0.46,0.01,0.0,0.0,0.0,0.05,0.41,0.02,0.05,0.08,0.05,0.35,4.19,9.12,0.4,0.52,0.32,0.43,0.55,0.43,10.07,Sitting
20,0.0,0.0,0.0,0.0,0.0,0.0,0.0,0.01,0.02,0.97,0.0,0.0,0.0,0.0,0.0,0.01,0.02,0.02,0.51,0.46,0.0,0.01,0.02,0.27,0.61,0.08,0.01,0.01,0.01,0.01,4.89,8.74,0.44,0.16,0.11,0.49,0.25,0.49,10.04,Sitting
20,0.0,0.0,0.0,0.0,0.0,0.0,0.0,0.0,0.24,0.77,0.0,0.0,0.0,0.0,0.0,0.0,0.0,0.41,0.59,0.0,0.0,0.0,0.0,0.0,0.04,0.84,0.13,0.0,0.0,0.0,4.36,9.08,0.09,0.07,0.06,0.11,0.1,0.11,10.07,Sitting
20,0.0,0.0,0.0,0.0,0.0,0.0,0.0,0.01,0.91,0.08,0.0,0.0,0.0,0.0,0.0,0.0,0.01,0.85,0.15,0.0,0.0,0.0,0.0,0.0,0.0,0.58,0.34,0.08,0.01,0.0,4.28,9.17,0.09,0.06,0.06,0.12,0.08,0.12,10.12,Sitting
20,0.0,0.0,0.0,0.0,0.0,0.0,0.0,0.03,0.91,0.07,0.0,0.0,0.0,0.0,0.0,0.0,0.01,0.87,0.13,0.0,0.0,0.0,0.0,0.0,0.0,0.24,0.69,0.08,0.0,0.0,4.24,9.21,0.14,0.06,0.06,0.16,0.08,0.16,10.14,Sitting
20,0.0,0.0,0.0,0.0,0.0,0.0,0.01,0.08,0.88,0.04,0.0,0.02,0.01,0.03,0.01,0.02,0.05,0.87,0.01,0.0,0.0,0.0,0.0,0.0,0.01,0.19,0.62,0.08,0.01,0.1,4.16,9.25,0.14,0.11,0.07,0.21,0.2,0.21,10.14,Sitting
20,0.0,0.0,0.0,0.01,0.15,0.67,0.02,0.08,0.07,0.02,0.02,0.01,0.1,0.71,0.03,0.07,0.05,0.02,0.01,0.0,0.0,0.0,0.0,0.0,0.01,0.01,0.02,0.03,0.06,0.89,3.56,9.46,1.19,0.11,0.05,1.25,0.2,1.25,10.18,Sitting
20,0.01,0.01,0.04,0.15,0.12,0.23,0.02,0.03,0.05,0.36,0.03,0.02,0.02,0.17,0.02,0.0,0.01,0.01,0.01,0.73,0.71,0.01,0.0,0.01,0.0,0.03,0.0,0.01,0.01,0.24,7.74,4.4,1.47,2.42,3.19,1.77,2.8,1.77,10.16,Sitting
20,0.01,0.0,0.01,0.06,0.21,0.23,0.15,0.18,0.06,0.11,0.0,0.0,0.0,0.0,0.0,0.0,0.0,0.0,0.0,1.0,1.0,0.0,0.0,0.0,0.0,0.0,0.0,0.0,0.0,0.0,9.81,1.27,1.16,0.27,0.74,1.43,0.72,1.43,10.04,Sitting
20,0.02,0.01,0.02,0.25,0.24,0.13,0.06,0.13,0.06,0.1,0.0,0.01,0.0,0.0,0.0,0.0,0.0,0.0,0.0,0.99,1.0,0.01,0.0,0.0,0.0,0.0,0.0,0.0,0.0,0.0,9.68,1.54,1.68,0.86,1.32,2.01,1.42,2.01,10.14,Sitting
20,0.0,0.01,0.04,0.02,0.02,0.02,0.01,0.06,0.43,0.41,0.02,0.01,0.02,0.14,0.05,0.1,0.18,0.12,0.22,0.16,0.14,0.01,0.0,0.0,0.2,0.14,0.06,0.1,0.07,0.3,4.77,8.29,0.7,1.3,1.64,1.19,2.0,1.19,10.11,Sitting
20,0.0,0.0,0.0,0.0,0.0,0.0,0.0,0.04,0.63,0.34,0.0,0.0,0.0,0.12,0.1,0.12,0.29,0.19,0.2,0.0,0.0,0.0,0.0,0.02,0.16,0.14,0.24,0.15,0.11,0.2,4.05,9.2,0.27,0.28,0.19,0.38,0.37,0.38,10.07,Sitting
20,0.0,0.0,0.0,0.01,0.03,0.25,0.44,0.1,0.1,0.09,0.05,0.02,0.02,0.08,0.13,0.53,0.15,0.04,0.01,0.0,0.0,0.0,0.0,0.02,0.02,0.01,0.09,0.42,0.19,0.26,3.71,9.39,0.87,0.2,0.13,0.93,0.43,0.93,10.15,Sitting
20,0.0,0.0,0.0,0.0,0.0,0.41,0.59,0.0,0.0,0.0,0.0,0.0,0.0,0.02,0.16,0.38,0.44,0.01,0.0,0.0,0.0,0.0,0.0,0.0,0.0,0.0,0.1,0.57,0.15,0.18,3.82,9.35,0.96,0.06,0.05,0.96,0.09,0.96,10.14,Sitting
20,0.0,0.0,0.0,0.0,0.0,0.27,0.73,0.01,0.0,0.0,0.0,0.0,0.0,0.06,0.44,0.5,0.01,0.0,0.0,0.0,0.0,0.0,0.0,0.0,0.0,0.0,0.01,0.45,0.41,0.14,3.74,9.37,0.94,0.04,0.03,0.95,0.06,0.95,10.13,Sitting
20,0.0,0.0,0.0,0.0,0.0,0.36,0.63,0.01,0.0,0.0,0.0,0.0,0.01,0.02,0.26,0.69,0.04,0.0,0.0,0.0,0.0,0.0,0.0,0.0,0.0,0.01,0.08,0.51,0.32,0.1,3.76,9.35,0.96,0.03,0.04,0.96,0.05,0.96,10.12,Sitting
20,0.0,0.0,0.0,0.0,0.0,0.04,0.51,0.46,0.0,0.0,0.0,0.0,0.0,0.07,0.55,0.38,0.01,0.0,0.0,0.0,0.0,0.0,0.0,0.0,0.0,0.0,0.0,0.23,0.4,0.38,3.73,9.39,0.84,0.03,0.04,0.84,0.05,0.84,10.14,Sitting
20,0.0,0.0,0.0,0.0,0.0,0.15,0.59,0.26,0.0,0.0,0.0,0.0,0.01,0.19,0.39,0.32,0.1,0.0,0.0,0.0,0.0,0.0,0.0,0.0,0.0,0.0,0.01,0.12,0.29,0.59,3.73,9.42,0.88,0.07,0.05,0.88,0.09,0.88,10.17,Sitting
20,0.0,0.0,0.0,0.0,0.0,0.2,0.75,0.06,0.0,0.0,0.0,0.0,0.01,0.11,0.55,0.31,0.04,0.0,0.0,0.0,0.0,0.0,0.0,0.0,0.0,0.0,0.02,0.21,0.29,0.49,3.72,9.4,0.93,0.05,0.05,0.93,0.07,0.93,10.16,Sitting
20,0.0,0.0,0.0,0.0,0.0,0.05,0.69,0.26,0.01,0.0,0.0,0.01,0.01,0.06,0.13,0.75,0.04,0.01,0.01,0.0,0.0,0.0,0.0,0.01,0.0,0.01,0.0,0.24,0.35,0.41,3.76,9.39,0.85,0.05,0.05,0.86,0.11,0.86,10.16,Sitting
20,0.0,0.0,0.0,0.0,0.0,0.07,0.41,0.53,0.0,0.0,0.0,0.0,0.0,0.02,0.26,0.7,0.03,0.0,0.0,0.0,0.0,0.0,0.0,0.0,0.0,0.0,0.0,0.11,0.31,0.58,3.76,9.41,0.82,0.03,0.04,0.83,0.05,0.83,10.17,Sitting
20,0.0,0.0,0.0,0.0,0.0,0.03,0.66,0.32,0.0,0.0,0.0,0.0,0.0,0.0,0.12,0.87,0.01,0.0,0.0,0.0,0.0,0.0,0.0,0.0,0.0,0.0,0.01,0.19,0.45,0.36,3.77,9.39,0.86,0.02,0.03,0.86,0.04,0.86,10.16,Sitting
20,0.0,0.0,0.0,0.0,0.0,0.0,0.88,0.12,0.0,0.0,0.0,0.0,0.0,0.0,0.24,0.76,0.0,0.0,0.0,0.0,0.0,0.0,0.0,0.0,0.0,0.0,0.0,0.16,0.5,0.35,3.76,9.39,0.85,0.02,0.03,0.85,0.03,0.85,10.15,Sitting
20,0.0,0.0,0.0,0.0,0.0,0.02,0.25,0.73,0.0,0.0,0.0,0.0,0.0,0.01,0.14,0.85,0.02,0.0,0.0,0.0,0.0,0.0,0.0,0.0,0.0,0.0,0.0,0.11,0.34,0.56,3.77,9.41,0.8,0.02,0.03,0.8,0.04,0.8,10.17,Sitting
20,0.0,0.0,0.0,0.0,0.02,0.11,0.15,0.72,0.01,0.0,0.01,0.0,0.01,0.02,0.08,0.36,0.48,0.06,0.0,0.0,0.0,0.0,0.0,0.0,0.0,0.03,0.11,0.33,0.28,0.27,3.85,9.36,0.81,0.1,0.06,0.83,0.13,0.83,10.16,Sitting
20,0.0,0.0,0.02,0.18,0.35,0.24,0.06,0.08,0.02,0.08,0.12,0.08,0.13,0.08,0.05,0.05,0.13,0.12,0.17,0.1,0.05,0.01,0.04,0.04,0.1,0.13,0.12,0.11,0.06,0.38,3.95,9.22,1.56,0.63,0.39,1.71,0.84,1.71,10.21,Sitting
20,0.0,0.0,0.0,0.02,0.24,0.29,0.08,0.28,0.08,0.02,0.0,0.0,0.0,0.0,0.0,0.0,0.01,0.07,0.64,0.29,0.0,0.0,0.01,0.07,0.49,0.43,0.0,0.0,0.0,0.0,4.74,8.9,1.06,0.28,0.12,1.18,0.33,1.18,10.16,Sitting
20,0.0,0.0,0.0,0.01,0.36,0.34,0.17,0.11,0.02,0.0,0.0,0.0,0.0,0.0,0.0,0.0,0.01,0.05,0.69,0.26,0.0,0.0,0.0,0.04,0.82,0.14,0.01,0.0,0.0,0.0,4.78,8.85,1.23,0.2,0.08,1.3,0.24,1.3,10.14,Sitting
20,0.0,0.0,0.0,0.0,0.98,0.03,0.0,0.0,0.0,0.0,0.0,0.0,0.0,0.0,0.0,0.0,0.0,0.0,0.89,0.12,0.0,0.0,0.01,0.06,0.94,0.0,0.0,0.0,0.0,0.0,4.85,8.77,1.61,0.08,0.05,1.62,0.12,1.62,10.15,Sitting
20,0.0,0.0,0.0,0.0,0.36,0.15,0.06,0.17,0.25,0.02,0.02,0.0,0.05,0.01,0.01,0.03,0.1,0.09,0.35,0.36,0.0,0.0,0.18,0.12,0.38,0.13,0.06,0.03,0.03,0.09,4.74,8.85,0.96,0.56,0.29,1.14,0.7,1.14,10.13,Sitting
20,0.0,0.0,0.0,0.0,0.01,0.29,0.08,0.21,0.38,0.04,0.0,0.0,0.0,0.0,0.0,0.0,0.0,0.0,0.22,0.79,0.0,0.02,0.36,0.24,0.38,0.0,0.0,0.0,0.0,0.0,5.31,8.59,0.57,0.28,0.17,0.71,0.32,0.71,10.13,Sitting
20,0.0,0.0,0.02,0.39,0.07,0.01,0.02,0.2,0.26,0.06,0.36,0.09,0.04,0.02,0.02,0.01,0.01,0.03,0.04,0.4,0.01,0.0,0.08,0.22,0.17,0.25,0.11,0.03,0.02,0.15,3.99,9.0,1.51,1.15,0.35,1.94,1.26,1.94,10.12,Sitting
20,0.0,0.0,0.01,0.72,0.11,0.17,0.0,0.0,0.0,0.0,0.26,0.39,0.05,0.04,0.02,0.01,0.06,0.19,0.0,0.0,0.0,0.0,0.0,0.0,0.01,0.46,0.38,0.09,0.02,0.06,3.38,9.19,2.35,0.41,0.09,2.43,0.48,2.43,10.1,Sitting
20,0.0,0.0,0.0,1.0,0.0,0.0,0.0,0.0,0.0,0.0,0.46,0.51,0.03,0.01,0.01,0.0,0.0,0.0,0.0,0.0,0.0,0.0,0.0,0.0,0.03,0.41,0.53,0.04,0.0,0.0,3.09,9.16,2.78,0.08,0.07,2.79,0.13,2.79,10.07,Sitting
20,0.0,0.0,0.0,0.63,0.36,0.02,0.0,0.0,0.0,0.0,0.0,0.0,0.02,0.42,0.13,0.04,0.16,0.23,0.01,0.0,0.0,0.0,0.0,0.0,0.01,0.91,0.09,0.0,0.0,0.0,3.82,9.11,2.1,0.23,0.04,2.13,0.27,2.13,10.1,Sitting
20,0.0,0.0,0.0,0.96,0.05,0.0,0.0,0.0,0.0,0.0,0.05,0.02,0.41,0.4,0.08,0.04,0.02,0.0,0.0,0.0,0.0,0.0,0.0,0.0,0.0,0.29,0.67,0.03,0.01,0.01,3.49,9.2,2.32,0.11,0.05,2.33,0.17,2.33,10.11,Sitting
20,0.0,0.0,0.0,0.59,0.22,0.18,0.02,0.0,0.0,0.0,0.05,0.38,0.16,0.03,0.01,0.07,0.09,0.22,0.01,0.0,0.0,0.0,0.0,0.0,0.0,0.21,0.6,0.18,0.02,0.01,3.57,9.23,2.03,0.4,0.06,2.09,0.44,2.09,10.12,Sitting
20,0.0,0.02,0.06,0.35,0.44,0.1,0.0,0.05,0.01,0.0,0.26,0.11,0.1,0.07,0.05,0.08,0.09,0.19,0.03,0.05,0.0,0.0,0.02,0.01,0.07,0.42,0.21,0.05,0.04,0.2,3.59,9.2,2.07,0.6,0.18,2.2,0.8,2.2,10.15,Sitting
20,0.0,0.0,0.0,0.0,0.96,0.05,0.0,0.0,0.0,0.0,0.8,0.2,0.0,0.0,0.0,0.0,0.0,0.0,0.0,0.0,0.0,0.0,0.0,0.0,0.0,0.0,0.0,0.0,0.0,1.0,3.01,9.52,1.73,0.07,0.02,1.74,0.11,1.74,10.14,Sitting
20,0.0,0.0,0.0,0.07,0.81,0.05,0.03,0.05,0.0,0.0,0.82,0.03,0.02,0.02,0.02,0.03,0.05,0.03,0.0,0.0,0.0,0.0,0.0,0.0,0.01,0.03,0.02,0.02,0.02,0.91,3.06,9.49,1.79,0.25,0.07,1.83,0.36,1.83,10.14,Sitting
20,0.0,0.0,0.0,0.03,0.08,0.32,0.1,0.47,0.02,0.01,0.1,0.02,0.03,0.16,0.08,0.13,0.09,0.41,0.0,0.0,0.0,0.0,0.0,0.0,0.01,0.01,0.44,0.19,0.09,0.28,3.75,9.36,0.93,0.35,0.13,1.01,0.53,1.01,10.15,Sitting
20,0.0,0.0,0.0,0.0,0.0,0.36,0.15,0.5,0.0,0.0,0.0,0.0,0.0,0.01,0.17,0.31,0.16,0.36,0.0,0.0,0.0,0.0,0.0,0.0,0.0,0.01,0.3,0.4,0.22,0.09,3.92,9.33,0.84,0.15,0.05,0.87,0.18,0.87,10.15,Sitting
20,0.0,0.0,0.0,0.0,0.0,0.19,0.4,0.42,0.01,0.0,0.0,0.0,0.0,0.0,0.06,0.21,0.68,0.06,0.0,0.0,0.0,0.0,0.0,0.0,0.0,0.0,0.3,0.52,0.15,0.03,3.91,9.31,0.85,0.08,0.04,0.87,0.1,0.87,10.14,Sitting
20,0.0,0.0,0.0,0.01,0.16,0.16,0.11,0.56,0.02,0.0,0.03,0.05,0.11,0.05,0.02,0.05,0.26,0.45,0.0,0.0,0.0,0.0,0.0,0.0,0.01,0.03,0.4,0.34,0.06,0.18,3.87,9.32,0.92,0.28,0.08,1.0,0.36,1.0,10.14,Sitting
20,0.0,0.0,0.0,0.15,0.78,0.08,0.0,0.0,0.0,0.0,0.11,0.2,0.3,0.28,0.06,0.06,0.01,0.0,0.0,0.0,0.0,0.0,0.0,0.0,0.01,0.02,0.21,0.31,0.14,0.32,3.4,9.36,1.76,0.19,0.08,1.79,0.23,1.79,10.11,Sitting
20,0.0,0.01,0.08,0.62,0.28,0.01,0.0,0.0,0.01,0.0,0.3,0.3,0.24,0.04,0.01,0.02,0.01,0.04,0.02,0.03,0.01,0.02,0.03,0.04,0.07,0.12,0.2,0.33,0.11,0.09,3.3,9.17,2.45,0.32,0.23,2.52,0.51,2.52,10.09,Sitting
20,0.0,0.13,0.85,0.02,0.0,0.0,0.0,0.0,0.0,0.0,0.22,0.19,0.15,0.09,0.07,0.1,0.17,0.03,0.0,0.0,0.0,0.0,0.07,0.82,0.12,0.0,0.0,0.0,0.0,0.0,3.44,8.58,3.76,0.33,0.07,3.77,0.37,3.77,9.99,Sitting
20,0.0,0.3,0.64,0.07,0.0,0.0,0.0,0.0,0.0,0.0,0.1,0.26,0.49,0.12,0.02,0.02,0.01,0.0,0.0,0.0,0.0,0.0,0.33,0.56,0.1,0.02,0.0,0.0,0.0,0.0,3.31,8.55,3.91,0.14,0.09,3.93,0.22,3.93,9.98,Sitting
20,0.0,0.5,0.5,0.0,0.0,0.0,0.0,0.0,0.0,0.0,0.01,0.12,0.75,0.08,0.01,0.02,0.02,0.0,0.0,0.0,0.0,0.0,0.79,0.22,0.0,0.0,0.0,0.0,0.0,0.0,3.4,8.45,4.06,0.08,0.05,4.07,0.14,4.07,9.97,Sitting
20,0.0,0.02,0.8,0.19,0.0,0.0,0.0,0.0,0.0,0.0,0.07,0.16,0.26,0.11,0.04,0.03,0.15,0.21,0.0,0.0,0.0,0.0,0.14,0.69,0.17,0.01,0.0,0.0,0.0,0.0,3.6,8.58,3.63,0.34,0.07,3.64,0.39,3.64,10.0,Sitting
20,0.0,0.04,0.95,0.02,0.0,0.0,0.0,0.0,0.0,0.0,0.1,0.29,0.29,0.06,0.03,0.09,0.11,0.05,0.0,0.0,0.0,0.0,0.11,0.82,0.08,0.0,0.0,0.0,0.0,0.0,3.43,8.56,3.83,0.27,0.06,3.84,0.33,3.84,9.99,Sitting
20,0.0,0.12,0.89,0.0,0.0,0.0,0.0,0.0,0.0,0.0,0.01,0.35,0.65,0.01,0.0,0.0,0.0,0.0,0.0,0.0,0.0,0.0,0.1,0.9,0.01,0.0,0.0,0.0,0.0,0.0,3.29,8.54,4.02,0.05,0.03,4.02,0.08,4.02,10.0,Sitting
20,0.0,0.11,0.85,0.05,0.0,0.0,0.0,0.0,0.0,0.0,0.02,0.29,0.39,0.08,0.04,0.02,0.09,0.08,0.0,0.0,0.0,0.01,0.16,0.83,0.01,0.0,0.0,0.0,0.0,0.0,3.46,8.53,3.87,0.24,0.04,3.88,0.3,3.88,9.99,Sitting
20,0.0,0.18,0.69,0.13,0.0,0.0,0.0,0.0,0.0,0.0,0.27,0.12,0.15,0.03,0.02,0.02,0.2,0.19,0.02,0.0,0.0,0.0,0.3,0.58,0.13,0.0,0.0,0.0,0.0,0.0,3.52,8.55,3.75,0.46,0.08,3.77,0.51,3.77,9.99,Sitting
20,0.26,0.4,0.26,0.08,0.01,0.0,0.0,0.0,0.0,0.0,0.3,0.17,0.18,0.09,0.02,0.04,0.15,0.05,0.02,0.01,0.04,0.21,0.39,0.33,0.03,0.01,0.0,0.01,0.0,0.0,3.35,8.4,4.18,0.4,0.16,4.23,0.51,4.23,9.99,Sitting
20,0.15,0.77,0.09,0.0,0.0,0.0,0.0,0.0,0.0,0.0,0.01,0.12,0.43,0.36,0.03,0.02,0.02,0.02,0.0,0.0,0.01,0.36,0.63,0.01,0.0,0.0,0.0,0.0,0.0,0.0,3.46,8.27,4.37,0.13,0.05,4.38,0.19,4.38,9.98,Sitting
20,0.18,0.81,0.02,0.0,0.0,0.0,0.0,0.0,0.0,0.0,0.01,0.43,0.48,0.09,0.0,0.0,0.0,0.0,0.0,0.0,0.0,0.34,0.67,0.0,0.0,0.0,0.0,0.0,0.0,0.0,3.31,8.28,4.47,0.09,0.04,4.48,0.12,4.48,9.97,Sitting
20,0.27,0.7,0.04,0.0,0.0,0.0,0.0,0.0,0.0,0.0,0.0,0.3,0.49,0.19,0.03,0.0,0.0,0.0,0.0,0.0,0.0,0.53,0.47,0.0,0.0,0.0,0.0,0.0,0.0,0.0,3.37,8.26,4.48,0.11,0.04,4.49,0.14,4.49,9.98,Sitting
20,0.02,0.8,0.19,0.0,0.0,0.0,0.0,0.0,0.0,0.0,0.01,0.05,0.11,0.04,0.1,0.23,0.47,0.02,0.0,0.0,0.02,0.78,0.21,0.0,0.0,0.0,0.0,0.0,0.0,0.0,3.76,8.22,4.19,0.18,0.04,4.2,0.24,4.2,9.97,Sitting
20,0.59,0.4,0.02,0.0,0.0,0.0,0.0,0.0,0.0,0.0,0.31,0.31,0.12,0.15,0.06,0.03,0.03,0.01,0.0,0.0,0.04,0.54,0.43,0.0,0.0,0.0,0.0,0.0,0.0,0.0,3.27,8.24,4.58,0.24,0.05,4.59,0.28,4.59,9.99,Sitting
20,0.81,0.16,0.04,0.0,0.0,0.0,0.0,0.0,0.0,0.0,0.55,0.26,0.02,0.06,0.03,0.07,0.02,0.01,0.0,0.0,0.01,0.39,0.61,0.0,0.0,0.0,0.0,0.0,0.0,0.0,3.17,8.27,4.62,0.21,0.03,4.62,0.28,4.62,9.99,Sitting
20,0.72,0.18,0.11,0.0,0.0,0.0,0.0,0.0,0.0,0.0,0.28,0.42,0.14,0.04,0.01,0.01,0.02,0.11,0.0,0.0,0.01,0.63,0.37,0.0,0.0,0.0,0.0,0.0,0.0,0.0,3.29,8.24,4.55,0.26,0.04,4.56,0.35,4.56,9.98,Sitting
20,0.4,0.45,0.15,0.0,0.0,0.0,0.0,0.0,0.0,0.0,0.01,0.03,0.13,0.43,0.05,0.12,0.12,0.12,0.0,0.0,0.28,0.69,0.04,0.0,0.0,0.0,0.0,0.0,0.0,0.0,3.67,8.14,4.46,0.2,0.06,4.47,0.25,4.47,9.98,Sitting
20,0.88,0.12,0.0,0.0,0.0,0.0,0.0,0.0,0.0,0.0,0.03,0.02,0.22,0.63,0.05,0.05,0.02,0.0,0.0,0.0,0.57,0.41,0.02,0.01,0.0,0.0,0.0,0.0,0.0,0.0,3.52,8.1,4.64,0.1,0.05,4.64,0.16,4.64,9.97,Sitting
20,0.5,0.51,0.0,0.0,0.0,0.0,0.0,0.0,0.0,0.0,0.05,0.06,0.33,0.27,0.03,0.08,0.21,0.0,0.0,0.0,0.29,0.64,0.06,0.01,0.01,0.0,0.0,0.0,0.0,0.0,3.56,8.14,4.54,0.22,0.06,4.55,0.29,4.55,9.98,Sitting
20,0.76,0.25,0.0,0.0,0.0,0.0,0.0,0.0,0.0,0.0,0.03,0.31,0.32,0.34,0.01,0.0,0.0,0.0,0.0,0.0,0.31,0.69,0.01,0.0,0.0,0.0,0.0,0.0,0.0,0.0,3.37,8.13,4.68,0.14,0.04,4.68,0.16,4.68,9.96,Sitting
20,1.0,0.0,0.0,0.0,0.0,0.0,0.0,0.0,0.0,0.0,0.09,0.91,0.01,0.0,0.0,0.0,0.0,0.0,0.0,0.0,0.14,0.86,0.0,0.0,0.0,0.0,0.0,0.0,0.0,0.0,3.16,8.14,4.78,0.04,0.03,4.79,0.06,4.79,9.96,Sitting
20,0.51,0.43,0.07,0.0,0.0,0.0,0.0,0.0,0.0,0.0,0.05,0.19,0.23,0.15,0.01,0.05,0.08,0.26,0.0,0.0,0.54,0.42,0.04,0.01,0.0,0.0,0.0,0.0,0.0,0.0,3.61,8.1,4.5,0.34,0.06,4.51,0.39,4.51,9.96,Sitting
20,0.02,0.11,0.67,0.12,0.08,0.01,0.0,0.0,0.0,0.0,0.06,0.1,0.11,0.09,0.04,0.04,0.27,0.2,0.09,0.03,0.01,0.02,0.73,0.15,0.07,0.02,0.01,0.0,0.0,0.01,3.83,8.46,3.45,0.4,0.12,3.51,0.52,3.51,9.95,Sitting
20,0.0,0.0,0.06,0.64,0.27,0.01,0.0,0.01,0.01,0.02,0.25,0.06,0.07,0.12,0.03,0.09,0.02,0.01,0.36,0.02,0.01,0.0,0.23,0.14,0.34,0.1,0.04,0.03,0.04,0.09,3.84,8.9,2.36,0.76,0.34,2.43,0.87,2.43,10.04,Sitting
20,0.03,0.02,0.02,0.06,0.03,0.01,0.0,0.03,0.02,0.15,0.01,0.0,0.0,0.01,0.0,0.01,0.0,0.01,0.0,0.33,0.35,0.0,0.0,0.01,0.01,0.0,0.01,0.0,0.0,0.0,3.4,0.68,0.75,2.21,0.77,2.79,6.94,2.79,3.76,Sitting
20,0.01,0.01,0.07,0.08,0.06,0.11,0.11,0.15,0.23,0.21,0.03,0.05,0.04,0.15,0.11,0.14,0.09,0.16,0.15,0.1,0.0,0.0,0.03,0.18,0.31,0.25,0.09,0.05,0.08,0.03,9.61,2.65,1.13,0.12,0.18,1.17,0.24,1.17,10.04,Standing
20,0.01,0.06,0.1,0.08,0.06,0.1,0.14,0.11,0.19,0.17,0.09,0.09,0.09,0.16,0.11,0.1,0.11,0.15,0.08,0.03,0.0,0.0,0.03,0.1,0.14,0.21,0.13,0.1,0.12,0.19,9.54,2.84,1.2,0.12,0.27,1.24,0.15,1.24,10.04,Standing
20,0.01,0.02,0.03,0.11,0.09,0.16,0.13,0.18,0.19,0.1,0.03,0.14,0.18,0.26,0.14,0.07,0.09,0.09,0.02,0.01,0.0,0.0,0.0,0.02,0.03,0.11,0.22,0.29,0.29,0.06,9.5,2.93,1.21,0.08,0.13,1.23,0.11,1.23,10.02,Standing
20,0.03,0.08,0.08,0.08,0.11,0.14,0.11,0.12,0.16,0.12,0.13,0.15,0.08,0.21,0.11,0.13,0.08,0.11,0.01,0.02,0.0,0.0,0.01,0.02,0.02,0.15,0.23,0.19,0.19,0.2,9.49,2.94,1.26,0.11,0.18,1.3,0.14,1.3,10.03,Standing
20,0.07,0.14,0.14,0.12,0.12,0.07,0.08,0.08,0.11,0.11,0.28,0.15,0.1,0.2,0.08,0.06,0.06,0.04,0.03,0.02,0.0,0.0,0.0,0.01,0.04,0.1,0.14,0.21,0.29,0.23,9.43,3.01,1.38,0.13,0.17,1.43,0.16,1.43,10.0,Standing
20,0.0,0.03,0.05,0.15,0.13,0.16,0.12,0.1,0.17,0.12,0.18,0.26,0.12,0.23,0.07,0.06,0.05,0.02,0.02,0.01,0.0,0.0,0.0,0.0,0.02,0.04,0.1,0.16,0.29,0.41,9.43,3.13,1.23,0.11,0.18,1.25,0.15,1.25,10.02,Standing
20,0.0,0.03,0.09,0.1,0.14,0.11,0.08,0.12,0.17,0.17,0.2,0.25,0.14,0.27,0.07,0.05,0.03,0.02,0.0,0.0,0.0,0.0,0.0,0.01,0.01,0.03,0.07,0.12,0.22,0.55,9.42,3.16,1.2,0.09,0.17,1.23,0.11,1.23,10.01,Standing
20,0.04,0.06,0.07,0.06,0.07,0.06,0.08,0.1,0.13,0.35,0.15,0.11,0.07,0.18,0.05,0.09,0.07,0.16,0.11,0.05,0.0,0.0,0.02,0.04,0.09,0.21,0.15,0.2,0.17,0.14,9.52,2.88,1.12,0.16,0.21,1.19,0.23,1.19,10.02,Standing
20,0.44,0.31,0.12,0.08,0.01,0.02,0.01,0.0,0.01,0.02,0.09,0.01,0.01,0.02,0.01,0.03,0.03,0.16,0.37,0.29,0.52,0.31,0.08,0.01,0.01,0.01,0.01,0.0,0.0,0.07,9.69,1.41,1.92,0.2,0.48,1.98,0.5,1.98,10.02,Standing
20,0.45,0.24,0.1,0.09,0.04,0.03,0.02,0.02,0.02,0.02,0.08,0.03,0.02,0.06,0.03,0.04,0.06,0.21,0.22,0.27,0.25,0.37,0.25,0.07,0.03,0.03,0.01,0.0,0.0,0.01,9.66,1.65,1.89,0.16,0.51,1.95,0.26,1.95,10.01,Standing
20,0.45,0.23,0.12,0.07,0.05,0.03,0.01,0.01,0.03,0.03,0.05,0.01,0.01,0.08,0.05,0.06,0.06,0.21,0.22,0.27,0.28,0.58,0.09,0.01,0.01,0.0,0.02,0.01,0.01,0.01,9.69,1.47,1.89,0.13,0.36,1.96,0.18,1.96,10.01,Standing
20,0.05,0.08,0.12,0.18,0.19,0.14,0.09,0.06,0.05,0.07,0.1,0.11,0.12,0.29,0.09,0.11,0.06,0.06,0.03,0.04,0.03,0.03,0.01,0.03,0.05,0.11,0.23,0.32,0.12,0.1,9.5,2.84,1.4,0.16,0.27,1.47,0.34,1.47,10.04,Standing
20,0.06,0.05,0.09,0.15,0.14,0.12,0.11,0.06,0.12,0.12,0.14,0.18,0.11,0.22,0.1,0.07,0.08,0.06,0.03,0.05,0.01,0.04,0.04,0.03,0.03,0.1,0.13,0.2,0.2,0.24,9.48,2.91,1.33,0.16,0.32,1.4,0.25,1.4,10.02,Standing
20,0.05,0.11,0.19,0.11,0.11,0.17,0.07,0.09,0.1,0.04,0.01,0.02,0.03,0.07,0.09,0.09,0.12,0.24,0.18,0.18,0.11,0.26,0.17,0.11,0.11,0.14,0.07,0.02,0.01,0.01,9.68,2.07,1.4,0.11,0.55,1.44,0.15,1.44,10.02,Standing
20,0.0,0.01,0.11,0.21,0.23,0.18,0.18,0.06,0.04,0.0,0.0,0.01,0.04,0.18,0.1,0.23,0.17,0.23,0.05,0.01,0.0,0.0,0.06,0.22,0.32,0.29,0.1,0.02,0.01,0.0,9.59,2.58,1.34,0.07,0.14,1.35,0.08,1.35,10.02,Standing
20,0.01,0.08,0.14,0.2,0.16,0.14,0.12,0.06,0.05,0.06,0.06,0.04,0.04,0.21,0.09,0.13,0.12,0.18,0.12,0.04,0.0,0.01,0.11,0.19,0.22,0.14,0.1,0.15,0.06,0.04,9.57,2.63,1.36,0.11,0.26,1.38,0.16,1.38,10.03,Standing
20,0.01,0.03,0.08,0.1,0.14,0.24,0.15,0.13,0.11,0.04,0.04,0.07,0.07,0.24,0.2,0.15,0.1,0.09,0.04,0.02,0.0,0.0,0.03,0.09,0.09,0.14,0.21,0.24,0.17,0.05,9.54,2.82,1.28,0.08,0.19,1.3,0.12,1.3,10.03,Standing
20,0.0,0.01,0.09,0.23,0.2,0.18,0.14,0.07,0.07,0.03,0.01,0.04,0.05,0.28,0.15,0.14,0.11,0.18,0.06,0.01,0.0,0.0,0.07,0.08,0.11,0.43,0.23,0.08,0.02,0.0,9.56,2.68,1.32,0.08,0.15,1.33,0.1,1.33,10.02,Standing
20,0.04,0.02,0.04,0.07,0.08,0.12,0.15,0.13,0.24,0.13,0.01,0.03,0.08,0.16,0.1,0.11,0.1,0.18,0.12,0.13,0.06,0.05,0.24,0.13,0.09,0.12,0.11,0.14,0.07,0.02,9.62,2.43,1.2,0.12,0.43,1.25,0.16,1.25,10.02,Standing
20,0.01,0.1,0.11,0.17,0.13,0.09,0.12,0.08,0.16,0.06,0.02,0.04,0.04,0.14,0.13,0.09,0.1,0.2,0.16,0.11,0.0,0.01,0.18,0.43,0.26,0.09,0.04,0.0,0.01,0.0,9.62,2.42,1.32,0.11,0.15,1.34,0.14,1.34,10.01,Standing
20,0.01,0.06,0.07,0.14,0.08,0.09,0.13,0.12,0.19,0.13,0.03,0.07,0.07,0.18,0.13,0.08,0.1,0.17,0.13,0.05,0.01,0.01,0.03,0.16,0.3,0.32,0.1,0.04,0.05,0.01,9.58,2.61,1.23,0.11,0.17,1.26,0.14,1.26,10.01,Standing
20,0.18,0.09,0.12,0.11,0.09,0.12,0.11,0.08,0.08,0.05,0.05,0.05,0.07,0.19,0.09,0.11,0.04,0.14,0.14,0.13,0.03,0.11,0.38,0.08,0.04,0.07,0.11,0.12,0.05,0.03,9.6,2.33,1.52,0.13,0.45,1.6,0.17,1.6,10.02,Standing
20,0.13,0.24,0.16,0.14,0.08,0.06,0.05,0.04,0.1,0.02,0.04,0.07,0.05,0.12,0.1,0.08,0.08,0.19,0.13,0.16,0.0,0.05,0.51,0.23,0.08,0.08,0.03,0.01,0.01,0.02,9.62,2.28,1.55,0.13,0.23,1.59,0.16,1.59,10.01,Standing
20,0.32,0.13,0.07,0.06,0.04,0.05,0.06,0.04,0.08,0.16,0.17,0.02,0.02,0.13,0.07,0.05,0.05,0.13,0.15,0.23,0.12,0.32,0.21,0.09,0.04,0.04,0.02,0.04,0.02,0.1,9.6,2.08,1.63,0.27,0.7,1.79,0.47,1.79,10.03,Standing
20,0.05,0.08,0.08,0.08,0.04,0.06,0.1,0.07,0.13,0.34,0.08,0.07,0.04,0.07,0.03,0.04,0.03,0.13,0.13,0.4,0.04,0.52,0.11,0.01,0.01,0.03,0.03,0.03,0.06,0.18,9.68,2.11,1.16,0.2,0.75,1.26,0.28,1.26,10.02,Standing
20,0.12,0.05,0.05,0.04,0.15,0.04,0.1,0.07,0.14,0.26,0.11,0.04,0.03,0.07,0.07,0.06,0.05,0.09,0.04,0.46,0.5,0.08,0.02,0.01,0.02,0.01,0.04,0.1,0.12,0.13,9.7,1.69,1.27,0.28,1.18,1.4,0.45,1.4,10.03,Standing
20,0.1,0.07,0.08,0.06,0.07,0.09,0.03,0.05,0.06,0.13,0.04,0.02,0.0,0.01,0.03,0.02,0.03,0.05,0.07,0.48,0.55,0.11,0.01,0.0,0.0,0.01,0.01,0.0,0.0,0.04,7.13,0.66,1.02,1.96,0.41,1.54,2.73,1.54,7.27,Standing
12,0.0,0.0,0.0,0.0,0.0,0.0,0.0,0.03,0.08,0.89,0.0,0.0,0.0,0.01,0.04,0.03,0.07,0.2,0.37,0.3,0.02,0.05,0.08,0.11,0.13,0.18,0.16,0.16,0.08,0.06,8.32,1.33,3.56,2.74,2.6,4.25,3.52,4.25,10.0,Walking
12,0.0,0.0,0.0,0.0,0.0,0.0,0.0,0.03,0.13,0.84,0.0,0.0,0.0,0.01,0.04,0.05,0.06,0.15,0.28,0.42,0.01,0.09,0.12,0.17,0.15,0.15,0.11,0.09,0.03,0.11,9.11,0.91,2.65,3.39,3.07,3.36,4.09,3.36,10.54,Walking
12,0.01,0.0,0.01,0.02,0.01,0.05,0.06,0.18,0.23,0.46,0.0,0.0,0.0,0.01,0.03,0.08,0.08,0.19,0.21,0.42,0.06,0.06,0.11,0.2,0.16,0.08,0.08,0.09,0.06,0.12,8.73,0.95,3.44,3.61,3.54,4.5,4.21,4.5,10.7,Walking
12,0.01,0.03,0.07,0.1,0.09,0.07,0.11,0.21,0.26,0.08,0.0,0.0,0.01,0.03,0.05,0.09,0.13,0.22,0.21,0.28,0.08,0.1,0.07,0.09,0.15,0.12,0.13,0.08,0.13,0.08,7.14,0.99,6.19,3.24,3.42,7.17,3.92,7.17,10.92,Walking
12,0.02,0.07,0.09,0.08,0.07,0.07,0.12,0.24,0.18,0.09,0.0,0.0,0.0,0.04,0.05,0.12,0.12,0.18,0.25,0.25,0.09,0.11,0.09,0.08,0.1,0.12,0.14,0.14,0.06,0.1,6.89,0.92,6.77,3.06,3.5,7.84,3.72,7.84,11.15,Walking
12,0.03,0.07,0.05,0.11,0.08,0.07,0.16,0.2,0.19,0.05,0.0,0.0,0.01,0.03,0.07,0.12,0.16,0.18,0.25,0.21,0.07,0.11,0.1,0.07,0.09,0.15,0.14,0.11,0.09,0.09,6.37,1.01,7.11,2.87,3.43,8.15,3.53,8.15,11.09,Walking
12,0.07,0.1,0.05,0.09,0.05,0.08,0.16,0.2,0.17,0.06,0.0,0.0,0.01,0.03,0.06,0.12,0.23,0.16,0.17,0.23,0.06,0.15,0.09,0.08,0.12,0.12,0.12,0.1,0.09,0.1,6.4,0.96,7.72,3.18,3.69,8.97,3.77,8.97,11.6,Walking
12,0.04,0.12,0.12,0.07,0.03,0.07,0.2,0.17,0.16,0.05,0.0,0.0,0.0,0.07,0.11,0.12,0.16,0.16,0.23,0.17,0.1,0.09,0.09,0.09,0.11,0.11,0.11,0.13,0.08,0.12,5.85,1.01,7.87,3.05,3.73,9.04,3.71,9.04,11.49,Walking
12,0.03,0.11,0.09,0.11,0.06,0.1,0.15,0.19,0.17,0.02,0.0,0.0,0.02,0.05,0.09,0.12,0.2,0.17,0.2,0.18,0.07,0.12,0.12,0.12,0.09,0.09,0.09,0.14,0.08,0.1,5.77,0.84,7.99,2.91,3.68,8.97,3.5,8.97,11.39,Walking
12,0.11,0.08,0.08,0.06,0.07,0.12,0.18,0.14,0.13,0.06,0.0,0.0,0.01,0.05,0.18,0.17,0.14,0.15,0.14,0.18,0.12,0.09,0.11,0.07,0.05,0.12,0.16,0.1,0.09,0.1,5.16,0.7,8.39,3.11,3.74,9.63,3.72,9.63,11.55,Walking
12,0.13,0.1,0.1,0.06,0.08,0.14,0.13,0.18,0.09,0.02,0.0,0.04,0.05,0.12,0.14,0.17,0.12,0.14,0.14,0.12,0.18,0.09,0.09,0.08,0.08,0.1,0.09,0.09,0.1,0.13,4.11,0.6,9.29,3.1,4.3,10.36,3.79,10.36,11.99,Walking
12,0.17,0.11,0.08,0.11,0.16,0.11,0.09,0.09,0.08,0.02,0.1,0.11,0.12,0.13,0.14,0.13,0.09,0.1,0.09,0.03,0.13,0.13,0.11,0.11,0.08,0.1,0.08,0.09,0.11,0.1,1.3,0.57,10.21,3.48,4.12,11.21,4.52,11.21,12.18,Walking
12,0.14,0.13,0.15,0.12,0.14,0.12,0.1,0.05,0.05,0.03,0.24,0.12,0.07,0.1,0.16,0.15,0.08,0.08,0.02,0.0,0.18,0.07,0.11,0.11,0.08,0.09,0.07,0.08,0.12,0.11,-0.68,0.58,10.62,3.78,4.28,11.44,4.57,11.44,12.58,Walking
12,0.15,0.13,0.14,0.1,0.12,0.14,0.13,0.04,0.05,0.03,0.23,0.16,0.12,0.11,0.14,0.1,0.08,0.05,0.02,0.0,0.11,0.1,0.14,0.08,0.1,0.09,0.07,0.04,0.16,0.13,-1.13,1.21,10.59,3.53,4.49,11.44,4.4,11.44,12.58,Walking
12,0.12,0.13,0.13,0.1,0.17,0.12,0.11,0.06,0.07,0.01,0.23,0.12,0.13,0.12,0.15,0.12,0.1,0.05,0.01,0.0,0.12,0.12,0.08,0.13,0.11,0.1,0.07,0.09,0.1,0.1,-0.86,0.55,10.29,3.36,3.99,11.13,4.17,11.13,12.02,Walking
12,0.13,0.15,0.14,0.13,0.13,0.13,0.08,0.07,0.05,0.01,0.17,0.15,0.19,0.15,0.12,0.11,0.07,0.03,0.03,0.0,0.12,0.13,0.09,0.11,0.1,0.06,0.07,0.09,0.12,0.12,-0.93,0.78,10.7,3.12,4.32,11.51,4.02,11.51,12.49,Walking
12,0.12,0.16,0.14,0.12,0.12,0.12,0.11,0.05,0.07,0.02,0.18,0.19,0.12,0.16,0.16,0.07,0.04,0.06,0.04,0.0,0.19,0.08,0.08,0.14,0.05,0.03,0.11,0.09,0.1,0.15,-0.93,0.82,10.48,3.33,4.85,11.36,4.27,11.36,12.61,Walking
12,0.18,0.08,0.15,0.15,0.13,0.12,0.1,0.05,0.06,0.01,0.16,0.18,0.16,0.15,0.12,0.1,0.11,0.02,0.03,0.0,0.13,0.13,0.07,0.09,0.08,0.1,0.1,0.09,0.12,0.11,-0.77,0.7,10.76,3.19,4.25,11.58,4.21,11.58,12.57,Walking
12,0.14,0.12,0.15,0.15,0.13,0.12,0.06,0.06,0.09,0.01,0.21,0.1,0.18,0.17,0.09,0.1,0.06,0.08,0.03,0.0,0.12,0.1,0.1,0.09,0.11,0.08,0.07,0.14,0.12,0.1,-0.84,0.9,10.54,3.39,4.03,11.38,4.33,11.38,12.32,Walking
12,0.12,0.14,0.12,0.15,0.17,0.09,0.09,0.07,0.06,0.01,0.18,0.17,0.16,0.14,0.12,0.09,0.1,0.05,0.01,0.0,0.14,0.12,0.1,0.08,0.09,0.1,0.09,0.08,0.14,0.09,-0.77,0.65,10.48,3.04,4.05,11.27,3.76,11.27,12.13,Walking
12,0.15,0.11,0.14,0.15,0.16,0.1,0.09,0.06,0.07,0.01,0.18,0.14,0.19,0.16,0.12,0.08,0.06,0.05,0.03,0.0,0.12,0.12,0.08,0.08,0.12,0.09,0.07,0.12,0.14,0.07,-0.84,0.89,10.5,3.13,4.02,11.28,4.11,11.28,12.21,Walking
12,0.16,0.13,0.15,0.11,0.1,0.14,0.11,0.05,0.07,0.01,0.16,0.21,0.11,0.15,0.15,0.07,0.09,0.06,0.01,0.0,0.12,0.11,0.09,0.08,0.1,0.06,0.11,0.11,0.12,0.12,-1.03,1.24,10.69,3.37,4.31,11.54,4.32,11.54,12.57,Walking
12,0.16,0.14,0.11,0.11,0.17,0.11,0.12,0.06,0.04,0.0,0.15,0.18,0.16,0.19,0.11,0.09,0.07,0.07,0.01,0.0,0.09,0.11,0.12,0.1,0.12,0.07,0.11,0.1,0.11,0.1,-0.79,0.9,10.74,3.09,3.91,11.51,4.07,11.51,12.36,Walking
12,0.14,0.17,0.13,0.11,0.1,0.16,0.05,0.08,0.07,0.01,0.13,0.19,0.19,0.13,0.13,0.09,0.1,0.04,0.02,0.0,0.08,0.13,0.1,0.09,0.1,0.1,0.13,0.1,0.1,0.09,-0.72,0.98,10.59,3.09,3.69,11.41,4.12,11.41,12.14,Walking
12,0.15,0.14,0.13,0.08,0.17,0.11,0.09,0.06,0.09,0.0,0.13,0.21,0.2,0.13,0.1,0.08,0.07,0.07,0.02,0.0,0.07,0.07,0.14,0.12,0.11,0.13,0.1,0.11,0.1,0.08,-0.68,0.82,10.52,3.06,3.43,11.36,4.03,11.36,11.98,Walking
12,0.15,0.13,0.12,0.15,0.1,0.12,0.09,0.06,0.09,0.01,0.13,0.2,0.21,0.12,0.1,0.09,0.08,0.07,0.03,0.0,0.06,0.11,0.15,0.13,0.1,0.1,0.12,0.07,0.1,0.09,-0.75,0.82,10.51,3.19,3.62,11.39,4.13,11.39,12.05,Walking
12,0.12,0.13,0.15,0.16,0.17,0.1,0.06,0.06,0.07,0.0,0.14,0.18,0.2,0.14,0.12,0.08,0.09,0.06,0.0,0.0,0.07,0.11,0.1,0.1,0.13,0.09,0.1,0.11,0.1,0.1,-0.78,1.15,10.61,2.94,3.88,11.3,3.87,11.3,12.18,Walking
12,0.05,0.06,0.07,0.1,0.06,0.09,0.06,0.03,0.01,0.0,0.06,0.11,0.15,0.11,0.02,0.03,0.04,0.01,0.0,0.0,0.03,0.05,0.05,0.06,0.06,0.05,0.05,0.09,0.07,0.05,-0.64,0.74,5.33,1.24,1.79,10.9,3.31,10.9,6.04,Walking
12,0.05,0.11,0.11,0.11,0.13,0.13,0.13,0.11,0.12,0.04,0.05,0.16,0.13,0.09,0.1,0.11,0.13,0.09,0.1,0.02,0.1,0.06,0.05,0.11,0.11,0.18,0.19,0.09,0.07,0.06,8.61,1.63,2.75,7.52,3.79,3.39,8.38,3.39,11.84,Jogging
12,0.07,0.07,0.16,0.15,0.13,0.09,0.08,0.13,0.09,0.05,0.08,0.13,0.09,0.1,0.1,0.1,0.11,0.11,0.1,0.03,0.11,0.07,0.05,0.06,0.13,0.19,0.21,0.1,0.05,0.04,8.83,1.4,2.96,7.76,3.66,3.59,8.71,3.59,12.44,Jogging
12,0.05,0.06,0.15,0.11,0.11,0.15,0.09,0.19,0.08,0.02,0.08,0.11,0.11,0.13,0.06,0.1,0.13,0.08,0.13,0.03,0.1,0.05,0.04,0.1,0.1,0.17,0.14,0.15,0.07,0.1,9.16,2.34,2.6,7.82,4.22,3.23,8.72,3.23,12.79,Jogging
12,0.08,0.09,0.11,0.12,0.12,0.13,0.1,0.12,0.09,0.08,0.08,0.09,0.11,0.12,0.12,0.11,0.07,0.09,0.13,0.01,0.08,0.04,0.1,0.11,0.13,0.15,0.12,0.13,0.08,0.1,9.24,2.03,2.95,7.58,4.12,3.63,8.63,3.63,12.81,Jogging
12,0.06,0.1,0.15,0.13,0.12,0.11,0.08,0.09,0.13,0.06,0.11,0.07,0.1,0.14,0.1,0.1,0.1,0.09,0.11,0.01,0.1,0.06,0.08,0.1,0.11,0.18,0.12,0.1,0.08,0.09,8.95,1.9,3.17,7.59,4.24,3.78,8.62,3.78,12.8,Jogging
12,0.1,0.1,0.12,0.11,0.11,0.07,0.13,0.08,0.12,0.09,0.11,0.11,0.11,0.14,0.05,0.12,0.12,0.09,0.1,0.01,0.09,0.07,0.08,0.12,0.1,0.16,0.14,0.1,0.09,0.08,8.32,1.89,3.31,7.86,4.16,4.08,8.72,4.08,12.38,Jogging
12,0.09,0.09,0.05,0.13,0.11,0.13,0.13,0.12,0.11,0.07,0.1,0.09,0.12,0.12,0.07,0.09,0.14,0.11,0.09,0.03,0.08,0.09,0.09,0.1,0.11,0.16,0.11,0.1,0.09,0.08,8.87,1.64,2.95,7.7,4.12,3.82,8.62,3.82,12.62,Jogging
12,0.12,0.11,0.09,0.09,0.08,0.1,0.1,0.15,0.07,0.1,0.08,0.12,0.12,0.12,0.07,0.1,0.11,0.09,0.11,0.02,0.12,0.06,0.07,0.08,0.11,0.12,0.15,0.12,0.13,0.07,8.89,1.92,3.49,8.0,4.49,4.47,8.86,4.47,13.15,Jogging
12,0.1,0.09,0.1,0.06,0.1,0.11,0.1,0.14,0.11,0.11,0.11,0.09,0.1,0.17,0.08,0.12,0.07,0.09,0.09,0.02,0.09,0.08,0.13,0.08,0.13,0.13,0.1,0.07,0.13,0.09,8.54,1.82,3.34,7.69,4.62,4.25,8.7,4.25,12.79,Jogging
12,0.14,0.14,0.09,0.11,0.09,0.05,0.1,0.12,0.09,0.1,0.14,0.08,0.12,0.11,0.07,0.08,0.07,0.12,0.09,0.01,0.12,0.11,0.08,0.05,0.13,0.13,0.12,0.06,0.13,0.08,8.62,1.61,3.88,8.53,4.73,4.78,9.4,4.78,13.63,Jogging
12,0.12,0.08,0.11,0.08,0.07,0.17,0.13,0.09,0.04,0.14,0.1,0.1,0.1,0.08,0.09,0.14,0.1,0.08,0.13,0.02,0.12,0.09,0.08,0.13,0.11,0.1,0.09,0.12,0.09,0.09,9.35,1.5,3.63,7.9,4.75,4.79,8.95,4.79,13.7,Jogging
12,0.12,0.05,0.09,0.08,0.15,0.08,0.12,0.09,0.11,0.13,0.09,0.1,0.1,0.11,0.08,0.11,0.1,0.14,0.1,0.01,0.08,0.13,0.15,0.11,0.1,0.06,0.07,0.1,0.12,0.11,9.15,1.77,3.58,7.74,5.06,4.65,8.76,4.65,13.48,Jogging
12,0.09,0.12,0.11,0.08,0.08,0.1,0.15,0.11,0.09,0.1,0.11,0.1,0.1,0.1,0.13,0.09,0.08,0.11,0.13,0.01,0.05,0.09,0.12,0.15,0.1,0.09,0.06,0.12,0.12,0.13,8.45,2.43,3.27,7.91,4.9,4.16,9.12,4.16,13.23,Jogging
12,0.09,0.09,0.13,0.09,0.12,0.12,0.12,0.09,0.11,0.07,0.14,0.09,0.07,0.09,0.13,0.08,0.1,0.09,0.1,0.03,0.11,0.11,0.16,0.13,0.11,0.04,0.07,0.08,0.09,0.13,8.78,1.44,3.18,8.17,5.21,4.0,9.36,4.0,13.53,Jogging
12,0.13,0.1,0.12,0.11,0.11,0.11,0.09,0.09,0.06,0.1,0.14,0.11,0.14,0.07,0.07,0.05,0.12,0.1,0.12,0.03,0.09,0.13,0.13,0.1,0.08,0.09,0.06,0.13,0.12,0.09,8.32,1.56,3.79,8.83,4.91,4.76,9.65,4.76,13.42,Jogging
12,0.1,0.11,0.07,0.1,0.14,0.09,0.07,0.1,0.07,0.18,0.1,0.1,0.12,0.08,0.06,0.11,0.1,0.12,0.11,0.01,0.14,0.09,0.13,0.09,0.09,0.06,0.07,0.11,0.11,0.13,9.43,1.8,4.0,8.19,5.37,5.0,9.2,5.0,14.1,Jogging
12,0.08,0.14,0.08,0.12,0.07,0.12,0.09,0.1,0.08,0.14,0.1,0.13,0.08,0.07,0.12,0.07,0.11,0.12,0.13,0.02,0.1,0.12,0.11,0.1,0.08,0.09,0.08,0.11,0.1,0.14,9.22,1.92,3.8,8.13,5.17,4.87,9.15,4.87,13.95,Jogging
12,0.1,0.09,0.12,0.09,0.09,0.09,0.08,0.1,0.15,0.11,0.12,0.07,0.09,0.12,0.09,0.13,0.1,0.13,0.08,0.0,0.09,0.14,0.09,0.1,0.09,0.1,0.06,0.13,0.09,0.13,8.94,1.95,3.77,7.63,4.92,4.85,8.76,4.85,13.61,Jogging
12,0.09,0.08,0.1,0.11,0.12,0.1,0.12,0.07,0.1,0.13,0.12,0.06,0.09,0.08,0.15,0.14,0.09,0.08,0.1,0.03,0.09,0.12,0.13,0.1,0.12,0.09,0.07,0.09,0.08,0.13,9.4,1.83,3.54,7.28,4.94,4.56,8.67,4.56,13.76,Jogging
12,0.11,0.08,0.11,0.07,0.11,0.12,0.1,0.09,0.13,0.11,0.13,0.05,0.1,0.09,0.14,0.11,0.06,0.1,0.09,0.03,0.11,0.14,0.12,0.09,0.08,0.09,0.09,0.08,0.08,0.16,9.13,1.91,3.55,7.75,5.31,4.54,9.05,4.54,13.81,Jogging
12,0.14,0.1,0.07,0.12,0.1,0.05,0.1,0.12,0.11,0.12,0.12,0.14,0.1,0.09,0.09,0.06,0.13,0.11,0.09,0.03,0.13,0.1,0.09,0.1,0.11,0.07,0.1,0.12,0.09,0.12,8.3,1.65,4.04,8.33,4.99,5.36,9.19,5.36,13.5,Jogging
12,0.14,0.13,0.07,0.07,0.08,0.11,0.08,0.09,0.14,0.11,0.09,0.1,0.12,0.07,0.1,0.11,0.14,0.11,0.09,0.03,0.14,0.11,0.11,0.09,0.1,0.05,0.09,0.08,0.11,0.13,9.16,1.67,4.27,7.67,5.45,5.44,8.67,5.44,14.05,Jogging
12,0.13,0.15,0.1,0.11,0.09,0.06,0.06,0.11,0.1,0.13,0.09,0.11,0.1,0.08,0.12,0.08,0.1,0.11,0.11,0.02,0.16,0.12,0.1,0.13,0.06,0.06,0.08,0.09,0.13,0.1,9.41,1.2,4.23,7.91,5.18,5.37,9.01,5.37,14.24,Jogging
12,0.1,0.09,0.07,0.12,0.12,0.12,0.09,0.12,0.08,0.11,0.1,0.12,0.06,0.1,0.13,0.12,0.08,0.1,0.11,0.01,0.11,0.13,0.1,0.11,0.1,0.08,0.07,0.1,0.08,0.14,9.16,1.7,3.44,7.64,5.08,4.46,8.82,4.46,13.59,Jogging
12,0.13,0.15,0.08,0.08,0.08,0.09,0.09,0.07,0.13,0.11,0.1,0.09,0.09,0.09,0.17,0.08,0.11,0.11,0.1,0.02,0.1,0.13,0.12,0.08,0.13,0.1,0.06,0.09,0.15,0.07,9.28,1.38,3.9,7.39,4.54,4.81,8.59,4.81,13.55,Jogging
12,0.11,0.1,0.12,0.16,0.08,0.07,0.09,0.08,0.12,0.1,0.14,0.12,0.06,0.13,0.08,0.12,0.08,0.1,0.1,0.03,0.11,0.1,0.08,0.1,0.11,0.05,0.12,0.1,0.1,0.14,8.23,2.1,3.86,8.31,5.14,4.81,9.36,4.81,13.62,Jogging
12,0.11,0.08,0.07,0.12,0.11,0.09,0.1,0.1,0.15,0.09,0.09,0.12,0.11,0.08,0.11,0.1,0.14,0.1,0.12,0.01,0.09,0.08,0.11,0.07,0.09,0.11,0.16,0.13,0.11,0.09,8.84,2.05,3.38,7.77,4.45,4.3,8.71,4.3,13.05,Jogging
12,0.12,0.07,0.12,0.12,0.12,0.05,0.12,0.08,0.08,0.14,0.11,0.08,0.15,0.04,0.09,0.12,0.11,0.13,0.1,0.03,0.1,0.1,0.12,0.09,0.13,0.11,0.08,0.09,0.11,0.11,9.03,1.83,3.66,8.0,4.76,4.58,8.99,4.58,13.55,Jogging
12,0.08,0.11,0.11,0.11,0.1,0.09,0.1,0.1,0.11,0.11,0.07,0.1,0.09,0.13,0.1,0.12,0.13,0.08,0.08,0.03,0.05,0.13,0.12,0.13,0.1,0.07,0.09,0.13,0.1,0.11,9.19,1.97,3.5,7.29,4.64,4.47,8.45,4.47,13.25,Jogging
12,0.09,0.14,0.1,0.1,0.12,0.09,0.09,0.1,0.06,0.15,0.09,0.13,0.08,0.1,0.13,0.07,0.08,0.12,0.1,0.03,0.09,0.13,0.1,0.14,0.09,0.1,0.07,0.1,0.11,0.09,8.95,1.44,3.78,7.96,4.59,4.73,9.03,4.73,13.38,Jogging
12,0.1,0.13,0.09,0.07,0.09,0.07,0.1,0.16,0.11,0.09,0.09,0.14,0.12,0.12,0.06,0.12,0.09,0.1,0.06,0.03,0.12,0.13,0.15,0.16,0.05,0.04,0.06,0.09,0.13,0.08,8.24,1.1,3.5,8.14,4.94,4.56,9.02,4.56,12.87,Jogging
12,0.01,0.01,0.02,0.04,0.04,0.02,0.04,0.03,0.05,0.02,0.0,0.0,0.01,0.05,0.16,0.04,0.02,0.01,0.0,0.0,0.01,0.03,0.02,0.03,0.02,0.04,0.06,0.03,0.04,0.01,2.37,0.57,0.72,1.76,1.01,3.45,7.1,3.45,2.85,Jogging
12,0.08,0.11,0.17,0.08,0.1,0.12,0.11,0.09,0.13,0.04,0.08,0.04,0.14,0.11,0.15,0.13,0.08,0.12,0.12,0.06,0.09,0.06,0.08,0.14,0.11,0.1,0.15,0.11,0.09,0.09,9.18,0.27,3.26,3.21,3.4,4.3,3.98,4.3,10.94,Walking
12,0.09,0.13,0.13,0.12,0.1,0.12,0.07,0.09,0.13,0.04,0.08,0.08,0.1,0.11,0.16,0.11,0.1,0.11,0.13,0.04,0.08,0.03,0.12,0.1,0.11,0.13,0.15,0.11,0.08,0.12,8.98,0.62,3.38,3.17,3.4,4.44,3.85,4.44,10.8,Walking
12,0.09,0.11,0.13,0.11,0.08,0.13,0.1,0.1,0.09,0.08,0.08,0.08,0.09,0.1,0.09,0.17,0.12,0.1,0.12,0.07,0.09,0.06,0.1,0.08,0.14,0.13,0.14,0.12,0.08,0.09,9.33,0.34,3.55,3.4,3.39,5.0,4.2,5.0,11.22,Walking
12,0.09,0.15,0.09,0.09,0.08,0.09,0.12,0.18,0.07,0.07,0.11,0.08,0.12,0.11,0.09,0.13,0.06,0.12,0.1,0.09,0.09,0.11,0.11,0.1,0.1,0.09,0.06,0.13,0.09,0.13,9.19,0.31,3.63,3.82,3.98,5.04,4.67,5.04,11.34,Walking
12,0.1,0.11,0.12,0.09,0.1,0.07,0.15,0.09,0.1,0.1,0.13,0.09,0.08,0.1,0.11,0.1,0.07,0.13,0.09,0.12,0.12,0.08,0.13,0.1,0.1,0.09,0.09,0.1,0.12,0.1,9.2,0.11,3.64,3.95,3.77,5.0,4.83,5.0,11.26,Walking
12,0.09,0.11,0.1,0.1,0.09,0.12,0.11,0.06,0.13,0.12,0.1,0.1,0.11,0.1,0.1,0.09,0.11,0.12,0.08,0.11,0.14,0.09,0.11,0.11,0.07,0.1,0.08,0.12,0.09,0.11,9.13,0.05,3.81,3.96,3.87,5.33,4.86,5.33,11.32,Walking
12,0.11,0.08,0.12,0.08,0.12,0.08,0.1,0.11,0.08,0.15,0.11,0.11,0.12,0.09,0.11,0.1,0.13,0.09,0.06,0.11,0.13,0.09,0.1,0.12,0.09,0.1,0.11,0.07,0.1,0.11,8.82,-0.05,3.79,3.8,3.74,5.05,4.71,5.05,11.02,Walking
12,0.12,0.09,0.12,0.08,0.1,0.09,0.09,0.09,0.11,0.15,0.1,0.11,0.1,0.08,0.1,0.11,0.08,0.1,0.11,0.14,0.12,0.11,0.13,0.07,0.08,0.09,0.13,0.11,0.1,0.09,9.48,-0.03,3.98,4.08,3.82,5.32,4.95,5.32,11.68,Walking
12,0.11,0.13,0.07,0.12,0.11,0.08,0.09,0.09,0.09,0.13,0.13,0.09,0.1,0.09,0.1,0.17,0.06,0.09,0.11,0.1,0.16,0.1,0.08,0.1,0.06,0.1,0.09,0.1,0.12,0.11,8.95,0.04,4.02,3.78,4.1,5.41,4.73,5.41,11.42,Walking
12,0.13,0.1,0.12,0.07,0.1,0.12,0.1,0.08,0.09,0.12,0.13,0.08,0.13,0.08,0.1,0.09,0.14,0.06,0.1,0.11,0.12,0.11,0.1,0.08,0.1,0.11,0.06,0.12,0.11,0.11,9.16,0.11,3.91,3.97,3.86,5.45,4.89,5.45,11.45,Walking
12,0.08,0.06,0.12,0.1,0.11,0.11,0.09,0.12,0.12,0.11,0.12,0.1,0.07,0.11,0.1,0.11,0.1,0.13,0.07,0.11,0.08,0.15,0.09,0.1,0.11,0.1,0.1,0.11,0.09,0.1,9.19,0.04,3.39,3.91,3.65,4.82,4.85,4.82,11.18,Walking
12,0.1,0.12,0.08,0.09,0.12,0.08,0.1,0.11,0.14,0.1,0.1,0.12,0.1,0.14,0.08,0.08,0.1,0.09,0.09,0.12,0.09,0.12,0.11,0.11,0.1,0.11,0.09,0.09,0.1,0.12,9.02,0.13,3.74,3.98,3.76,5.22,4.78,5.22,11.14,Walking
12,0.09,0.09,0.09,0.12,0.1,0.11,0.12,0.13,0.08,0.09,0.1,0.1,0.06,0.14,0.09,0.13,0.11,0.11,0.07,0.1,0.09,0.11,0.07,0.09,0.11,0.12,0.11,0.1,0.13,0.08,9.11,0.25,3.44,3.6,3.56,4.85,4.5,4.85,11.03,Walking
12,0.09,0.12,0.08,0.11,0.11,0.1,0.06,0.14,0.11,0.11,0.09,0.17,0.08,0.08,0.13,0.08,0.07,0.11,0.11,0.11,0.09,0.1,0.12,0.08,0.15,0.09,0.13,0.08,0.1,0.09,9.15,0.0,3.71,4.02,3.5,5.11,4.84,5.11,11.18,Walking
12,0.09,0.1,0.08,0.12,0.09,0.12,0.08,0.12,0.09,0.13,0.1,0.1,0.11,0.1,0.11,0.12,0.12,0.04,0.08,0.15,0.1,0.12,0.11,0.1,0.1,0.11,0.08,0.1,0.08,0.12,9.21,0.27,3.62,3.95,3.98,4.96,4.86,4.96,11.31,Walking
12,0.14,0.04,0.09,0.12,0.1,0.08,0.12,0.14,0.08,0.11,0.09,0.11,0.1,0.13,0.07,0.09,0.08,0.11,0.15,0.1,0.13,0.12,0.1,0.12,0.08,0.08,0.06,0.1,0.15,0.09,9.55,-0.03,3.85,4.06,4.05,5.42,4.85,5.42,11.75,Walking
12,0.12,0.12,0.1,0.06,0.08,0.11,0.1,0.12,0.07,0.13,0.15,0.05,0.1,0.1,0.08,0.11,0.1,0.12,0.09,0.13,0.15,0.07,0.05,0.14,0.11,0.1,0.1,0.09,0.09,0.13,9.32,0.03,4.2,4.05,3.89,5.79,4.94,5.79,11.67,Walking
12,0.11,0.11,0.1,0.1,0.09,0.09,0.12,0.06,0.09,0.14,0.09,0.15,0.09,0.09,0.06,0.1,0.12,0.12,0.12,0.09,0.1,0.11,0.09,0.09,0.11,0.15,0.08,0.09,0.09,0.11,9.28,0.05,4.09,4.11,3.65,5.6,4.91,5.6,11.53,Walking
12,0.1,0.1,0.1,0.12,0.08,0.11,0.1,0.09,0.13,0.1,0.1,0.1,0.08,0.13,0.14,0.07,0.08,0.1,0.11,0.11,0.14,0.11,0.07,0.08,0.09,0.13,0.08,0.12,0.1,0.12,9.24,0.14,3.59,3.88,3.9,4.9,4.7,4.9,11.36,Walking
12,0.13,0.09,0.12,0.08,0.12,0.05,0.13,0.1,0.09,0.11,0.11,0.1,0.11,0.09,0.08,0.13,0.12,0.1,0.1,0.09,0.09,0.11,0.12,0.11,0.05,0.12,0.09,0.13,0.11,0.1,9.1,0.25,3.91,3.83,3.71,5.27,4.72,5.27,11.33,Walking
12,0.11,0.11,0.07,0.14,0.08,0.1,0.1,0.08,0.1,0.13,0.1,0.12,0.09,0.07,0.11,0.07,0.13,0.11,0.11,0.12,0.06,0.15,0.11,0.09,0.13,0.09,0.1,0.09,0.09,0.11,9.47,0.3,3.89,4.0,3.81,5.35,4.78,5.35,11.65,Walking
12,0.12,0.09,0.15,0.09,0.1,0.09,0.1,0.09,0.13,0.07,0.08,0.13,0.13,0.08,0.11,0.1,0.05,0.1,0.12,0.13,0.06,0.13,0.13,0.16,0.05,0.11,0.11,0.06,0.12,0.09,9.43,0.08,3.77,4.04,3.72,5.24,4.78,5.24,11.5,Walking
12,0.09,0.1,0.09,0.12,0.12,0.06,0.16,0.08,0.12,0.08,0.1,0.12,0.11,0.08,0.1,0.09,0.12,0.11,0.1,0.1,0.08,0.09,0.13,0.09,0.12,0.08,0.11,0.14,0.11,0.08,9.23,0.3,3.44,3.9,3.65,4.79,4.73,4.79,11.16,Walking
12,0.1,0.11,0.09,0.1,0.11,0.12,0.11,0.09,0.1,0.1,0.09,0.1,0.11,0.13,0.08,0.1,0.07,0.14,0.11,0.09,0.08,0.08,0.13,0.11,0.1,0.09,0.12,0.09,0.13,0.1,9.21,0.41,3.58,3.79,3.68,5.06,4.55,5.06,11.2,Walking
12,0.09,0.1,0.06,0.12,0.1,0.16,0.08,0.12,0.09,0.1,0.09,0.08,0.11,0.12,0.11,0.08,0.15,0.1,0.1,0.08,0.04,0.13,0.12,0.11,0.11,0.09,0.14,0.1,0.09,0.1,9.08,0.37,3.36,3.61,3.51,4.74,4.47,4.74,10.96,Walking
12,0.06,0.02,0.03,0.09,0.1,0.06,0.07,0.09,0.06,0.03,0.05,0.09,0.05,0.05,0.03,0.07,0.08,0.09,0.06,0.05,0.06,0.05,0.04,0.05,0.09,0.08,0.07,0.06,0.05,0.05,5.52,0.24,1.75,2.79,2.03,4.33,5.8,4.33,6.47,Walking
12,0.03,0.1,0.13,0.16,0.18,0.16,0.07,0.07,0.06,0.07,0.11,0.07,0.08,0.1,0.14,0.13,0.06,0.09,0.15,0.0,0.04,0.04,0.08,0.16,0.14,0.16,0.13,0.13,0.1,0.05,8.8,2.02,2.84,8.11,3.59,3.68,9.08,3.68,12.58,Jogging
12,0.11,0.09,0.11,0.19,0.11,0.14,0.09,0.08,0.08,0.03,0.09,0.13,0.08,0.07,0.17,0.08,0.11,0.12,0.12,0.0,0.07,0.1,0.07,0.12,0.11,0.14,0.15,0.14,0.08,0.05,8.19,1.59,3.49,8.1,3.95,4.82,9.02,4.82,12.69,Jogging
12,0.06,0.08,0.15,0.13,0.09,0.12,0.14,0.13,0.08,0.04,0.11,0.09,0.06,0.12,0.13,0.16,0.07,0.12,0.12,0.0,0.08,0.08,0.08,0.1,0.14,0.14,0.08,0.13,0.09,0.1,8.35,2.19,3.23,7.78,4.49,4.12,8.81,4.12,12.79,Jogging
12,0.11,0.11,0.12,0.09,0.12,0.09,0.11,0.09,0.11,0.07,0.1,0.08,0.07,0.13,0.13,0.11,0.12,0.11,0.07,0.0,0.08,0.08,0.1,0.1,0.11,0.12,0.09,0.09,0.13,0.12,8.46,2.36,3.75,7.84,4.85,4.69,8.76,4.69,13.13,Jogging
12,0.09,0.11,0.11,0.1,0.12,0.09,0.15,0.06,0.08,0.11,0.1,0.11,0.06,0.11,0.12,0.1,0.13,0.1,0.07,0.0,0.1,0.11,0.11,0.06,0.11,0.11,0.09,0.1,0.13,0.1,8.48,2.0,3.97,8.26,4.78,5.26,9.11,5.26,13.51,Jogging
12,0.07,0.14,0.09,0.1,0.13,0.12,0.09,0.09,0.09,0.1,0.08,0.12,0.07,0.12,0.12,0.13,0.08,0.11,0.12,0.0,0.08,0.15,0.08,0.08,0.09,0.11,0.12,0.13,0.1,0.09,8.53,1.79,3.7,7.93,4.57,4.81,8.91,4.81,13.05,Jogging
12,0.05,0.09,0.1,0.1,0.13,0.12,0.09,0.11,0.1,0.12,0.1,0.09,0.05,0.16,0.1,0.08,0.14,0.1,0.08,0.0,0.14,0.13,0.06,0.08,0.1,0.12,0.16,0.05,0.08,0.11,8.76,1.41,3.62,8.36,5.04,4.66,9.14,4.66,13.47,Jogging
12,0.06,0.13,0.1,0.14,0.09,0.07,0.13,0.15,0.09,0.07,0.14,0.08,0.09,0.11,0.06,0.14,0.09,0.1,0.1,0.0,0.1,0.16,0.09,0.08,0.07,0.08,0.09,0.12,0.14,0.08,8.3,1.76,3.66,8.73,5.14,4.62,9.51,4.62,13.5,Jogging
12,0.07,0.1,0.11,0.16,0.1,0.08,0.1,0.09,0.13,0.07,0.14,0.09,0.07,0.13,0.1,0.11,0.08,0.12,0.07,0.0,0.1,0.13,0.1,0.1,0.07,0.1,0.12,0.11,0.08,0.11,7.89,1.78,3.84,8.59,4.87,4.98,9.43,4.98,13.2,Jogging
12,0.07,0.16,0.12,0.09,0.09,0.11,0.06,0.1,0.09,0.12,0.11,0.08,0.09,0.1,0.11,0.12,0.11,0.11,0.09,0.0,0.09,0.1,0.1,0.11,0.09,0.06,0.1,0.1,0.14,0.13,8.66,2.5,4.17,8.19,5.39,5.3,8.98,5.3,13.81,Jogging
12,0.09,0.06,0.1,0.14,0.11,0.14,0.12,0.11,0.06,0.09,0.09,0.12,0.09,0.13,0.08,0.13,0.12,0.06,0.1,0.0,0.05,0.13,0.09,0.12,0.09,0.14,0.09,0.08,0.12,0.12,8.03,2.37,3.5,8.15,4.76,4.66,8.96,4.66,12.87,Jogging
12,0.06,0.03,0.06,0.09,0.07,0.16,0.1,0.13,0.12,0.2,0.12,0.07,0.09,0.12,0.12,0.12,0.13,0.08,0.09,0.0,0.06,0.08,0.12,0.13,0.13,0.11,0.12,0.08,0.08,0.11,8.31,1.84,3.92,8.01,4.4,5.15,8.96,5.15,13.02,Jogging
12,0.05,0.09,0.06,0.12,0.13,0.14,0.11,0.09,0.11,0.11,0.09,0.06,0.13,0.07,0.16,0.12,0.1,0.12,0.08,0.0,0.05,0.08,0.08,0.18,0.13,0.11,0.09,0.1,0.11,0.09,8.62,1.99,3.49,7.62,4.36,4.61,8.65,4.61,12.8,Jogging
12,0.04,0.09,0.08,0.1,0.12,0.13,0.12,0.11,0.13,0.11,0.1,0.06,0.11,0.12,0.13,0.11,0.11,0.08,0.1,0.0,0.12,0.07,0.11,0.15,0.08,0.11,0.1,0.08,0.1,0.11,8.46,1.64,3.42,7.87,4.75,4.35,8.84,4.35,13.07,Jogging
12,0.12,0.06,0.14,0.1,0.1,0.12,0.1,0.06,0.09,0.14,0.11,0.13,0.09,0.09,0.06,0.09,0.11,0.15,0.12,0.0,0.1,0.1,0.08,0.08,0.09,0.12,0.14,0.1,0.11,0.09,8.62,1.94,4.31,8.86,4.58,5.55,9.55,5.55,13.93,Jogging
12,0.12,0.08,0.12,0.14,0.09,0.09,0.1,0.08,0.12,0.08,0.1,0.15,0.1,0.11,0.06,0.1,0.15,0.09,0.09,0.0,0.09,0.08,0.11,0.08,0.12,0.11,0.09,0.13,0.09,0.12,7.8,2.28,4.09,8.73,4.89,5.23,9.33,5.23,13.4,Jogging
12,0.11,0.12,0.1,0.11,0.09,0.08,0.09,0.13,0.11,0.09,0.11,0.11,0.11,0.09,0.07,0.11,0.1,0.1,0.11,0.0,0.09,0.11,0.11,0.08,0.12,0.13,0.1,0.09,0.1,0.08,8.35,1.55,4.11,8.62,4.45,5.1,9.4,5.1,13.4,Jogging
12,0.14,0.07,0.11,0.08,0.1,0.1,0.09,0.08,0.1,0.15,0.11,0.11,0.11,0.07,0.09,0.09,0.1,0.12,0.1,0.0,0.16,0.07,0.11,0.11,0.06,0.12,0.1,0.08,0.1,0.11,8.34,1.58,4.54,8.77,5.15,5.73,9.47,5.73,13.94,Jogging
12,0.13,0.08,0.09,0.12,0.08,0.08,0.11,0.11,0.09,0.13,0.09,0.11,0.11,0.1,0.11,0.07,0.11,0.13,0.08,0.0,0.1,0.12,0.11,0.12,0.06,0.07,0.09,0.12,0.09,0.13,8.5,1.88,4.36,8.51,5.27,5.5,9.22,5.5,13.79,Jogging
12,0.14,0.13,0.08,0.08,0.1,0.07,0.09,0.12,0.09,0.12,0.08,0.16,0.12,0.08,0.09,0.07,0.08,0.1,0.13,0.0,0.11,0.1,0.11,0.09,0.12,0.09,0.06,0.14,0.13,0.08,8.29,1.61,4.5,8.84,4.68,5.57,9.44,5.57,13.51,Jogging
12,0.16,0.09,0.11,0.07,0.1,0.09,0.07,0.11,0.12,0.1,0.09,0.13,0.11,0.08,0.1,0.07,0.1,0.08,0.11,0.0,0.11,0.11,0.11,0.07,0.12,0.08,0.08,0.1,0.13,0.11,8.42,1.87,4.71,8.78,5.17,5.96,9.49,5.96,14.07,Jogging
12,0.16,0.11,0.08,0.09,0.08,0.07,0.09,0.08,0.12,0.14,0.1,0.08,0.15,0.12,0.07,0.09,0.05,0.09,0.15,0.0,0.16,0.11,0.11,0.1,0.12,0.08,0.09,0.08,0.09,0.1,8.62,0.89,4.82,8.89,4.98,5.87,9.51,5.87,14.05,Jogging
12,0.12,0.11,0.09,0.09,0.1,0.08,0.12,0.09,0.12,0.11,0.12,0.12,0.1,0.07,0.1,0.09,0.1,0.08,0.1,0.0,0.15,0.09,0.08,0.09,0.13,0.07,0.13,0.06,0.09,0.13,8.24,1.58,4.37,8.77,5.29,5.49,9.55,5.49,14.03,Jogging
12,0.14,0.14,0.11,0.05,0.06,0.12,0.08,0.12,0.11,0.1,0.06,0.11,0.15,0.13,0.09,0.08,0.09,0.1,0.1,0.0,0.12,0.12,0.11,0.09,0.05,0.12,0.07,0.11,0.12,0.11,8.24,1.7,4.48,8.37,5.29,5.6,9.09,5.6,13.81,Jogging
12,0.14,0.12,0.07,0.05,0.1,0.08,0.1,0.14,0.13,0.1,0.09,0.12,0.14,0.09,0.07,0.03,0.14,0.13,0.09,0.0,0.11,0.09,0.14,0.11,0.09,0.07,0.1,0.12,0.07,0.11,8.38,1.7,4.37,8.91,4.94,5.54,9.52,5.54,13.75,Jogging
12,0.13,0.13,0.06,0.07,0.13,0.08,0.15,0.06,0.12,0.1,0.11,0.09,0.11,0.13,0.06,0.1,0.08,0.11,0.09,0.0,0.14,0.13,0.08,0.12,0.08,0.09,0.13,0.08,0.07,0.11,8.46,1.29,4.07,8.78,5.04,5.17,9.45,5.17,13.65,Jogging
12,0.13,0.1,0.13,0.08,0.07,0.08,0.1,0.11,0.11,0.11,0.09,0.13,0.13,0.08,0.07,0.09,0.11,0.1,0.08,0.0,0.11,0.11,0.13,0.09,0.11,0.06,0.1,0.1,0.1,0.11,8.4,1.66,4.35,8.83,5.05,5.35,9.46,5.35,13.75,Jogging
12,0.15,0.13,0.07,0.08,0.08,0.07,0.08,0.12,0.09,0.14,0.11,0.09,0.13,0.09,0.1,0.1,0.07,0.1,0.1,0.0,0.12,0.11,0.11,0.1,0.09,0.08,0.09,0.14,0.1,0.09,8.18,1.49,4.89,8.58,5.03,6.01,9.34,6.01,13.84,Jogging
12,0.13,0.13,0.1,0.1,0.08,0.07,0.07,0.12,0.12,0.1,0.08,0.15,0.16,0.06,0.07,0.11,0.1,0.09,0.11,0.0,0.08,0.12,0.13,0.14,0.09,0.07,0.09,0.09,0.08,0.13,8.03,1.77,4.47,8.79,5.04,5.48,9.42,5.48,13.55,Jogging
12,0.02,0.02,0.05,0.04,0.02,0.06,0.05,0.04,0.05,0.01,0.01,0.02,0.02,0.06,0.1,0.07,0.04,0.02,0.02,0.0,0.01,0.03,0.05,0.03,0.06,0.04,0.02,0.06,0.06,0.01,2.93,0.76,1.02,2.4,1.31,3.97,8.41,3.97,3.91,Jogging
12,0.07,0.0,0.24,0.27,0.19,0.11,0.0,0.0,0.08,0.05,0.14,0.25,0.0,0.35,0.0,0.22,0.02,0.01,0.0,0.01,0.01,0.0,0.0,0.01,0.08,0.12,0.27,0.0,0.18,0.29,-2.19,4.13,8.1,0.04,0.09,8.1,0.21,8.1,9.36,Sitting
12,0.01,0.0,0.29,0.54,0.16,0.0,0.0,0.0,0.01,0.0,0.02,0.25,0.0,0.56,0.0,0.18,0.0,0.0,0.0,0.0,0.0,0.0,0.0,0.0,0.0,0.01,0.12,0.0,0.47,0.4,-2.18,4.19,8.08,0.02,0.02,8.08,0.04,8.08,9.36,Sitting
12,0.09,0.0,0.56,0.31,0.05,0.0,0.0,0.0,0.0,0.0,0.07,0.33,0.0,0.5,0.0,0.11,0.0,0.0,0.0,0.0,0.0,0.0,0.0,0.0,0.0,0.0,0.13,0.0,0.24,0.59,-2.19,4.21,8.06,0.03,0.03,8.06,0.03,8.06,9.35,Sitting
12,0.08,0.0,0.53,0.38,0.02,0.0,0.0,0.0,0.0,0.0,0.16,0.47,0.0,0.36,0.0,0.02,0.0,0.0,0.0,0.0,0.0,0.0,0.0,0.0,0.0,0.0,0.15,0.0,0.49,0.36,-2.21,4.19,8.06,0.02,0.02,8.06,0.03,8.06,9.35,Sitting
12,0.03,0.0,0.36,0.35,0.14,0.09,0.0,0.0,0.04,0.02,0.07,0.19,0.0,0.35,0.0,0.37,0.02,0.02,0.0,0.0,0.0,0.0,0.0,0.0,0.04,0.11,0.38,0.0,0.32,0.17,-2.17,4.13,8.09,0.04,0.06,8.09,0.05,8.09,9.34,Sitting
12,0.01,0.0,0.01,0.03,0.13,0.44,0.0,0.0,0.37,0.03,0.01,0.05,0.0,0.12,0.0,0.65,0.15,0.03,0.0,0.01,0.0,0.0,0.0,0.02,0.3,0.54,0.14,0.0,0.01,0.0,-2.13,3.98,8.17,0.03,0.03,8.17,0.05,8.17,9.33,Sitting
12,0.02,0.0,0.01,0.02,0.07,0.4,0.0,0.0,0.38,0.13,0.01,0.01,0.0,0.05,0.0,0.68,0.16,0.06,0.0,0.03,0.0,0.01,0.01,0.19,0.59,0.18,0.03,0.0,0.0,0.0,-2.11,3.93,8.18,0.03,0.04,8.18,0.05,8.18,9.32,Sitting
12,0.0,0.0,0.0,0.02,0.04,0.05,0.0,0.0,0.38,0.52,0.01,0.01,0.0,0.03,0.0,0.08,0.23,0.53,0.0,0.12,0.02,0.04,0.2,0.42,0.23,0.07,0.04,0.0,0.0,0.01,-2.05,3.88,8.21,0.03,0.05,8.22,0.05,8.22,9.31,Sitting
12,0.0,0.0,0.0,0.0,0.0,0.05,0.0,0.0,0.58,0.38,0.0,0.0,0.0,0.0,0.0,0.0,0.08,0.56,0.0,0.36,0.02,0.24,0.5,0.23,0.01,0.0,0.0,0.0,0.0,0.0,-2.02,3.83,8.21,0.02,0.02,8.22,0.03,8.22,9.28,Sitting
12,0.0,0.0,0.0,0.0,0.0,0.09,0.0,0.0,0.53,0.39,0.0,0.0,0.0,0.0,0.0,0.01,0.08,0.39,0.0,0.53,0.2,0.31,0.36,0.12,0.01,0.01,0.0,0.0,0.0,0.0,-2.0,3.81,8.21,0.03,0.03,8.21,0.04,8.21,9.27,Sitting
12,0.0,0.0,0.0,0.0,0.01,0.23,0.0,0.0,0.56,0.21,0.0,0.0,0.0,0.0,0.0,0.0,0.0,0.03,0.0,0.97,0.62,0.31,0.07,0.0,0.0,0.0,0.0,0.0,0.0,0.0,-1.96,3.77,8.2,0.02,0.02,8.2,0.03,8.2,9.23,Sitting
12,0.03,0.0,0.0,0.0,0.01,0.08,0.0,0.0,0.2,0.08,0.01,0.0,0.0,0.0,0.0,0.02,0.01,0.03,0.0,0.34,0.25,0.14,0.06,0.0,0.0,0.0,0.0,0.0,0.0,0.0,-0.86,1.63,3.61,0.48,0.91,8.2,1.11,8.2,4.05,Sitting
12,0.11,0.1,0.07,0.11,0.1,0.09,0.09,0.11,0.09,0.15,0.06,0.13,0.08,0.09,0.11,0.11,0.11,0.1,0.11,0.12,0.07,0.09,0.11,0.1,0.13,0.11,0.09,0.13,0.11,0.09,8.16,2.73,4.04,4.3,2.6,5.22,5.34,5.22,11.09,Upstairs
12,0.11,0.09,0.12,0.08,0.12,0.11,0.08,0.1,0.13,0.09,0.1,0.1,0.1,0.1,0.12,0.09,0.13,0.09,0.07,0.11,0.13,0.12,0.11,0.09,0.09,0.09,0.09,0.1,0.09,0.12,7.76,2.65,3.89,4.43,3.11,5.09,5.59,5.09,11.03,Upstairs
12,0.08,0.1,0.14,0.12,0.08,0.09,0.09,0.09,0.1,0.13,0.14,0.07,0.11,0.12,0.12,0.07,0.09,0.11,0.11,0.08,0.12,0.08,0.08,0.12,0.1,0.09,0.11,0.08,0.11,0.1,7.35,2.89,3.89,4.58,3.11,4.79,5.72,4.79,10.88,Upstairs
12,0.09,0.09,0.07,0.1,0.08,0.11,0.13,0.09,0.08,0.04,0.09,0.09,0.1,0.07,0.06,0.13,0.08,0.09,0.11,0.08,0.08,0.1,0.07,0.07,0.09,0.1,0.12,0.08,0.09,0.08,6.76,2.33,3.11,4.0,2.39,4.9,5.54,4.9,9.46,Upstairs
12,0.07,0.15,0.12,0.11,0.09,0.08,0.1,0.08,0.11,0.09,0.11,0.13,0.12,0.09,0.09,0.08,0.09,0.1,0.09,0.12,0.09,0.08,0.12,0.05,0.09,0.08,0.14,0.1,0.15,0.13,7.97,3.06,3.22,5.07,4.06,4.23,5.94,4.23,10.96,Downstairs
12,0.13,0.05,0.09,0.09,0.09,0.1,0.13,0.1,0.12,0.12,0.13,0.08,0.09,0.13,0.11,0.09,0.09,0.1,0.09,0.11,0.1,0.09,0.1,0.11,0.11,0.12,0.1,0.1,0.12,0.08,8.02,2.33,3.07,4.96,3.83,4.23,6.08,4.23,10.86,Downstairs
12,0.12,0.13,0.1,0.09,0.09,0.11,0.06,0.12,0.09,0.11,0.09,0.11,0.11,0.08,0.09,0.11,0.08,0.11,0.14,0.11,0.12,0.13,0.09,0.14,0.09,0.09,0.05,0.12,0.07,0.12,8.58,1.98,3.22,4.92,4.15,4.17,5.83,4.17,11.28,Downstairs
12,0.01,0.01,0.02,0.04,0.06,0.04,0.04,0.03,0.02,0.02,0.0,0.01,0.02,0.04,0.04,0.06,0.08,0.03,0.01,0.01,0.02,0.03,0.03,0.02,0.05,0.07,0.04,0.03,0.0,0.01,2.39,0.32,0.55,1.74,0.61,2.75,6.88,2.75,2.64,Downstairs
12,0.11,0.09,0.16,0.14,0.13,0.08,0.11,0.09,0.05,0.06,0.09,0.11,0.08,0.15,0.11,0.12,0.09,0.09,0.06,0.11,0.08,0.07,0.1,0.13,0.11,0.12,0.13,0.08,0.08,0.12,8.22,2.7,3.3,5.21,3.34,4.17,6.67,4.17,11.46,Upstairs
12,0.12,0.09,0.11,0.09,0.12,0.09,0.1,0.09,0.1,0.09,0.13,0.11,0.12,0.07,0.03,0.08,0.1,0.11,0.17,0.08,0.15,0.13,0.07,0.06,0.04,0.12,0.05,0.11,0.19,0.11,8.31,2.56,3.63,6.51,4.17,4.83,7.81,4.83,12.48,Upstairs
12,0.12,0.13,0.08,0.08,0.1,0.1,0.08,0.13,0.09,0.11,0.11,0.11,0.1,0.08,0.05,0.03,0.14,0.14,0.11,0.14,0.11,0.13,0.14,0.04,0.11,0.07,0.09,0.14,0.06,0.1,9.08,2.45,3.45,6.22,3.87,4.46,7.43,4.46,12.51,Upstairs
12,0.0,0.02,0.01,0.02,0.03,0.07,0.06,0.05,0.1,0.09,0.02,0.01,0.04,0.05,0.16,0.12,0.03,0.01,0.01,0.01,0.01,0.01,0.04,0.13,0.07,0.05,0.08,0.03,0.03,0.01,3.46,1.07,1.0,2.24,0.92,2.93,5.75,2.93,4.15,Upstairs
12,0.14,0.16,0.14,0.14,0.1,0.09,0.08,0.05,0.07,0.06,0.11,0.08,0.11,0.1,0.13,0.11,0.12,0.1,0.09,0.06,0.09,0.08,0.09,0.08,0.13,0.14,0.13,0.1,0.09,0.1,8.48,2.24,3.65,3.77,3.21,4.59,4.79,4.59,11.0,Downstairs
12,0.09,0.11,0.1,0.07,0.11,0.16,0.11,0.12,0.04,0.12,0.1,0.11,0.09,0.15,0.07,0.07,0.11,0.14,0.07,0.11,0.1,0.11,0.13,0.08,0.12,0.08,0.08,0.09,0.11,0.12,8.67,2.27,2.95,4.19,3.79,3.96,5.1,3.96,11.06,Downstairs
12,0.08,0.06,0.1,0.1,0.09,0.08,0.1,0.09,0.19,0.12,0.09,0.09,0.14,0.06,0.11,0.1,0.09,0.06,0.09,0.18,0.11,0.08,0.13,0.09,0.06,0.12,0.1,0.17,0.07,0.09,9.19,2.23,2.8,4.34,3.52,3.61,5.24,3.61,11.36,Downstairs
12,0.06,0.02,0.03,0.06,0.05,0.03,0.07,0.11,0.05,0.08,0.06,0.07,0.03,0.05,0.05,0.08,0.03,0.07,0.04,0.08,0.05,0.05,0.05,0.1,0.05,0.04,0.04,0.02,0.09,0.05,4.77,1.31,1.49,3.0,1.95,3.94,6.68,3.94,5.99,Downstairs
12,0.07,0.09,0.07,0.09,0.11,0.1,0.11,0.13,0.09,0.12,0.1,0.12,0.11,0.09,0.09,0.1,0.08,0.11,0.07,0.13,0.11,0.09,0.08,0.11,0.12,0.1,0.08,0.12,0.09,0.11,8.68,2.26,3.27,6.02,4.44,4.22,7.4,4.22,12.44,Upstairs
12,0.1,0.13,0.11,0.1,0.08,0.1,0.08,0.12,0.11,0.09,0.12,0.1,0.11,0.12,0.08,0.06,0.11,0.09,0.12,0.1,0.1,0.11,0.12,0.08,0.08,0.08,0.09,0.08,0.16,0.11,8.35,2.22,3.43,6.14,4.45,4.34,7.45,4.34,12.25,Upstairs
12,0.15,0.07,0.13,0.12,0.11,0.11,0.09,0.06,0.11,0.08,0.1,0.11,0.1,0.08,0.07,0.11,0.12,0.11,0.14,0.09,0.1,0.11,0.11,0.09,0.09,0.1,0.12,0.11,0.08,0.1,8.84,1.93,3.26,5.81,4.11,4.06,7.1,4.06,12.4,Upstairs
12,0.01,0.02,0.01,0.01,0.03,0.02,0.04,0.02,0.02,0.03,0.0,0.0,0.0,0.03,0.08,0.05,0.02,0.01,0.0,0.0,0.01,0.01,0.01,0.04,0.04,0.05,0.03,0.01,0.0,0.0,1.72,0.2,0.52,1.4,0.35,3.6,7.8,3.6,1.91,Upstairs
12,0.07,0.09,0.14,0.16,0.13,0.12,0.08,0.07,0.07,0.09,0.09,0.1,0.1,0.12,0.11,0.12,0.16,0.06,0.08,0.07,0.06,0.06,0.11,0.06,0.13,0.11,0.11,0.14,0.15,0.09,7.88,2.64,3.19,3.83,3.07,3.92,4.9,3.92,10.21,Downstairs
12,0.16,0.1,0.07,0.1,0.09,0.07,0.1,0.13,0.1,0.1,0.14,0.11,0.09,0.07,0.1,0.05,0.09,0.13,0.12,0.12,0.15,0.11,0.09,0.11,0.1,0.06,0.1,0.11,0.08,0.11,8.27,1.98,3.59,5.19,3.79,4.7,6.15,4.7,11.36,Downstairs
12,0.1,0.13,0.1,0.07,0.09,0.08,0.12,0.08,0.12,0.13,0.09,0.1,0.12,0.11,0.11,0.1,0.06,0.09,0.11,0.12,0.07,0.14,0.12,0.12,0.09,0.11,0.09,0.07,0.08,0.13,8.54,2.17,3.5,4.6,3.57,4.52,5.63,4.52,11.03,Downstairs
12,0.05,0.06,0.06,0.05,0.08,0.11,0.09,0.1,0.09,0.06,0.05,0.08,0.07,0.07,0.07,0.1,0.08,0.09,0.06,0.06,0.09,0.08,0.06,0.08,0.07,0.09,0.07,0.07,0.08,0.05,6.01,1.1,1.86,3.19,2.17,3.52,5.52,3.52,7.36,Downstairs
12,0.21,0.13,0.1,0.14,0.1,0.13,0.07,0.05,0.07,0.03,0.14,0.1,0.11,0.0,0.19,0.16,0.0,0.17,0.07,0.0,0.15,0.23,0.21,0.14,0.09,0.05,0.06,0.06,0.03,0.01,8.43,-1.22,3.33,0.07,0.11,3.33,0.19,3.33,9.15,Standing
12,0.11,0.11,0.11,0.13,0.14,0.1,0.1,0.09,0.09,0.06,0.09,0.09,0.15,0.0,0.19,0.13,0.0,0.12,0.11,0.0,0.06,0.11,0.1,0.1,0.06,0.12,0.13,0.11,0.1,0.13,8.46,-1.09,3.29,0.08,0.15,3.3,0.1,3.3,9.14,Standing
12,0.11,0.05,0.1,0.15,0.09,0.14,0.13,0.1,0.09,0.08,0.06,0.07,0.15,0.0,0.15,0.17,0.0,0.19,0.14,0.0,0.01,0.09,0.12,0.1,0.12,0.09,0.25,0.13,0.06,0.04,8.46,-1.1,3.28,0.06,0.1,3.28,0.08,3.28,9.15,Standing
12,0.04,0.05,0.06,0.09,0.09,0.1,0.15,0.14,0.16,0.15,0.1,0.05,0.12,0.0,0.15,0.17,0.0,0.22,0.08,0.0,0.17,0.14,0.15,0.1,0.08,0.12,0.13,0.1,0.03,0.02,8.47,-1.19,3.21,0.07,0.13,3.21,0.1,3.21,9.13,Standing
12,0.1,0.05,0.09,0.12,0.08,0.1,0.14,0.14,0.1,0.11,0.12,0.08,0.11,0.0,0.17,0.17,0.0,0.11,0.1,0.0,0.06,0.12,0.2,0.08,0.08,0.1,0.17,0.08,0.08,0.04,8.46,-1.14,3.25,0.08,0.12,3.26,0.1,3.26,9.14,Standing
12,0.04,0.06,0.07,0.12,0.13,0.13,0.13,0.11,0.15,0.09,0.03,0.06,0.14,0.0,0.19,0.22,0.0,0.19,0.11,0.0,0.04,0.1,0.2,0.09,0.15,0.08,0.19,0.12,0.02,0.05,8.46,-1.14,3.24,0.06,0.11,3.25,0.08,3.25,9.14,Standing
12,0.13,0.03,0.05,0.08,0.04,0.1,0.1,0.13,0.16,0.21,0.04,0.08,0.1,0.0,0.15,0.12,0.0,0.18,0.15,0.0,0.05,0.05,0.16,0.08,0.1,0.09,0.13,0.15,0.09,0.13,8.49,-1.06,3.21,0.08,0.16,3.22,0.12,3.22,9.14,Standing
12,0.02,0.03,0.04,0.05,0.05,0.06,0.08,0.15,0.22,0.33,0.02,0.03,0.05,0.0,0.07,0.13,0.0,0.12,0.15,0.0,0.0,0.0,0.01,0.0,0.01,0.02,0.05,0.19,0.21,0.53,8.54,-0.81,3.13,0.08,0.15,3.14,0.1,3.14,9.14,Standing
12,0.03,0.01,0.02,0.03,0.02,0.03,0.08,0.06,0.07,0.05,0.02,0.02,0.03,0.0,0.05,0.07,0.0,0.06,0.04,0.0,0.0,0.0,0.01,0.0,0.01,0.01,0.08,0.09,0.05,0.1,2.97,-0.31,1.13,1.93,0.21,3.24,5.52,3.24,3.2,Standing
12,0.11,0.1,0.05,0.14,0.13,0.11,0.09,0.1,0.09,0.08,0.09,0.12,0.1,0.09,0.1,0.11,0.07,0.11,0.1,0.08,0.08,0.1,0.09,0.08,0.1,0.14,0.13,0.1,0.06,0.13,8.56,3.02,3.17,6.46,4.24,4.13,7.71,4.13,12.45,Upstairs
12,0.07,0.09,0.17,0.07,0.07,0.12,0.13,0.11,0.08,0.11,0.12,0.1,0.1,0.1,0.09,0.14,0.1,0.07,0.09,0.09,0.15,0.09,0.12,0.08,0.08,0.1,0.06,0.1,0.16,0.09,8.11,2.38,3.07,6.27,5.02,3.98,7.73,3.98,12.34,Upstairs
12,0.08,0.07,0.03,0.07,0.06,0.03,0.05,0.05,0.1,0.07,0.05,0.04,0.06,0.08,0.05,0.03,0.1,0.08,0.07,0.05,0.03,0.06,0.06,0.1,0.09,0.03,0.08,0.07,0.04,0.05,5.3,1.42,1.95,4.03,2.24,4.27,8.31,4.27,7.33,Upstairs
12,0.1,0.06,0.07,0.14,0.12,0.12,0.11,0.11,0.09,0.0,0.09,0.1,0.1,0.07,0.14,0.11,0.14,0.11,0.09,0.0,0.15,0.07,0.1,0.11,0.09,0.11,0.13,0.09,0.1,0.0,8.57,1.97,2.81,4.11,3.32,3.91,5.21,3.91,10.68,Downstairs
12,0.11,0.1,0.11,0.07,0.1,0.1,0.13,0.07,0.16,0.0,0.11,0.1,0.1,0.09,0.13,0.09,0.09,0.1,0.08,0.0,0.08,0.13,0.12,0.1,0.08,0.08,0.12,0.12,0.09,0.0,8.64,2.32,2.82,4.7,3.48,3.61,5.75,3.61,10.86,Downstairs
12,0.11,0.12,0.11,0.1,0.1,0.09,0.11,0.1,0.06,0.0,0.11,0.11,0.1,0.15,0.08,0.08,0.08,0.08,0.13,0.0,0.08,0.08,0.08,0.11,0.11,0.14,0.08,0.11,0.11,0.0,8.42,2.66,2.98,4.88,3.43,3.84,5.91,3.84,10.82,Downstairs
12,0.05,0.08,0.09,0.06,0.05,0.04,0.05,0.07,0.07,0.0,0.06,0.06,0.06,0.06,0.03,0.09,0.06,0.08,0.08,0.0,0.06,0.06,0.06,0.08,0.09,0.05,0.04,0.05,0.05,0.0,5.36,1.26,1.73,3.24,1.96,3.5,6.47,3.5,6.59,Downstairs
34,0.05,0.11,0.12,0.09,0.09,0.22,0.09,0.1,0.11,0.05,0.1,0.06,0.1,0.15,0.15,0.1,0.06,0.09,0.12,0.06,0.07,0.09,0.1,0.1,0.13,0.13,0.12,0.1,0.11,0.09,10.28,-0.6,3.88,4.18,3.07,4.88,5.31,4.88,12.16,Walking
34,0.12,0.1,0.1,0.13,0.07,0.1,0.12,0.11,0.06,0.11,0.1,0.08,0.11,0.14,0.07,0.09,0.08,0.12,0.16,0.05,0.11,0.06,0.12,0.14,0.12,0.1,0.08,0.08,0.13,0.09,10.24,-0.82,4.98,4.59,3.18,6.11,5.69,6.11,12.73,Walking
34,0.12,0.09,0.08,0.13,0.1,0.1,0.06,0.13,0.09,0.12,0.1,0.06,0.12,0.13,0.11,0.09,0.08,0.13,0.11,0.09,0.09,0.07,0.13,0.11,0.11,0.09,0.13,0.07,0.12,0.1,10.37,-0.74,5.19,4.41,3.08,6.42,5.53,6.42,12.87,Walking
34,0.13,0.1,0.12,0.11,0.08,0.09,0.1,0.11,0.08,0.11,0.09,0.07,0.11,0.12,0.06,0.09,0.17,0.09,0.11,0.09,0.1,0.07,0.1,0.15,0.17,0.11,0.05,0.07,0.1,0.1,10.37,-0.97,5.36,4.57,3.2,6.63,5.74,6.63,13.16,Walking
34,0.13,0.09,0.12,0.13,0.07,0.08,0.11,0.11,0.07,0.12,0.09,0.09,0.09,0.13,0.1,0.07,0.11,0.14,0.13,0.05,0.1,0.09,0.08,0.18,0.11,0.11,0.07,0.1,0.07,0.12,10.25,-0.74,5.17,4.49,3.26,6.4,5.68,6.4,12.96,Walking
34,0.11,0.09,0.12,0.12,0.1,0.08,0.11,0.11,0.08,0.1,0.1,0.07,0.12,0.1,0.09,0.1,0.14,0.11,0.09,0.07,0.1,0.11,0.12,0.15,0.08,0.06,0.11,0.06,0.1,0.13,10.19,-0.84,4.97,4.52,3.53,6.2,5.75,6.2,12.94,Walking
34,0.14,0.07,0.13,0.12,0.1,0.07,0.08,0.11,0.11,0.09,0.09,0.12,0.09,0.12,0.05,0.12,0.11,0.1,0.12,0.07,0.11,0.09,0.1,0.1,0.1,0.1,0.12,0.11,0.11,0.09,10.17,-0.75,5.21,4.62,3.2,6.46,5.77,6.46,12.88,Walking
34,0.12,0.11,0.09,0.12,0.1,0.1,0.11,0.07,0.11,0.1,0.12,0.13,0.07,0.11,0.1,0.07,0.09,0.14,0.09,0.07,0.11,0.1,0.12,0.08,0.14,0.11,0.09,0.11,0.08,0.1,9.97,-0.98,5.1,4.79,3.22,6.33,5.95,6.33,12.74,Walking
34,0.13,0.11,0.1,0.12,0.09,0.07,0.1,0.09,0.11,0.09,0.1,0.15,0.07,0.1,0.07,0.11,0.12,0.11,0.09,0.09,0.11,0.12,0.06,0.1,0.12,0.11,0.08,0.13,0.09,0.11,9.99,-0.7,5.15,4.73,3.32,6.3,5.82,6.3,12.76,Walking
34,0.12,0.11,0.08,0.13,0.11,0.11,0.1,0.1,0.06,0.11,0.1,0.11,0.07,0.12,0.09,0.1,0.13,0.1,0.08,0.09,0.11,0.09,0.08,0.11,0.12,0.12,0.11,0.09,0.08,0.11,10.05,-0.8,4.95,4.63,3.19,6.27,5.83,6.27,12.69,Walking
34,0.13,0.11,0.1,0.1,0.11,0.07,0.09,0.1,0.14,0.08,0.11,0.12,0.07,0.09,0.1,0.11,0.1,0.13,0.1,0.08,0.14,0.11,0.06,0.07,0.11,0.14,0.1,0.1,0.07,0.12,10.06,-0.72,5.06,4.7,3.4,6.25,5.95,6.25,12.93,Walking
34,0.13,0.11,0.1,0.08,0.12,0.1,0.1,0.07,0.12,0.09,0.12,0.14,0.02,0.1,0.09,0.09,0.11,0.12,0.11,0.1,0.1,0.1,0.11,0.07,0.13,0.12,0.1,0.11,0.07,0.11,10.2,-0.86,5.11,4.88,3.16,6.34,6.04,6.34,12.94,Walking
34,0.1,0.11,0.09,0.11,0.08,0.1,0.12,0.12,0.11,0.09,0.1,0.11,0.1,0.1,0.13,0.05,0.1,0.1,0.13,0.06,0.12,0.11,0.1,0.09,0.08,0.09,0.11,0.11,0.1,0.11,9.99,-0.72,4.99,4.61,3.34,6.18,5.72,6.18,12.64,Walking
34,0.14,0.08,0.1,0.13,0.07,0.08,0.09,0.11,0.12,0.09,0.09,0.13,0.07,0.09,0.09,0.09,0.14,0.12,0.07,0.09,0.13,0.12,0.07,0.13,0.09,0.09,0.08,0.1,0.09,0.12,10.23,-0.83,5.26,4.52,3.49,6.44,5.64,6.44,13.04,Walking
34,0.1,0.12,0.11,0.08,0.14,0.07,0.11,0.08,0.12,0.09,0.1,0.12,0.06,0.13,0.1,0.07,0.11,0.12,0.11,0.07,0.16,0.15,0.05,0.05,0.08,0.08,0.11,0.15,0.1,0.1,10.18,-0.96,4.83,4.7,3.46,6.04,5.83,6.04,12.81,Walking
34,0.11,0.11,0.09,0.14,0.08,0.09,0.13,0.1,0.07,0.11,0.13,0.09,0.13,0.08,0.07,0.12,0.1,0.08,0.11,0.09,0.11,0.09,0.12,0.11,0.1,0.13,0.08,0.07,0.12,0.09,10.05,-0.87,5.13,4.79,3.28,6.41,5.93,6.41,12.83,Walking
34,0.11,0.09,0.11,0.08,0.15,0.12,0.09,0.07,0.11,0.1,0.12,0.08,0.13,0.1,0.09,0.09,0.07,0.12,0.12,0.09,0.09,0.07,0.14,0.08,0.08,0.15,0.11,0.11,0.09,0.1,10.01,-0.83,4.74,4.85,3.09,6.01,5.98,6.01,12.59,Walking
34,0.12,0.1,0.1,0.08,0.11,0.12,0.11,0.07,0.11,0.11,0.1,0.11,0.13,0.07,0.1,0.12,0.06,0.11,0.11,0.08,0.13,0.12,0.08,0.09,0.07,0.11,0.12,0.1,0.12,0.08,9.92,-0.97,5.07,4.74,3.33,6.42,5.9,6.42,12.73,Walking
34,0.08,0.13,0.12,0.07,0.09,0.16,0.06,0.12,0.1,0.1,0.11,0.11,0.12,0.08,0.09,0.09,0.1,0.12,0.12,0.06,0.08,0.08,0.13,0.11,0.1,0.1,0.12,0.12,0.12,0.08,9.96,-0.64,4.65,4.68,3.07,5.69,5.74,5.69,12.38,Walking
34,0.1,0.12,0.08,0.1,0.13,0.09,0.08,0.1,0.14,0.08,0.12,0.07,0.12,0.12,0.06,0.13,0.11,0.09,0.1,0.11,0.11,0.12,0.11,0.05,0.11,0.09,0.11,0.13,0.11,0.09,9.99,-0.76,4.89,4.65,3.36,6.1,5.8,6.1,12.71,Walking
34,0.1,0.1,0.1,0.13,0.1,0.1,0.08,0.1,0.1,0.12,0.11,0.11,0.11,0.08,0.09,0.1,0.1,0.13,0.09,0.08,0.12,0.09,0.11,0.08,0.09,0.07,0.16,0.1,0.1,0.11,9.99,-0.65,4.88,4.55,3.26,6.05,5.61,6.05,12.55,Walking
34,0.09,0.09,0.09,0.12,0.14,0.08,0.13,0.09,0.11,0.1,0.11,0.09,0.12,0.12,0.11,0.08,0.07,0.1,0.11,0.08,0.1,0.13,0.1,0.06,0.08,0.1,0.15,0.11,0.12,0.09,9.95,-0.79,4.66,4.55,3.18,5.8,5.65,5.8,12.31,Walking
34,0.09,0.07,0.12,0.11,0.09,0.08,0.12,0.13,0.08,0.14,0.11,0.1,0.13,0.07,0.1,0.11,0.09,0.12,0.1,0.08,0.08,0.08,0.11,0.13,0.09,0.09,0.11,0.13,0.09,0.11,10.03,-0.58,5.12,4.6,3.21,6.35,5.7,6.35,12.67,Walking
34,0.09,0.09,0.11,0.09,0.1,0.09,0.13,0.1,0.12,0.1,0.12,0.11,0.1,0.11,0.12,0.08,0.09,0.1,0.09,0.08,0.08,0.11,0.11,0.1,0.1,0.09,0.11,0.11,0.11,0.1,9.87,-0.7,4.83,4.57,3.24,5.96,5.72,5.96,12.45,Walking
34,0.08,0.11,0.1,0.08,0.11,0.1,0.12,0.08,0.14,0.1,0.11,0.09,0.13,0.1,0.12,0.08,0.07,0.13,0.09,0.09,0.12,0.09,0.08,0.1,0.13,0.09,0.11,0.1,0.12,0.08,9.82,-0.8,5.04,4.56,3.19,6.28,5.66,6.28,12.5,Walking
34,0.08,0.12,0.11,0.07,0.11,0.09,0.06,0.16,0.13,0.09,0.08,0.1,0.11,0.12,0.08,0.15,0.12,0.07,0.08,0.1,0.1,0.08,0.11,0.17,0.11,0.05,0.09,0.1,0.09,0.13,10.16,-0.63,4.98,4.18,3.47,6.1,5.23,6.1,12.67,Walking
34,0.06,0.16,0.06,0.1,0.12,0.09,0.09,0.11,0.12,0.12,0.09,0.11,0.12,0.07,0.13,0.08,0.15,0.1,0.08,0.08,0.1,0.08,0.08,0.12,0.13,0.07,0.12,0.1,0.1,0.14,10.05,-0.36,5.05,4.24,3.38,6.17,5.28,6.17,12.65,Walking
34,0.06,0.13,0.12,0.08,0.1,0.11,0.08,0.11,0.13,0.1,0.11,0.11,0.12,0.07,0.13,0.11,0.13,0.07,0.07,0.1,0.06,0.1,0.14,0.09,0.12,0.08,0.13,0.1,0.09,0.11,9.96,-0.59,4.82,4.4,3.17,5.92,5.54,5.92,12.41,Walking
34,0.08,0.09,0.13,0.08,0.09,0.12,0.11,0.09,0.1,0.13,0.1,0.11,0.12,0.08,0.13,0.11,0.12,0.06,0.08,0.1,0.09,0.13,0.15,0.07,0.06,0.1,0.09,0.12,0.1,0.12,10.11,-0.56,4.94,4.34,3.5,6.14,5.48,6.14,12.65,Walking
34,0.08,0.07,0.11,0.1,0.12,0.12,0.13,0.1,0.07,0.12,0.07,0.11,0.08,0.09,0.14,0.16,0.13,0.09,0.07,0.05,0.08,0.09,0.11,0.09,0.12,0.13,0.07,0.13,0.12,0.09,10.35,-0.67,4.76,3.73,2.98,6.16,4.8,6.16,12.5,Walking
34,0.09,0.09,0.12,0.07,0.1,0.09,0.09,0.13,0.12,0.12,0.08,0.12,0.1,0.11,0.1,0.13,0.11,0.08,0.09,0.06,0.09,0.12,0.13,0.1,0.09,0.14,0.04,0.09,0.12,0.11,10.13,-0.71,5.22,4.25,3.34,6.45,5.36,6.45,12.79,Walking
34,0.09,0.1,0.11,0.08,0.09,0.13,0.12,0.12,0.07,0.12,0.09,0.1,0.11,0.1,0.16,0.11,0.07,0.06,0.11,0.08,0.11,0.16,0.1,0.07,0.06,0.1,0.09,0.09,0.15,0.1,10.25,-0.74,4.95,4.41,3.37,6.26,5.62,6.26,12.73,Walking
34,0.11,0.08,0.12,0.09,0.07,0.12,0.14,0.09,0.09,0.12,0.12,0.1,0.09,0.09,0.1,0.15,0.07,0.09,0.07,0.11,0.09,0.14,0.08,0.09,0.13,0.11,0.09,0.09,0.1,0.11,10.19,-0.73,5.15,4.73,3.18,6.47,5.92,6.47,12.77,Walking
34,0.02,0.03,0.03,0.04,0.09,0.08,0.05,0.04,0.04,0.02,0.02,0.04,0.03,0.06,0.08,0.05,0.05,0.04,0.03,0.03,0.01,0.03,0.05,0.05,0.04,0.08,0.06,0.07,0.01,0.03,4.19,-0.24,1.45,2.68,0.97,4.8,7.49,4.8,4.79,Walking
34,0.23,0.06,0.13,0.11,0.13,0.1,0.07,0.1,0.06,0.0,0.09,0.1,0.13,0.06,0.07,0.18,0.05,0.1,0.1,0.0,0.11,0.14,0.09,0.07,0.09,0.1,0.1,0.11,0.12,0.0,9.4,-0.62,7.1,7.59,3.87,8.14,9.03,8.14,15.14,Jogging
34,0.13,0.08,0.09,0.13,0.09,0.1,0.14,0.07,0.08,0.0,0.08,0.14,0.11,0.08,0.13,0.08,0.1,0.1,0.1,0.0,0.1,0.1,0.11,0.11,0.09,0.12,0.1,0.06,0.14,0.0,8.9,-0.57,7.4,7.56,3.75,8.48,8.99,8.48,14.99,Jogging
34,0.11,0.1,0.12,0.09,0.08,0.16,0.11,0.09,0.08,0.0,0.09,0.12,0.12,0.08,0.12,0.1,0.12,0.09,0.07,0.0,0.12,0.11,0.08,0.1,0.11,0.08,0.09,0.13,0.12,0.0,8.77,-0.62,7.43,7.49,3.69,8.38,8.91,8.38,14.79,Jogging
34,0.11,0.13,0.08,0.08,0.12,0.09,0.1,0.08,0.13,0.0,0.09,0.11,0.13,0.08,0.11,0.09,0.12,0.1,0.08,0.0,0.1,0.11,0.12,0.1,0.06,0.11,0.11,0.1,0.11,0.0,9.03,-0.59,7.82,7.68,3.55,8.8,9.06,8.8,15.25,Jogging
34,0.1,0.11,0.12,0.13,0.09,0.11,0.07,0.11,0.08,0.0,0.11,0.1,0.12,0.09,0.12,0.11,0.09,0.09,0.09,0.0,0.11,0.11,0.07,0.12,0.11,0.07,0.09,0.14,0.14,0.0,8.77,-0.72,7.18,7.57,3.58,8.3,9.0,8.3,14.7,Jogging
34,0.1,0.12,0.1,0.11,0.09,0.09,0.12,0.13,0.11,0.0,0.13,0.09,0.09,0.11,0.12,0.08,0.1,0.09,0.11,0.0,0.11,0.1,0.11,0.1,0.07,0.06,0.13,0.11,0.14,0.0,8.62,-0.67,7.24,7.81,3.58,8.16,9.27,8.16,14.82,Jogging
34,0.08,0.09,0.11,0.08,0.12,0.13,0.07,0.12,0.12,0.0,0.09,0.11,0.08,0.11,0.1,0.12,0.11,0.11,0.1,0.0,0.1,0.09,0.08,0.13,0.12,0.09,0.1,0.11,0.11,0.0,9.03,-0.48,7.55,7.5,3.57,8.53,8.95,8.53,15.12,Jogging
34,0.08,0.13,0.09,0.13,0.09,0.11,0.09,0.11,0.11,0.0,0.12,0.1,0.09,0.11,0.1,0.08,0.09,0.11,0.14,0.0,0.1,0.09,0.12,0.13,0.09,0.08,0.08,0.13,0.1,0.0,8.97,-0.75,7.18,7.93,3.46,8.19,9.35,8.19,14.98,Jogging
34,0.07,0.12,0.1,0.13,0.08,0.12,0.08,0.12,0.1,0.0,0.09,0.11,0.1,0.08,0.11,0.09,0.13,0.09,0.1,0.0,0.1,0.11,0.12,0.11,0.06,0.12,0.07,0.11,0.11,0.0,9.16,-0.65,7.32,7.57,3.62,8.39,9.0,8.39,15.11,Jogging
34,0.08,0.13,0.08,0.1,0.14,0.09,0.07,0.11,0.09,0.0,0.09,0.11,0.11,0.1,0.1,0.09,0.1,0.12,0.1,0.0,0.1,0.13,0.12,0.08,0.09,0.09,0.1,0.11,0.1,0.0,9.13,-0.59,7.49,7.58,3.67,8.5,9.02,8.5,15.11,Jogging
34,0.06,0.11,0.14,0.11,0.08,0.11,0.1,0.11,0.11,0.0,0.11,0.1,0.09,0.11,0.1,0.1,0.09,0.14,0.09,0.0,0.1,0.12,0.09,0.11,0.11,0.12,0.08,0.1,0.1,0.0,9.12,-0.69,7.2,7.4,3.37,8.26,8.84,8.26,14.83,Jogging
34,0.06,0.12,0.12,0.11,0.1,0.11,0.13,0.06,0.12,0.0,0.09,0.12,0.07,0.11,0.08,0.16,0.11,0.09,0.08,0.0,0.07,0.07,0.15,0.13,0.1,0.14,0.12,0.12,0.06,0.0,9.21,-0.58,7.31,7.26,3.08,8.4,8.62,8.4,14.75,Jogging
34,0.07,0.13,0.11,0.11,0.08,0.09,0.13,0.07,0.1,0.0,0.1,0.12,0.08,0.13,0.07,0.16,0.07,0.09,0.12,0.0,0.09,0.07,0.11,0.12,0.11,0.1,0.11,0.1,0.11,0.0,8.9,-0.38,7.46,7.53,3.56,8.53,8.93,8.53,14.83,Jogging
34,0.08,0.1,0.13,0.09,0.15,0.08,0.06,0.1,0.12,0.0,0.11,0.1,0.11,0.11,0.08,0.08,0.11,0.11,0.13,0.0,0.09,0.1,0.11,0.07,0.14,0.07,0.16,0.07,0.1,0.0,8.96,-0.46,7.42,7.85,3.49,8.49,9.13,8.49,14.94,Jogging
34,0.07,0.13,0.11,0.09,0.13,0.1,0.08,0.13,0.09,0.0,0.09,0.13,0.07,0.12,0.1,0.1,0.12,0.09,0.07,0.0,0.09,0.11,0.08,0.12,0.09,0.1,0.12,0.09,0.11,0.0,9.02,-0.36,7.35,7.52,3.59,8.31,9.03,8.31,15.02,Jogging
34,0.13,0.08,0.1,0.09,0.09,0.11,0.07,0.12,0.11,0.0,0.09,0.12,0.09,0.1,0.12,0.1,0.08,0.13,0.08,0.0,0.12,0.1,0.07,0.08,0.12,0.13,0.1,0.09,0.12,0.0,9.05,-0.49,7.94,7.54,3.74,9.0,8.9,9.0,15.27,Jogging
34,0.14,0.12,0.06,0.09,0.13,0.12,0.06,0.1,0.1,0.0,0.1,0.12,0.11,0.09,0.11,0.1,0.11,0.09,0.07,0.0,0.1,0.15,0.09,0.06,0.11,0.07,0.12,0.09,0.13,0.0,8.83,-0.39,7.73,7.74,3.89,8.74,9.19,8.74,15.32,Jogging
34,0.12,0.08,0.1,0.09,0.11,0.13,0.09,0.08,0.13,0.0,0.13,0.09,0.1,0.12,0.11,0.08,0.06,0.09,0.15,0.0,0.14,0.07,0.08,0.11,0.11,0.07,0.08,0.1,0.19,0.0,8.84,-0.74,7.47,7.87,4.01,8.51,9.3,8.51,15.16,Jogging
34,0.07,0.14,0.12,0.11,0.07,0.11,0.1,0.14,0.09,0.0,0.08,0.12,0.12,0.09,0.11,0.08,0.13,0.09,0.11,0.0,0.1,0.09,0.11,0.08,0.11,0.08,0.1,0.13,0.12,0.0,8.93,-0.51,7.26,7.61,3.53,8.21,9.03,8.21,14.87,Jogging
34,0.08,0.12,0.1,0.08,0.13,0.11,0.06,0.08,0.13,0.0,0.08,0.12,0.08,0.13,0.11,0.07,0.11,0.13,0.05,0.0,0.09,0.07,0.13,0.13,0.1,0.13,0.12,0.07,0.06,0.0,9.22,-0.45,7.79,7.45,3.52,8.87,8.95,8.87,15.37,Jogging
34,0.09,0.13,0.08,0.12,0.1,0.05,0.14,0.09,0.1,0.0,0.11,0.08,0.11,0.09,0.09,0.13,0.1,0.12,0.07,0.0,0.1,0.13,0.09,0.07,0.07,0.13,0.14,0.1,0.09,0.0,9.18,-0.5,7.61,7.46,3.61,8.62,8.96,8.62,15.27,Jogging
34,0.11,0.09,0.11,0.09,0.06,0.11,0.12,0.12,0.12,0.0,0.12,0.11,0.12,0.07,0.12,0.07,0.1,0.1,0.1,0.0,0.11,0.12,0.1,0.08,0.12,0.07,0.1,0.1,0.1,0.0,8.72,-0.41,7.8,7.95,3.9,8.74,9.32,8.74,15.29,Jogging
34,0.08,0.13,0.11,0.06,0.1,0.08,0.13,0.15,0.09,0.0,0.12,0.08,0.08,0.14,0.1,0.08,0.09,0.13,0.11,0.0,0.09,0.11,0.11,0.12,0.07,0.11,0.11,0.1,0.11,0.0,8.97,-0.5,7.58,7.68,3.46,8.47,9.14,8.47,15.08,Jogging
34,0.1,0.1,0.13,0.09,0.05,0.1,0.11,0.1,0.09,0.0,0.1,0.1,0.09,0.11,0.11,0.1,0.12,0.07,0.1,0.0,0.09,0.12,0.08,0.13,0.1,0.09,0.12,0.08,0.08,0.0,9.23,-0.46,7.93,7.39,3.67,9.03,8.73,9.03,15.31,Jogging
34,0.12,0.08,0.08,0.12,0.09,0.07,0.13,0.12,0.11,0.0,0.12,0.08,0.14,0.07,0.09,0.08,0.12,0.11,0.09,0.0,0.13,0.08,0.14,0.07,0.1,0.12,0.07,0.11,0.1,0.0,9.11,-0.63,7.79,7.87,3.63,8.85,9.05,8.85,15.3,Jogging
34,0.15,0.08,0.07,0.09,0.12,0.08,0.09,0.12,0.09,0.0,0.13,0.07,0.11,0.12,0.09,0.08,0.14,0.07,0.09,0.0,0.12,0.1,0.11,0.09,0.13,0.11,0.09,0.07,0.08,0.0,8.9,-0.64,8.14,7.83,3.74,9.2,9.17,9.2,15.59,Jogging
34,0.09,0.11,0.08,0.1,0.09,0.09,0.09,0.1,0.13,0.0,0.11,0.09,0.1,0.1,0.11,0.09,0.12,0.08,0.09,0.0,0.11,0.1,0.06,0.14,0.09,0.12,0.1,0.09,0.06,0.0,9.08,-0.43,7.96,7.57,3.71,9.05,8.97,9.05,15.44,Jogging
34,0.1,0.08,0.07,0.11,0.12,0.1,0.13,0.1,0.11,0.0,0.1,0.09,0.1,0.1,0.1,0.12,0.11,0.09,0.12,0.0,0.06,0.13,0.11,0.12,0.09,0.13,0.12,0.09,0.07,0.0,9.37,-0.68,7.48,7.28,3.15,8.5,8.65,8.5,14.96,Jogging
34,0.14,0.05,0.1,0.11,0.09,0.13,0.12,0.09,0.11,0.0,0.11,0.08,0.1,0.11,0.09,0.09,0.1,0.12,0.11,0.0,0.12,0.09,0.09,0.11,0.11,0.13,0.12,0.08,0.05,0.0,9.4,-0.68,7.62,7.67,3.46,8.62,9.03,8.62,15.41,Jogging
34,0.1,0.09,0.12,0.08,0.06,0.11,0.16,0.09,0.1,0.0,0.13,0.08,0.1,0.11,0.09,0.09,0.1,0.1,0.11,0.0,0.11,0.08,0.07,0.12,0.09,0.14,0.1,0.14,0.05,0.0,8.94,-0.59,7.73,7.82,3.31,8.71,9.13,8.71,15.05,Jogging
34,0.07,0.04,0.09,0.14,0.15,0.09,0.07,0.13,0.05,0.0,0.05,0.06,0.09,0.1,0.14,0.14,0.08,0.08,0.07,0.0,0.08,0.06,0.11,0.07,0.09,0.09,0.11,0.09,0.11,0.0,8.28,-0.58,5.49,5.26,2.62,7.55,7.57,7.55,11.92,Jogging
34,0.1,0.09,0.08,0.11,0.1,0.14,0.13,0.11,0.11,0.06,0.07,0.12,0.1,0.1,0.15,0.07,0.16,0.07,0.08,0.1,0.08,0.1,0.07,0.08,0.14,0.15,0.07,0.09,0.12,0.12,9.74,-0.47,3.94,4.44,3.63,4.98,5.39,4.98,12.01,Walking
34,0.11,0.11,0.11,0.1,0.13,0.09,0.12,0.06,0.13,0.06,0.1,0.07,0.12,0.13,0.11,0.13,0.07,0.13,0.08,0.07,0.11,0.1,0.09,0.09,0.11,0.08,0.09,0.11,0.12,0.12,9.7,-0.54,4.32,4.44,4.08,5.32,5.47,5.32,12.35,Walking
34,0.09,0.12,0.11,0.09,0.1,0.11,0.07,0.13,0.09,0.1,0.1,0.1,0.12,0.11,0.09,0.11,0.09,0.1,0.12,0.09,0.12,0.09,0.08,0.08,0.1,0.09,0.09,0.14,0.12,0.1,9.72,-0.53,4.28,4.68,3.94,5.22,5.64,5.22,12.35,Walking
34,0.12,0.08,0.08,0.13,0.09,0.13,0.11,0.08,0.08,0.12,0.12,0.09,0.1,0.11,0.09,0.13,0.07,0.12,0.1,0.09,0.12,0.1,0.07,0.11,0.11,0.1,0.08,0.15,0.08,0.1,9.58,-0.83,4.42,4.94,3.88,5.57,6.04,5.57,12.57,Walking
34,0.13,0.09,0.08,0.12,0.1,0.13,0.09,0.09,0.08,0.11,0.11,0.09,0.1,0.1,0.11,0.1,0.09,0.12,0.1,0.11,0.12,0.1,0.09,0.12,0.07,0.08,0.12,0.08,0.14,0.08,9.77,-0.81,4.52,4.82,4.07,5.65,5.91,5.65,12.71,Walking
34,0.1,0.11,0.09,0.08,0.1,0.13,0.1,0.1,0.09,0.13,0.12,0.08,0.1,0.09,0.1,0.11,0.11,0.08,0.13,0.1,0.11,0.15,0.11,0.09,0.07,0.08,0.12,0.13,0.07,0.09,9.69,-1.09,4.41,5.04,3.96,5.54,6.17,5.54,12.74,Walking
34,0.09,0.11,0.11,0.11,0.05,0.09,0.13,0.11,0.11,0.11,0.13,0.08,0.11,0.07,0.1,0.12,0.09,0.08,0.13,0.09,0.14,0.06,0.13,0.12,0.08,0.08,0.09,0.12,0.12,0.09,9.61,-1.01,4.26,5.06,3.85,5.29,6.15,5.29,12.5,Walking
34,0.11,0.1,0.08,0.12,0.11,0.11,0.09,0.09,0.08,0.12,0.1,0.1,0.1,0.09,0.12,0.08,0.11,0.13,0.1,0.08,0.1,0.12,0.14,0.09,0.06,0.1,0.14,0.09,0.08,0.1,9.77,-1.02,4.37,4.76,3.83,5.44,5.8,5.44,12.54,Walking
34,0.15,0.08,0.09,0.09,0.13,0.06,0.08,0.12,0.08,0.14,0.13,0.08,0.13,0.08,0.1,0.09,0.11,0.11,0.11,0.09,0.16,0.07,0.09,0.13,0.07,0.09,0.12,0.11,0.08,0.09,9.63,-1.11,4.72,4.93,3.84,5.79,5.9,5.79,12.57,Walking
34,0.13,0.12,0.1,0.08,0.08,0.08,0.08,0.1,0.12,0.13,0.12,0.09,0.1,0.11,0.07,0.1,0.12,0.1,0.12,0.1,0.13,0.09,0.13,0.08,0.09,0.11,0.1,0.11,0.09,0.09,9.65,-1.18,4.91,5.0,3.79,5.92,6.02,5.92,12.71,Walking
34,0.08,0.14,0.09,0.09,0.09,0.11,0.12,0.08,0.11,0.11,0.13,0.07,0.08,0.11,0.11,0.08,0.09,0.1,0.12,0.12,0.08,0.14,0.11,0.09,0.09,0.16,0.12,0.05,0.08,0.1,9.88,-0.97,4.37,5.16,3.69,5.37,6.24,5.37,12.79,Walking
34,0.1,0.11,0.11,0.08,0.09,0.1,0.1,0.1,0.09,0.13,0.13,0.11,0.05,0.09,0.1,0.08,0.12,0.1,0.12,0.11,0.11,0.12,0.14,0.1,0.09,0.08,0.12,0.09,0.06,0.12,9.9,-1.1,4.67,5.21,3.84,5.78,6.25,5.78,12.91,Walking
34,0.13,0.09,0.07,0.13,0.1,0.11,0.09,0.11,0.07,0.13,0.11,0.11,0.09,0.11,0.09,0.08,0.09,0.1,0.13,0.11,0.11,0.09,0.17,0.1,0.09,0.12,0.09,0.05,0.09,0.12,9.79,-1.1,4.61,5.02,3.79,5.78,6.02,5.78,12.78,Walking
34,0.11,0.09,0.13,0.1,0.06,0.08,0.12,0.13,0.08,0.12,0.13,0.09,0.07,0.12,0.1,0.1,0.09,0.14,0.09,0.1,0.09,0.09,0.13,0.12,0.09,0.13,0.09,0.07,0.09,0.12,9.8,-0.77,4.44,4.89,3.82,5.42,5.91,5.42,12.59,Walking
34,0.11,0.1,0.09,0.1,0.09,0.09,0.12,0.11,0.1,0.11,0.1,0.11,0.13,0.1,0.07,0.08,0.11,0.11,0.1,0.12,0.1,0.13,0.09,0.11,0.11,0.1,0.12,0.08,0.09,0.1,9.79,-1.02,4.38,5.0,3.69,5.43,5.91,5.43,12.51,Walking
34,0.09,0.12,0.1,0.07,0.11,0.1,0.08,0.08,0.14,0.11,0.12,0.09,0.08,0.09,0.09,0.11,0.07,0.11,0.14,0.12,0.08,0.11,0.11,0.12,0.11,0.1,0.11,0.11,0.08,0.09,10.01,-0.88,4.43,4.97,3.55,5.38,6.0,5.38,12.63,Walking
34,0.12,0.13,0.09,0.06,0.1,0.06,0.1,0.12,0.12,0.14,0.12,0.13,0.06,0.11,0.08,0.05,0.11,0.12,0.12,0.12,0.09,0.1,0.11,0.09,0.1,0.13,0.13,0.07,0.1,0.11,9.91,-0.8,4.73,5.19,3.72,5.65,6.09,5.65,12.72,Walking
34,0.05,0.17,0.1,0.08,0.12,0.1,0.08,0.1,0.09,0.12,0.09,0.1,0.07,0.14,0.09,0.07,0.15,0.11,0.09,0.1,0.1,0.08,0.11,0.12,0.11,0.11,0.11,0.1,0.08,0.11,10.0,-0.81,4.41,4.72,3.74,5.36,5.66,5.36,12.62,Walking
34,0.1,0.08,0.17,0.11,0.08,0.11,0.07,0.1,0.08,0.14,0.1,0.13,0.09,0.08,0.1,0.08,0.13,0.12,0.08,0.1,0.09,0.11,0.1,0.11,0.11,0.09,0.08,0.12,0.12,0.1,9.72,-0.71,4.66,4.84,3.87,5.61,5.81,5.61,12.54,Walking
34,0.09,0.11,0.12,0.07,0.12,0.12,0.06,0.1,0.11,0.13,0.11,0.13,0.11,0.06,0.09,0.07,0.12,0.11,0.11,0.11,0.13,0.09,0.11,0.08,0.11,0.1,0.13,0.07,0.09,0.12,9.73,-0.82,4.46,5.16,3.93,5.44,6.06,5.44,12.63,Walking
34,0.11,0.08,0.14,0.07,0.06,0.12,0.09,0.11,0.17,0.07,0.12,0.11,0.09,0.06,0.1,0.13,0.1,0.08,0.13,0.12,0.11,0.1,0.11,0.1,0.08,0.09,0.11,0.14,0.08,0.11,9.79,-0.79,4.33,5.02,3.78,5.36,6.08,5.36,12.53,Walking
34,0.09,0.11,0.1,0.09,0.12,0.11,0.1,0.08,0.14,0.09,0.11,0.1,0.09,0.1,0.11,0.09,0.12,0.11,0.07,0.11,0.09,0.12,0.08,0.1,0.08,0.13,0.12,0.1,0.09,0.11,9.82,-0.71,4.2,4.77,3.74,5.17,5.77,5.17,12.44,Walking
34,0.11,0.08,0.12,0.1,0.15,0.06,0.09,0.08,0.14,0.1,0.1,0.13,0.12,0.12,0.08,0.09,0.07,0.1,0.12,0.11,0.12,0.1,0.07,0.1,0.14,0.1,0.04,0.11,0.13,0.11,9.72,-0.74,4.3,4.96,3.94,5.23,5.82,5.23,12.3,Walking
34,0.09,0.11,0.09,0.09,0.13,0.1,0.1,0.11,0.1,0.1,0.1,0.12,0.11,0.11,0.11,0.07,0.1,0.08,0.11,0.1,0.09,0.1,0.09,0.1,0.14,0.08,0.1,0.11,0.12,0.08,9.54,-0.85,4.17,4.82,3.59,5.17,5.75,5.17,12.01,Walking
34,0.12,0.08,0.1,0.09,0.1,0.1,0.11,0.15,0.09,0.09,0.1,0.13,0.09,0.1,0.1,0.08,0.11,0.08,0.12,0.12,0.08,0.09,0.1,0.12,0.08,0.11,0.13,0.12,0.12,0.07,9.83,-0.74,4.27,4.98,3.5,5.31,5.88,5.31,12.26,Walking
34,0.1,0.09,0.08,0.14,0.09,0.1,0.15,0.11,0.09,0.08,0.08,0.13,0.1,0.08,0.14,0.11,0.09,0.08,0.13,0.08,0.09,0.12,0.09,0.11,0.09,0.1,0.09,0.13,0.12,0.08,9.77,-0.99,3.99,4.54,3.57,5.0,5.52,5.0,12.1,Walking
34,0.1,0.08,0.12,0.1,0.15,0.11,0.11,0.09,0.08,0.09,0.06,0.11,0.14,0.1,0.1,0.18,0.09,0.08,0.06,0.1,0.09,0.12,0.07,0.09,0.16,0.08,0.11,0.13,0.09,0.09,9.72,-0.83,3.98,4.18,3.59,4.92,5.15,4.92,11.96,Walking
34,0.08,0.12,0.1,0.1,0.11,0.09,0.12,0.12,0.09,0.09,0.1,0.08,0.11,0.07,0.13,0.18,0.07,0.1,0.08,0.1,0.11,0.1,0.1,0.1,0.12,0.06,0.08,0.06,0.17,0.12,9.76,-0.64,4.06,4.54,4.09,5.02,5.72,5.02,12.4,Walking
34,0.09,0.1,0.1,0.14,0.1,0.14,0.08,0.09,0.11,0.07,0.09,0.08,0.13,0.1,0.1,0.12,0.12,0.09,0.11,0.09,0.09,0.1,0.09,0.11,0.11,0.1,0.1,0.08,0.11,0.14,9.92,-0.36,3.99,4.44,3.97,4.9,5.45,4.9,12.32,Walking
34,0.09,0.1,0.1,0.1,0.16,0.1,0.11,0.1,0.09,0.08,0.02,0.13,0.11,0.12,0.16,0.12,0.11,0.13,0.06,0.06,0.06,0.09,0.07,0.09,0.16,0.16,0.09,0.1,0.1,0.11,10.0,-0.47,3.89,3.75,3.31,4.76,4.57,4.76,11.88,Walking
34,0.09,0.09,0.1,0.15,0.13,0.11,0.06,0.1,0.11,0.1,0.08,0.12,0.1,0.13,0.1,0.12,0.08,0.12,0.08,0.09,0.08,0.11,0.05,0.13,0.13,0.11,0.07,0.08,0.14,0.14,9.7,-0.35,4.04,4.47,3.83,4.94,5.4,4.94,12.02,Walking
34,0.09,0.12,0.09,0.12,0.09,0.09,0.12,0.13,0.11,0.06,0.07,0.1,0.15,0.17,0.05,0.11,0.12,0.08,0.07,0.11,0.06,0.07,0.12,0.12,0.11,0.11,0.12,0.14,0.11,0.08,9.73,-0.58,4.04,4.45,3.33,5.01,5.29,5.01,11.78,Walking
34,0.03,0.01,0.05,0.04,0.04,0.07,0.06,0.04,0.06,0.02,0.02,0.05,0.05,0.04,0.07,0.04,0.03,0.03,0.04,0.04,0.01,0.01,0.05,0.04,0.08,0.05,0.07,0.04,0.03,0.03,3.84,-0.16,1.32,2.59,1.1,4.26,7.91,4.26,4.47,Walking
34,0.1,0.14,0.11,0.12,0.1,0.06,0.1,0.11,0.1,0.08,0.09,0.11,0.1,0.09,0.08,0.15,0.15,0.11,0.05,0.02,0.11,0.07,0.12,0.11,0.09,0.14,0.09,0.08,0.1,0.13,9.93,0.39,4.77,6.19,4.08,6.15,7.38,6.15,13.5,Jogging
34,0.13,0.15,0.1,0.08,0.07,0.09,0.11,0.12,0.06,0.12,0.09,0.13,0.09,0.09,0.1,0.15,0.09,0.08,0.08,0.03,0.12,0.06,0.13,0.09,0.08,0.11,0.12,0.12,0.08,0.12,9.86,0.42,5.12,6.5,3.98,6.45,7.73,6.45,13.73,Jogging
34,0.13,0.14,0.09,0.1,0.05,0.16,0.11,0.06,0.06,0.13,0.08,0.13,0.1,0.06,0.16,0.12,0.09,0.08,0.07,0.01,0.14,0.11,0.06,0.15,0.06,0.08,0.12,0.11,0.06,0.13,9.98,0.16,5.21,6.34,4.38,6.74,7.68,6.74,13.95,Jogging
34,0.13,0.12,0.1,0.08,0.09,0.08,0.08,0.11,0.12,0.12,0.13,0.06,0.14,0.13,0.07,0.11,0.11,0.08,0.05,0.02,0.1,0.09,0.13,0.1,0.1,0.15,0.12,0.09,0.03,0.12,9.54,0.37,5.49,6.68,4.02,7.03,8.06,7.03,13.99,Jogging
34,0.13,0.12,0.13,0.08,0.08,0.05,0.07,0.1,0.12,0.15,0.11,0.13,0.09,0.07,0.1,0.13,0.1,0.12,0.06,0.0,0.09,0.15,0.08,0.06,0.09,0.13,0.14,0.08,0.05,0.14,9.76,0.27,5.59,6.83,4.03,6.97,8.11,6.97,14.14,Jogging
34,0.1,0.12,0.12,0.07,0.1,0.07,0.11,0.12,0.08,0.13,0.09,0.12,0.14,0.12,0.1,0.07,0.07,0.09,0.11,0.01,0.1,0.13,0.1,0.09,0.08,0.11,0.1,0.08,0.11,0.12,9.44,0.09,5.39,6.74,4.06,7.08,7.94,7.08,13.56,Jogging
34,0.1,0.07,0.12,0.12,0.11,0.09,0.13,0.08,0.07,0.12,0.08,0.13,0.12,0.11,0.12,0.08,0.1,0.08,0.12,0.02,0.09,0.16,0.1,0.06,0.11,0.11,0.08,0.1,0.11,0.1,9.78,0.02,4.89,6.55,3.89,6.68,7.76,6.68,13.45,Jogging
34,0.11,0.09,0.14,0.12,0.05,0.1,0.14,0.07,0.09,0.12,0.11,0.1,0.1,0.09,0.12,0.1,0.08,0.1,0.09,0.03,0.12,0.12,0.07,0.12,0.1,0.11,0.1,0.08,0.11,0.11,9.99,0.17,5.11,6.65,3.91,6.79,7.93,6.79,13.91,Jogging
34,0.09,0.12,0.15,0.12,0.1,0.08,0.03,0.1,0.13,0.12,0.12,0.08,0.1,0.08,0.09,0.13,0.15,0.08,0.06,0.03,0.09,0.12,0.11,0.09,0.12,0.15,0.08,0.07,0.09,0.11,9.96,0.15,4.93,6.73,3.69,6.46,8.04,6.46,13.95,Jogging
34,0.08,0.08,0.1,0.12,0.13,0.1,0.11,0.11,0.09,0.09,0.1,0.11,0.13,0.12,0.06,0.09,0.05,0.14,0.13,0.01,0.1,0.08,0.07,0.15,0.08,0.13,0.14,0.1,0.08,0.09,9.89,0.1,4.65,7.12,3.58,6.23,8.23,6.23,13.53,Jogging
34,0.09,0.08,0.09,0.13,0.13,0.1,0.1,0.11,0.1,0.1,0.1,0.06,0.14,0.09,0.1,0.08,0.14,0.12,0.1,0.04,0.09,0.07,0.11,0.1,0.12,0.17,0.07,0.1,0.1,0.09,10.29,0.21,4.5,6.41,3.48,5.99,7.63,5.99,13.66,Jogging
34,0.13,0.11,0.09,0.09,0.11,0.09,0.11,0.08,0.1,0.12,0.08,0.13,0.12,0.09,0.08,0.09,0.11,0.08,0.13,0.04,0.09,0.07,0.08,0.09,0.15,0.13,0.1,0.1,0.07,0.13,10.19,0.52,5.04,6.79,3.75,6.6,7.93,6.6,13.88,Jogging
34,0.1,0.09,0.12,0.08,0.11,0.11,0.11,0.11,0.08,0.11,0.09,0.14,0.14,0.06,0.07,0.09,0.1,0.09,0.15,0.02,0.1,0.07,0.08,0.12,0.13,0.11,0.09,0.12,0.11,0.09,9.8,0.26,4.87,7.05,3.62,6.34,8.2,6.34,13.64,Jogging
34,0.09,0.11,0.11,0.1,0.11,0.12,0.06,0.1,0.12,0.11,0.12,0.06,0.13,0.1,0.08,0.11,0.12,0.09,0.13,0.02,0.1,0.08,0.08,0.13,0.14,0.11,0.08,0.08,0.13,0.1,10.14,0.32,4.93,6.87,3.7,6.34,8.13,6.34,14.0,Jogging
34,0.09,0.06,0.12,0.12,0.13,0.12,0.12,0.08,0.09,0.1,0.1,0.09,0.1,0.12,0.13,0.11,0.06,0.1,0.1,0.03,0.1,0.09,0.1,0.12,0.1,0.1,0.13,0.09,0.12,0.08,9.91,0.16,4.45,6.54,3.63,5.97,7.89,5.97,13.43,Jogging
34,0.11,0.1,0.05,0.08,0.14,0.12,0.13,0.09,0.12,0.09,0.11,0.13,0.07,0.09,0.11,0.12,0.11,0.09,0.09,0.01,0.1,0.09,0.09,0.12,0.09,0.1,0.09,0.1,0.12,0.11,9.75,0.4,4.75,6.73,3.78,6.09,8.05,6.09,13.58,Jogging
34,0.09,0.13,0.06,0.08,0.12,0.12,0.1,0.12,0.12,0.09,0.11,0.1,0.12,0.06,0.1,0.11,0.09,0.13,0.09,0.01,0.12,0.09,0.08,0.11,0.13,0.07,0.1,0.14,0.09,0.11,10.08,0.29,4.84,6.9,3.93,6.16,8.19,6.16,13.99,Jogging
34,0.1,0.12,0.09,0.09,0.09,0.12,0.09,0.09,0.11,0.13,0.1,0.13,0.06,0.08,0.09,0.12,0.12,0.08,0.11,0.04,0.09,0.08,0.09,0.17,0.07,0.11,0.08,0.12,0.11,0.1,10.15,0.47,5.21,6.88,3.78,6.63,8.21,6.63,14.22,Jogging
34,0.11,0.1,0.09,0.1,0.06,0.12,0.14,0.1,0.12,0.08,0.1,0.12,0.1,0.11,0.1,0.09,0.11,0.06,0.15,0.03,0.08,0.13,0.1,0.1,0.11,0.07,0.11,0.12,0.13,0.08,9.74,0.25,4.87,6.76,3.81,6.17,8.02,6.17,13.55,Jogging
34,0.11,0.09,0.12,0.09,0.1,0.1,0.1,0.07,0.14,0.11,0.1,0.11,0.11,0.13,0.07,0.06,0.1,0.11,0.11,0.01,0.12,0.09,0.1,0.09,0.13,0.11,0.05,0.1,0.12,0.12,9.8,0.2,5.04,7.08,4.04,6.5,8.25,6.5,13.89,Jogging
34,0.09,0.14,0.09,0.09,0.1,0.08,0.09,0.13,0.12,0.1,0.12,0.1,0.1,0.08,0.1,0.08,0.13,0.11,0.11,0.01,0.1,0.13,0.08,0.09,0.11,0.09,0.1,0.1,0.1,0.12,9.88,0.35,5.02,7.02,4.07,6.22,8.38,6.22,14.13,Jogging
34,0.1,0.1,0.07,0.08,0.11,0.13,0.1,0.11,0.09,0.13,0.09,0.12,0.08,0.09,0.11,0.1,0.08,0.14,0.11,0.03,0.13,0.12,0.08,0.09,0.12,0.03,0.12,0.13,0.06,0.13,10.03,0.05,5.03,6.84,4.2,6.4,8.21,6.4,14.19,Jogging
34,0.07,0.12,0.09,0.12,0.11,0.09,0.11,0.11,0.11,0.09,0.1,0.12,0.1,0.08,0.1,0.11,0.09,0.13,0.11,0.04,0.12,0.07,0.13,0.11,0.07,0.1,0.12,0.1,0.08,0.11,9.79,0.15,4.74,6.9,3.98,6.14,8.25,6.14,13.85,Jogging
34,0.11,0.07,0.1,0.12,0.09,0.13,0.1,0.09,0.13,0.08,0.1,0.09,0.08,0.1,0.15,0.11,0.11,0.08,0.11,0.01,0.08,0.13,0.15,0.11,0.07,0.05,0.09,0.1,0.18,0.07,10.0,0.14,4.7,6.37,3.89,6.08,7.92,6.08,13.8,Jogging
34,0.1,0.07,0.09,0.12,0.13,0.09,0.09,0.13,0.13,0.07,0.11,0.07,0.1,0.11,0.1,0.1,0.13,0.1,0.08,0.02,0.11,0.1,0.13,0.1,0.08,0.09,0.08,0.11,0.14,0.09,9.97,0.14,4.71,6.63,4.01,6.1,8.11,6.1,14.0,Jogging
34,0.1,0.07,0.08,0.13,0.13,0.13,0.08,0.11,0.12,0.08,0.11,0.09,0.07,0.12,0.14,0.09,0.1,0.12,0.06,0.03,0.09,0.12,0.13,0.08,0.09,0.06,0.09,0.14,0.13,0.09,9.85,0.26,4.35,6.51,3.89,5.71,8.07,5.71,13.69,Jogging
34,0.09,0.1,0.11,0.09,0.09,0.13,0.12,0.09,0.11,0.1,0.1,0.11,0.1,0.09,0.12,0.09,0.09,0.12,0.12,0.01,0.11,0.14,0.11,0.07,0.09,0.09,0.1,0.1,0.13,0.1,9.92,0.22,4.81,6.74,4.06,6.1,8.04,6.1,13.81,Jogging
34,0.11,0.11,0.06,0.13,0.1,0.1,0.13,0.12,0.08,0.09,0.09,0.09,0.09,0.17,0.09,0.12,0.08,0.09,0.13,0.03,0.08,0.11,0.11,0.08,0.12,0.1,0.13,0.1,0.11,0.08,9.91,0.3,4.59,6.46,3.6,5.92,7.77,5.92,13.44,Jogging
34,0.09,0.06,0.11,0.16,0.12,0.08,0.07,0.14,0.13,0.08,0.13,0.07,0.08,0.12,0.11,0.07,0.12,0.16,0.09,0.03,0.09,0.07,0.15,0.1,0.09,0.11,0.11,0.09,0.12,0.09,10.04,0.22,4.57,6.81,3.68,5.98,8.18,5.98,13.88,Jogging
34,0.1,0.09,0.13,0.09,0.1,0.11,0.09,0.12,0.11,0.09,0.11,0.09,0.08,0.13,0.08,0.1,0.12,0.09,0.13,0.04,0.12,0.06,0.1,0.1,0.12,0.11,0.1,0.09,0.1,0.11,10.0,0.24,4.66,6.77,3.73,6.01,8.09,6.01,13.79,Jogging
34,0.1,0.11,0.12,0.11,0.09,0.11,0.1,0.1,0.09,0.1,0.1,0.09,0.12,0.14,0.07,0.11,0.09,0.07,0.12,0.05,0.11,0.09,0.08,0.12,0.09,0.1,0.13,0.13,0.09,0.1,9.85,0.33,4.69,6.73,3.78,6.12,7.93,6.12,13.54,Jogging
34,0.09,0.09,0.08,0.15,0.13,0.09,0.14,0.07,0.11,0.08,0.11,0.09,0.11,0.12,0.1,0.09,0.11,0.14,0.13,0.01,0.07,0.1,0.13,0.12,0.11,0.08,0.11,0.1,0.09,0.11,9.57,0.25,4.25,6.56,3.7,5.64,7.82,5.64,13.2,Jogging
34,0.02,0.01,0.02,0.02,0.02,0.09,0.05,0.02,0.02,0.02,0.0,0.02,0.03,0.04,0.09,0.05,0.02,0.03,0.0,0.0,0.02,0.04,0.02,0.02,0.06,0.06,0.02,0.01,0.02,0.01,2.52,-0.2,1.0,1.91,0.67,5.06,8.4,5.06,2.95,Jogging
34,0.15,0.14,0.12,0.13,0.16,0.11,0.0,0.08,0.08,0.05,0.03,0.06,0.16,0.0,0.0,0.18,0.0,0.22,0.2,0.17,0.24,0.1,0.27,0.0,0.09,0.07,0.06,0.06,0.04,0.09,9.38,-2.02,3.41,0.06,0.12,3.42,0.22,3.42,10.19,Standing
34,0.05,0.12,0.11,0.11,0.15,0.12,0.0,0.15,0.12,0.07,0.03,0.04,0.07,0.0,0.0,0.21,0.0,0.3,0.21,0.16,0.05,0.03,0.05,0.0,0.09,0.12,0.17,0.15,0.14,0.22,9.38,-1.9,3.47,0.05,0.08,3.47,0.07,3.47,10.18,Standing
34,0.06,0.05,0.05,0.08,0.08,0.13,0.0,0.15,0.22,0.17,0.08,0.11,0.1,0.0,0.0,0.22,0.0,0.2,0.16,0.14,0.02,0.03,0.19,0.0,0.11,0.13,0.16,0.07,0.1,0.18,9.37,-1.92,3.52,0.07,0.1,3.53,0.08,3.53,10.19,Standing
34,0.05,0.06,0.08,0.11,0.17,0.21,0.0,0.14,0.12,0.08,0.01,0.05,0.14,0.0,0.0,0.34,0.0,0.26,0.12,0.08,0.0,0.02,0.05,0.0,0.12,0.15,0.17,0.18,0.17,0.17,9.36,-1.9,3.48,0.05,0.07,3.48,0.06,3.48,10.17,Standing
34,0.01,0.02,0.02,0.07,0.1,0.17,0.0,0.2,0.25,0.18,0.02,0.06,0.2,0.0,0.0,0.37,0.0,0.21,0.11,0.04,0.03,0.02,0.1,0.0,0.14,0.14,0.14,0.18,0.11,0.16,9.35,-1.92,3.54,0.04,0.08,3.55,0.05,3.55,10.18,Standing
34,0.01,0.02,0.04,0.05,0.06,0.14,0.0,0.2,0.35,0.16,0.08,0.17,0.2,0.0,0.0,0.25,0.0,0.22,0.06,0.03,0.14,0.08,0.21,0.0,0.16,0.1,0.13,0.09,0.04,0.07,9.33,-1.99,3.54,0.05,0.09,3.55,0.07,3.55,10.18,Standing
34,0.14,0.13,0.09,0.1,0.12,0.06,0.0,0.05,0.07,0.01,0.06,0.08,0.09,0.0,0.0,0.13,0.0,0.14,0.1,0.14,0.13,0.1,0.19,0.0,0.07,0.1,0.05,0.05,0.02,0.06,6.99,-1.5,2.52,1.78,0.38,3.39,2.39,3.39,7.58,Standing
34,0.0,0.0,0.0,0.0,0.43,0.5,0.03,0.02,0.03,0.01,0.0,0.0,0.0,0.02,0.22,0.32,0.0,0.25,0.13,0.06,0.0,0.0,0.0,0.0,0.21,0.0,0.33,0.21,0.0,0.23,-0.9,8.34,3.63,0.04,0.05,3.64,0.12,3.64,9.14,Sitting
34,0.02,0.09,0.15,0.4,0.27,0.1,0.0,0.0,0.0,0.0,0.0,0.06,0.15,0.09,0.29,0.25,0.0,0.12,0.05,0.01,0.0,0.01,0.14,0.38,0.32,0.0,0.11,0.05,0.0,0.01,-0.96,8.2,3.9,0.05,0.08,3.9,0.08,3.9,9.13,Sitting
34,0.06,0.14,0.48,0.34,0.0,0.0,0.0,0.0,0.0,0.0,0.03,0.11,0.27,0.35,0.17,0.06,0.0,0.01,0.02,0.0,0.08,0.14,0.36,0.42,0.01,0.0,0.0,0.0,0.0,0.0,-1.01,8.07,4.07,0.06,0.07,4.07,0.07,4.07,9.09,Sitting
34,0.46,0.39,0.15,0.01,0.0,0.0,0.0,0.0,0.0,0.0,0.2,0.61,0.2,0.01,0.0,0.0,0.0,0.0,0.0,0.0,0.49,0.33,0.19,0.0,0.0,0.0,0.0,0.0,0.0,0.0,-1.13,7.95,4.19,0.03,0.04,4.19,0.05,4.19,9.06,Sitting
34,0.16,0.23,0.05,0.0,0.01,0.22,0.19,0.11,0.04,0.01,0.04,0.33,0.06,0.03,0.02,0.09,0.0,0.12,0.14,0.18,0.18,0.14,0.11,0.02,0.21,0.0,0.18,0.13,0.0,0.05,-0.97,8.16,3.73,0.14,0.17,3.75,0.15,3.75,9.03,Sitting
34,0.0,0.0,0.0,0.0,0.0,0.02,0.22,0.26,0.26,0.26,0.0,0.0,0.0,0.0,0.02,0.06,0.0,0.22,0.38,0.33,0.0,0.0,0.0,0.0,0.0,0.0,0.08,0.27,0.0,0.61,-0.84,8.38,3.32,0.04,0.03,3.32,0.05,3.32,9.05,Sitting
34,0.0,0.0,0.0,0.0,0.0,0.0,0.02,0.06,0.29,0.59,0.0,0.0,0.0,0.0,0.01,0.15,0.0,0.34,0.37,0.14,0.0,0.0,0.0,0.0,0.02,0.0,0.12,0.37,0.0,0.49,-0.86,8.37,3.26,0.04,0.03,3.26,0.04,3.26,9.03,Sitting
34,0.0,0.0,0.0,0.0,0.0,0.03,0.15,0.21,0.2,0.27,0.0,0.0,0.01,0.0,0.14,0.2,0.0,0.28,0.12,0.14,0.0,0.0,0.0,0.0,0.06,0.0,0.17,0.24,0.0,0.41,-0.77,7.31,2.89,0.1,0.91,3.31,0.12,3.31,7.9,Sitting
34,0.05,0.07,0.1,0.12,0.09,0.09,0.12,0.12,0.14,0.12,0.11,0.1,0.12,0.1,0.09,0.08,0.09,0.09,0.11,0.12,0.07,0.09,0.08,0.08,0.1,0.1,0.09,0.12,0.15,0.13,9.52,1.41,2.94,4.37,2.34,4.11,5.28,4.11,10.88,Upstairs
34,0.11,0.1,0.09,0.11,0.1,0.15,0.07,0.06,0.1,0.12,0.13,0.09,0.1,0.07,0.13,0.09,0.1,0.1,0.1,0.12,0.11,0.05,0.11,0.09,0.08,0.13,0.13,0.1,0.1,0.12,9.43,1.03,2.63,4.35,2.09,3.67,5.35,3.67,10.64,Upstairs
34,0.1,0.09,0.09,0.08,0.08,0.12,0.13,0.13,0.1,0.11,0.11,0.08,0.09,0.13,0.09,0.11,0.09,0.12,0.1,0.09,0.11,0.14,0.09,0.13,0.1,0.1,0.08,0.1,0.08,0.09,9.62,0.69,2.81,4.02,1.89,3.69,5.01,3.69,10.69,Upstairs
34,0.12,0.1,0.12,0.12,0.11,0.09,0.11,0.08,0.07,0.09,0.09,0.12,0.1,0.1,0.08,0.14,0.07,0.12,0.1,0.1,0.11,0.12,0.11,0.11,0.1,0.08,0.1,0.11,0.08,0.08,9.45,0.7,2.36,4.14,1.97,3.29,5.06,3.29,10.49,Upstairs
34,0.12,0.14,0.1,0.09,0.14,0.08,0.08,0.1,0.09,0.08,0.08,0.09,0.1,0.11,0.09,0.1,0.14,0.11,0.1,0.1,0.1,0.09,0.11,0.11,0.11,0.1,0.08,0.11,0.11,0.09,9.79,0.98,2.41,3.85,2.11,3.35,4.78,3.35,10.81,Upstairs
34,0.05,0.03,0.03,0.04,0.02,0.03,0.03,0.04,0.07,0.02,0.03,0.06,0.03,0.05,0.06,0.03,0.03,0.03,0.02,0.02,0.03,0.06,0.05,0.02,0.03,0.07,0.03,0.03,0.02,0.03,2.95,0.16,0.91,2.16,0.58,3.36,7.53,3.36,3.31,Upstairs
34,0.1,0.1,0.1,0.11,0.09,0.1,0.09,0.12,0.11,0.11,0.1,0.08,0.13,0.1,0.09,0.1,0.11,0.09,0.11,0.11,0.11,0.1,0.13,0.08,0.07,0.09,0.1,0.09,0.12,0.12,9.94,-2.56,2.73,3.03,3.08,3.63,3.8,3.63,11.37,Downstairs
34,0.1,0.1,0.12,0.09,0.1,0.13,0.12,0.06,0.08,0.1,0.12,0.11,0.1,0.09,0.09,0.1,0.09,0.1,0.1,0.11,0.08,0.1,0.08,0.09,0.11,0.1,0.13,0.14,0.08,0.11,9.79,-2.45,2.7,3.25,2.59,3.8,4.08,3.8,11.14,Downstairs
34,0.1,0.09,0.11,0.08,0.11,0.1,0.1,0.13,0.11,0.1,0.09,0.1,0.09,0.12,0.12,0.1,0.09,0.12,0.07,0.12,0.11,0.1,0.1,0.1,0.11,0.1,0.1,0.1,0.08,0.12,9.92,-2.73,2.66,2.98,2.83,3.54,3.83,3.54,11.31,Downstairs
34,0.05,0.06,0.05,0.08,0.05,0.04,0.05,0.04,0.07,0.05,0.05,0.06,0.06,0.04,0.05,0.06,0.07,0.05,0.08,0.02,0.06,0.05,0.04,0.08,0.09,0.06,0.04,0.04,0.05,0.03,5.14,-1.66,1.38,2.67,1.4,3.58,6.18,3.58,5.91,Downstairs
34,0.17,0.13,0.13,0.11,0.06,0.09,0.1,0.08,0.05,0.09,0.14,0.09,0.1,0.08,0.07,0.09,0.1,0.06,0.1,0.18,0.15,0.08,0.11,0.07,0.12,0.08,0.08,0.1,0.09,0.11,9.88,-2.35,2.8,4.52,2.61,3.67,5.52,3.67,11.35,Upstairs
34,0.11,0.1,0.13,0.09,0.1,0.07,0.1,0.08,0.16,0.07,0.11,0.1,0.11,0.07,0.11,0.1,0.1,0.15,0.09,0.07,0.12,0.09,0.07,0.09,0.12,0.08,0.09,0.13,0.11,0.11,9.73,-2.0,2.81,3.72,2.3,3.63,4.67,3.63,10.97,Upstairs
34,0.06,0.05,0.1,0.13,0.15,0.09,0.11,0.11,0.08,0.15,0.09,0.12,0.08,0.11,0.11,0.11,0.11,0.08,0.1,0.11,0.09,0.11,0.11,0.14,0.08,0.13,0.09,0.08,0.09,0.1,9.73,-2.17,2.5,3.55,2.05,3.31,4.49,3.31,10.86,Upstairs
34,0.07,0.11,0.08,0.1,0.11,0.1,0.12,0.14,0.1,0.08,0.09,0.1,0.09,0.11,0.12,0.11,0.11,0.11,0.1,0.07,0.09,0.1,0.12,0.13,0.06,0.1,0.09,0.12,0.09,0.11,9.82,-2.06,2.66,3.47,2.11,3.45,4.47,3.45,10.94,Upstairs
34,0.08,0.11,0.05,0.07,0.07,0.12,0.07,0.08,0.12,0.1,0.06,0.08,0.12,0.11,0.09,0.08,0.07,0.09,0.11,0.06,0.05,0.09,0.06,0.1,0.09,0.1,0.11,0.09,0.11,0.07,8.13,-1.53,2.41,3.15,1.45,3.62,4.53,3.62,9.04,Upstairs
34,0.1,0.1,0.11,0.11,0.11,0.12,0.11,0.09,0.08,0.08,0.09,0.08,0.11,0.12,0.13,0.12,0.1,0.1,0.08,0.09,0.08,0.08,0.08,0.11,0.12,0.1,0.12,0.1,0.12,0.1,9.06,1.36,4.32,2.77,2.88,5.35,3.67,5.35,11.05,Downstairs
34,0.12,0.11,0.07,0.1,0.1,0.12,0.07,0.13,0.09,0.12,0.06,0.12,0.15,0.1,0.13,0.07,0.09,0.12,0.07,0.1,0.11,0.11,0.09,0.12,0.08,0.12,0.1,0.09,0.09,0.09,9.1,0.97,4.39,3.01,3.17,5.67,3.84,5.67,11.18,Downstairs
34,0.08,0.13,0.09,0.09,0.1,0.09,0.09,0.11,0.13,0.12,0.13,0.11,0.08,0.09,0.06,0.11,0.11,0.06,0.14,0.14,0.13,0.13,0.09,0.09,0.07,0.09,0.1,0.09,0.12,0.1,9.2,0.99,4.26,3.62,3.27,5.66,4.5,5.66,11.32,Downstairs
34,0.05,0.03,0.09,0.07,0.05,0.03,0.06,0.06,0.06,0.04,0.07,0.04,0.03,0.06,0.05,0.05,0.05,0.09,0.07,0.03,0.04,0.04,0.07,0.06,0.07,0.05,0.04,0.07,0.03,0.07,4.83,0.58,2.25,2.69,1.57,5.35,5.89,5.35,5.93,Downstairs
34,0.11,0.11,0.12,0.12,0.12,0.09,0.08,0.1,0.12,0.06,0.13,0.08,0.11,0.1,0.09,0.1,0.12,0.08,0.08,0.13,0.11,0.09,0.1,0.11,0.1,0.12,0.1,0.12,0.08,0.1,9.76,-2.08,2.37,3.77,2.21,3.31,4.8,3.31,11.0,Upstairs
34,0.12,0.09,0.13,0.11,0.08,0.1,0.11,0.08,0.07,0.13,0.11,0.11,0.13,0.08,0.08,0.07,0.11,0.09,0.12,0.11,0.12,0.09,0.11,0.13,0.11,0.09,0.07,0.08,0.1,0.12,9.68,-2.09,2.42,3.89,2.27,3.26,4.74,3.26,10.88,Upstairs
34,0.1,0.08,0.08,0.09,0.1,0.09,0.11,0.12,0.11,0.13,0.07,0.11,0.09,0.12,0.08,0.14,0.09,0.13,0.1,0.09,0.07,0.13,0.09,0.12,0.11,0.1,0.1,0.12,0.09,0.1,10.03,-1.9,2.33,3.33,1.94,3.19,4.24,3.19,11.03,Upstairs
34,0.06,0.11,0.07,0.1,0.09,0.15,0.1,0.13,0.11,0.1,0.11,0.12,0.07,0.07,0.09,0.11,0.11,0.1,0.13,0.11,0.12,0.09,0.12,0.07,0.1,0.11,0.14,0.1,0.1,0.07,9.81,-2.13,1.94,3.85,2.2,2.63,4.77,2.63,10.89,Upstairs
34,0.04,0.05,0.04,0.03,0.04,0.03,0.03,0.02,0.04,0.02,0.01,0.03,0.04,0.06,0.08,0.03,0.03,0.03,0.02,0.01,0.02,0.04,0.02,0.01,0.02,0.03,0.03,0.03,0.07,0.06,3.13,-0.28,0.74,2.18,0.71,2.97,7.44,2.97,3.39,Upstairs
34,0.11,0.11,0.13,0.1,0.09,0.11,0.08,0.09,0.09,0.11,0.11,0.1,0.09,0.09,0.09,0.1,0.12,0.1,0.11,0.11,0.09,0.1,0.13,0.11,0.09,0.1,0.09,0.11,0.1,0.09,9.52,-1.99,3.43,3.21,2.93,4.51,4.13,4.51,11.2,Downstairs
34,0.1,0.11,0.08,0.09,0.1,0.1,0.08,0.13,0.11,0.12,0.1,0.09,0.11,0.11,0.14,0.07,0.08,0.09,0.12,0.1,0.11,0.1,0.12,0.09,0.11,0.13,0.07,0.06,0.11,0.12,9.48,-2.09,3.95,3.1,3.06,5.13,3.92,5.13,11.47,Downstairs
34,0.11,0.07,0.11,0.08,0.11,0.07,0.15,0.09,0.13,0.09,0.12,0.13,0.1,0.07,0.08,0.11,0.09,0.11,0.07,0.13,0.11,0.11,0.08,0.14,0.11,0.06,0.08,0.1,0.11,0.1,9.34,-1.96,3.97,3.39,3.13,5.15,4.29,5.15,11.39,Downstairs
34,0.04,0.07,0.04,0.08,0.06,0.08,0.04,0.06,0.03,0.04,0.02,0.04,0.06,0.09,0.05,0.07,0.08,0.05,0.05,0.02,0.03,0.05,0.03,0.02,0.03,0.08,0.11,0.09,0.04,0.05,4.96,-0.57,1.79,2.5,1.29,4.61,5.53,4.61,5.73,Downstairs
34,0.15,0.07,0.11,0.09,0.09,0.09,0.11,0.11,0.09,0.12,0.14,0.07,0.1,0.09,0.08,0.1,0.09,0.11,0.1,0.14,0.15,0.1,0.12,0.04,0.12,0.11,0.1,0.08,0.08,0.13,9.64,-1.88,3.78,4.58,2.54,4.63,5.64,4.63,11.67,Upstairs
34,0.08,0.12,0.09,0.13,0.12,0.08,0.1,0.1,0.12,0.09,0.07,0.15,0.1,0.09,0.12,0.09,0.1,0.1,0.14,0.07,0.11,0.12,0.08,0.11,0.08,0.08,0.1,0.17,0.1,0.08,9.64,-1.7,3.6,3.77,2.44,4.4,4.62,4.4,11.17,Upstairs
34,0.09,0.09,0.1,0.09,0.11,0.13,0.1,0.12,0.12,0.08,0.11,0.1,0.09,0.12,0.07,0.08,0.14,0.11,0.12,0.09,0.09,0.11,0.13,0.1,0.12,0.11,0.07,0.09,0.13,0.08,9.66,-1.77,3.67,4.06,2.27,4.39,4.97,4.39,11.28,Upstairs
34,0.11,0.12,0.12,0.09,0.08,0.13,0.07,0.08,0.09,0.13,0.09,0.1,0.12,0.11,0.12,0.09,0.07,0.12,0.07,0.13,0.08,0.09,0.09,0.09,0.06,0.13,0.11,0.11,0.11,0.15,9.64,-1.18,3.88,3.98,2.41,4.96,5.06,4.96,11.48,Upstairs
34,0.05,0.08,0.06,0.08,0.08,0.06,0.09,0.09,0.06,0.08,0.06,0.07,0.08,0.08,0.08,0.13,0.07,0.04,0.06,0.06,0.05,0.07,0.06,0.13,0.09,0.08,0.07,0.07,0.06,0.05,6.62,-1.22,2.63,3.21,1.36,4.6,5.4,4.6,7.75,Upstairs
34,0.08,0.08,0.11,0.11,0.11,0.13,0.12,0.1,0.07,0.11,0.07,0.09,0.12,0.11,0.1,0.13,0.11,0.1,0.1,0.09,0.09,0.09,0.11,0.11,0.1,0.11,0.1,0.13,0.09,0.07,9.97,-1.89,2.37,3.09,2.6,3.13,3.96,3.13,11.1,Downstairs
34,0.11,0.11,0.11,0.1,0.09,0.07,0.1,0.1,0.12,0.09,0.13,0.14,0.1,0.07,0.08,0.07,0.08,0.1,0.09,0.14,0.1,0.12,0.1,0.08,0.08,0.1,0.1,0.11,0.1,0.12,9.69,-1.75,2.94,4.22,2.89,3.88,5.09,3.88,11.19,Downstairs
34,0.1,0.11,0.09,0.11,0.1,0.1,0.09,0.1,0.1,0.11,0.09,0.11,0.08,0.11,0.11,0.12,0.1,0.1,0.1,0.1,0.1,0.09,0.11,0.1,0.13,0.07,0.12,0.07,0.12,0.1,9.89,-1.76,2.66,3.28,2.75,3.49,4.16,3.49,11.17,Downstairs
34,0.04,0.06,0.04,0.03,0.05,0.06,0.04,0.05,0.05,0.04,0.06,0.02,0.05,0.04,0.06,0.02,0.07,0.05,0.05,0.03,0.06,0.04,0.03,0.06,0.05,0.06,0.03,0.04,0.02,0.06,4.13,-0.83,1.1,2.78,1.3,3.34,7.28,3.34,4.85,Downstairs
31,0.1,0.06,0.08,0.09,0.09,0.13,0.12,0.12,0.1,0.13,0.06,0.14,0.09,0.13,0.07,0.11,0.11,0.11,0.12,0.07,0.09,0.1,0.09,0.12,0.11,0.06,0.12,0.11,0.12,0.11,9.74,0.07,2.08,2.77,2.12,2.76,3.32,2.76,10.42,Walking
31,0.11,0.09,0.07,0.1,0.11,0.14,0.07,0.13,0.1,0.12,0.06,0.12,0.1,0.12,0.12,0.11,0.14,0.1,0.1,0.06,0.08,0.12,0.11,0.11,0.05,0.11,0.11,0.11,0.13,0.09,9.75,0.02,2.2,2.62,2.05,2.91,3.25,2.91,10.46,Walking
31,0.07,0.08,0.09,0.11,0.12,0.09,0.12,0.15,0.08,0.12,0.08,0.11,0.1,0.1,0.12,0.1,0.12,0.12,0.08,0.09,0.11,0.11,0.13,0.09,0.1,0.09,0.09,0.1,0.12,0.1,9.8,0.05,2.02,2.75,2.32,2.69,3.41,2.69,10.53,Walking
31,0.05,0.1,0.13,0.11,0.08,0.09,0.12,0.13,0.08,0.13,0.1,0.13,0.08,0.09,0.13,0.07,0.13,0.12,0.09,0.09,0.09,0.12,0.14,0.12,0.09,0.09,0.08,0.09,0.1,0.1,9.64,-0.11,2.03,2.9,2.23,2.62,3.52,2.62,10.37,Walking
31,0.08,0.08,0.08,0.13,0.12,0.13,0.07,0.12,0.09,0.12,0.08,0.13,0.1,0.08,0.12,0.1,0.1,0.12,0.08,0.11,0.07,0.06,0.11,0.13,0.1,0.11,0.14,0.09,0.13,0.1,9.78,0.28,2.09,2.96,2.17,2.72,3.61,2.72,10.48,Walking
31,0.12,0.07,0.12,0.09,0.12,0.11,0.12,0.08,0.07,0.13,0.08,0.1,0.08,0.13,0.14,0.12,0.1,0.1,0.09,0.08,0.06,0.06,0.07,0.12,0.15,0.13,0.11,0.11,0.09,0.13,9.65,0.32,2.14,2.62,2.09,2.74,3.33,2.74,10.35,Walking
31,0.11,0.09,0.09,0.09,0.1,0.14,0.09,0.1,0.06,0.16,0.09,0.14,0.09,0.12,0.11,0.07,0.09,0.09,0.1,0.13,0.07,0.11,0.1,0.1,0.12,0.13,0.09,0.09,0.12,0.08,9.78,0.04,2.28,3.14,2.07,2.95,3.77,2.95,10.51,Walking
31,0.1,0.1,0.1,0.11,0.08,0.1,0.14,0.12,0.1,0.09,0.09,0.12,0.11,0.11,0.07,0.13,0.09,0.11,0.09,0.11,0.1,0.08,0.1,0.09,0.13,0.1,0.11,0.12,0.1,0.09,9.72,-0.02,2.04,2.96,2.07,2.7,3.61,2.7,10.43,Walking
31,0.1,0.11,0.08,0.12,0.11,0.12,0.12,0.06,0.13,0.09,0.12,0.11,0.06,0.14,0.1,0.1,0.11,0.09,0.12,0.07,0.1,0.1,0.12,0.12,0.05,0.11,0.07,0.14,0.11,0.1,9.53,0.02,2.11,2.91,2.22,2.73,3.59,2.73,10.28,Walking
31,0.12,0.11,0.13,0.08,0.08,0.12,0.09,0.09,0.13,0.08,0.13,0.09,0.06,0.08,0.13,0.14,0.1,0.08,0.13,0.07,0.11,0.1,0.08,0.1,0.11,0.09,0.14,0.09,0.11,0.09,9.67,0.0,2.19,2.9,2.16,2.79,3.65,2.79,10.44,Walking
31,0.08,0.12,0.11,0.09,0.13,0.08,0.09,0.13,0.1,0.1,0.09,0.12,0.09,0.11,0.09,0.11,0.1,0.07,0.12,0.12,0.09,0.14,0.09,0.12,0.1,0.06,0.12,0.11,0.07,0.13,9.95,0.27,2.06,3.16,2.59,2.65,3.9,2.65,10.79,Walking
31,0.13,0.08,0.08,0.15,0.1,0.06,0.13,0.11,0.11,0.09,0.1,0.11,0.1,0.1,0.06,0.13,0.09,0.11,0.08,0.14,0.15,0.1,0.12,0.11,0.08,0.11,0.08,0.13,0.05,0.1,9.95,-0.26,2.18,3.16,2.21,2.85,3.88,2.85,10.74,Walking
31,0.11,0.1,0.13,0.1,0.1,0.09,0.08,0.13,0.1,0.08,0.1,0.11,0.11,0.08,0.08,0.15,0.1,0.13,0.1,0.06,0.11,0.09,0.12,0.12,0.07,0.09,0.14,0.07,0.14,0.08,9.6,-0.15,2.08,2.75,2.01,2.67,3.34,2.67,10.27,Walking
31,0.11,0.09,0.1,0.12,0.12,0.12,0.1,0.07,0.09,0.1,0.14,0.07,0.1,0.12,0.11,0.08,0.09,0.11,0.08,0.13,0.11,0.11,0.11,0.11,0.17,0.06,0.06,0.12,0.07,0.1,9.77,-0.09,2.17,3.25,2.3,2.78,4.0,2.78,10.57,Walking
31,0.09,0.14,0.11,0.1,0.11,0.08,0.13,0.08,0.08,0.1,0.11,0.1,0.09,0.12,0.09,0.1,0.12,0.11,0.09,0.1,0.13,0.11,0.06,0.08,0.1,0.09,0.15,0.09,0.12,0.1,9.82,-0.02,2.14,2.97,2.16,2.74,3.66,2.74,10.57,Walking
31,0.1,0.11,0.1,0.13,0.11,0.11,0.1,0.08,0.08,0.1,0.1,0.11,0.11,0.1,0.12,0.04,0.11,0.11,0.09,0.12,0.12,0.09,0.1,0.08,0.11,0.08,0.13,0.1,0.07,0.13,9.78,0.08,2.16,3.13,2.34,2.81,3.79,2.81,10.56,Walking
31,0.1,0.1,0.12,0.12,0.14,0.09,0.08,0.12,0.07,0.09,0.09,0.11,0.09,0.11,0.14,0.12,0.08,0.07,0.11,0.11,0.04,0.1,0.11,0.1,0.07,0.15,0.07,0.13,0.14,0.12,9.74,0.41,2.11,2.85,2.21,2.72,3.5,2.72,10.45,Walking
31,0.14,0.1,0.09,0.12,0.12,0.1,0.07,0.12,0.12,0.04,0.06,0.07,0.18,0.07,0.15,0.13,0.1,0.13,0.1,0.04,0.04,0.12,0.08,0.12,0.14,0.1,0.11,0.1,0.13,0.08,9.58,0.09,2.31,2.33,1.94,3.15,2.9,3.15,10.37,Walking
31,0.17,0.1,0.12,0.12,0.1,0.07,0.06,0.07,0.12,0.09,0.15,0.08,0.08,0.11,0.07,0.09,0.07,0.14,0.11,0.12,0.13,0.09,0.12,0.05,0.11,0.11,0.1,0.1,0.07,0.14,9.89,0.22,2.51,3.31,2.45,3.16,3.99,3.16,10.82,Walking
31,0.14,0.15,0.1,0.1,0.1,0.12,0.08,0.08,0.09,0.07,0.16,0.08,0.09,0.14,0.08,0.07,0.07,0.12,0.11,0.11,0.07,0.13,0.11,0.11,0.09,0.09,0.06,0.12,0.1,0.13,9.45,0.17,2.36,3.32,2.3,3.03,3.96,3.03,10.33,Walking
31,0.13,0.12,0.11,0.14,0.11,0.13,0.07,0.05,0.06,0.1,0.14,0.12,0.06,0.12,0.07,0.1,0.09,0.12,0.1,0.12,0.13,0.14,0.11,0.06,0.06,0.09,0.12,0.13,0.11,0.08,9.73,0.0,2.35,3.35,2.38,2.97,4.08,2.97,10.65,Walking
31,0.17,0.11,0.12,0.08,0.08,0.12,0.11,0.09,0.1,0.06,0.17,0.08,0.08,0.11,0.07,0.07,0.12,0.06,0.11,0.15,0.17,0.1,0.09,0.09,0.06,0.07,0.16,0.1,0.09,0.1,9.86,-0.17,2.39,3.58,2.34,3.12,4.34,3.12,10.79,Walking
31,0.15,0.1,0.12,0.1,0.11,0.11,0.13,0.05,0.09,0.07,0.14,0.08,0.08,0.12,0.08,0.11,0.1,0.11,0.09,0.11,0.12,0.13,0.07,0.09,0.06,0.08,0.17,0.08,0.14,0.09,9.75,0.01,2.32,3.07,2.22,3.1,3.77,3.1,10.59,Walking
31,0.17,0.09,0.11,0.11,0.12,0.13,0.06,0.07,0.08,0.09,0.16,0.09,0.06,0.09,0.07,0.13,0.1,0.09,0.12,0.11,0.15,0.07,0.08,0.04,0.07,0.1,0.15,0.15,0.1,0.12,9.78,0.24,2.48,3.26,2.35,3.22,3.99,3.22,10.73,Walking
31,0.1,0.1,0.08,0.09,0.1,0.1,0.13,0.11,0.12,0.11,0.1,0.08,0.12,0.13,0.09,0.12,0.07,0.1,0.12,0.09,0.1,0.06,0.09,0.09,0.1,0.1,0.16,0.11,0.12,0.09,9.77,0.15,2.09,2.94,2.02,2.75,3.61,2.75,10.46,Walking
31,0.07,0.1,0.11,0.06,0.06,0.09,0.19,0.13,0.12,0.12,0.05,0.13,0.11,0.1,0.11,0.09,0.16,0.09,0.08,0.09,0.09,0.08,0.11,0.1,0.12,0.09,0.1,0.11,0.12,0.11,9.75,0.22,1.95,2.72,2.26,2.61,3.33,2.61,10.45,Walking
31,0.04,0.09,0.11,0.1,0.09,0.13,0.11,0.1,0.12,0.14,0.09,0.09,0.15,0.08,0.1,0.07,0.13,0.11,0.11,0.09,0.07,0.08,0.08,0.14,0.18,0.07,0.08,0.11,0.09,0.13,9.77,0.2,1.94,2.94,2.17,2.54,3.51,2.54,10.41,Walking
31,0.04,0.08,0.1,0.11,0.06,0.09,0.12,0.15,0.14,0.14,0.05,0.13,0.08,0.1,0.09,0.13,0.16,0.08,0.11,0.08,0.12,0.1,0.14,0.18,0.13,0.06,0.06,0.07,0.08,0.09,9.92,-0.33,2.0,2.65,2.17,2.65,3.28,2.65,10.62,Walking
31,0.08,0.07,0.08,0.14,0.06,0.08,0.08,0.15,0.16,0.13,0.08,0.11,0.11,0.09,0.1,0.12,0.06,0.15,0.1,0.1,0.12,0.09,0.09,0.17,0.18,0.04,0.08,0.08,0.12,0.07,9.91,-0.29,2.08,2.92,2.0,2.64,3.53,2.64,10.58,Walking
31,0.07,0.03,0.13,0.1,0.08,0.11,0.08,0.19,0.11,0.13,0.08,0.12,0.14,0.09,0.09,0.1,0.13,0.1,0.11,0.08,0.08,0.09,0.09,0.15,0.16,0.14,0.08,0.07,0.08,0.07,9.72,-0.23,1.9,2.89,1.84,2.47,3.48,2.47,10.3,Walking
31,0.08,0.12,0.05,0.1,0.08,0.1,0.15,0.1,0.13,0.12,0.08,0.09,0.12,0.09,0.11,0.14,0.1,0.1,0.1,0.1,0.1,0.07,0.09,0.16,0.08,0.12,0.12,0.09,0.09,0.1,9.95,-0.02,2.12,2.85,2.08,2.82,3.55,2.82,10.65,Walking
31,0.07,0.07,0.09,0.12,0.06,0.14,0.1,0.14,0.14,0.1,0.07,0.11,0.14,0.05,0.13,0.1,0.13,0.1,0.1,0.09,0.09,0.09,0.07,0.13,0.11,0.12,0.09,0.13,0.08,0.11,9.78,0.24,1.9,2.81,2.26,2.52,3.43,2.52,10.47,Walking
31,0.05,0.1,0.09,0.07,0.11,0.13,0.1,0.09,0.17,0.1,0.08,0.1,0.11,0.07,0.13,0.11,0.12,0.1,0.08,0.13,0.08,0.09,0.1,0.13,0.17,0.11,0.11,0.09,0.05,0.1,10.0,-0.1,1.94,2.83,1.96,2.5,3.51,2.5,10.62,Walking
31,0.04,0.16,0.07,0.08,0.1,0.11,0.15,0.08,0.11,0.12,0.08,0.15,0.13,0.07,0.09,0.08,0.12,0.1,0.09,0.11,0.07,0.08,0.08,0.11,0.09,0.15,0.12,0.11,0.09,0.12,9.69,0.46,1.94,3.11,2.4,2.47,3.74,2.47,10.42,Walking
31,0.06,0.13,0.08,0.09,0.14,0.12,0.07,0.1,0.12,0.12,0.07,0.09,0.11,0.08,0.13,0.09,0.13,0.13,0.11,0.08,0.08,0.08,0.1,0.07,0.14,0.14,0.12,0.09,0.1,0.1,10.03,0.25,2.06,2.78,2.24,2.6,3.45,2.6,10.73,Walking
31,0.1,0.07,0.14,0.12,0.07,0.08,0.11,0.11,0.1,0.11,0.08,0.09,0.13,0.09,0.11,0.12,0.09,0.11,0.11,0.1,0.1,0.1,0.1,0.17,0.11,0.09,0.06,0.1,0.1,0.09,9.89,-0.18,2.29,2.84,2.11,3.03,3.5,3.03,10.65,Walking
31,0.08,0.13,0.11,0.06,0.09,0.1,0.15,0.07,0.11,0.12,0.1,0.1,0.11,0.09,0.1,0.1,0.11,0.09,0.13,0.08,0.13,0.11,0.1,0.14,0.1,0.07,0.08,0.09,0.1,0.09,9.81,-0.21,2.11,2.96,2.19,2.69,3.62,2.69,10.56,Walking
31,0.11,0.09,0.11,0.09,0.09,0.07,0.12,0.13,0.13,0.08,0.08,0.09,0.07,0.12,0.14,0.13,0.12,0.06,0.11,0.1,0.14,0.1,0.09,0.11,0.09,0.06,0.13,0.13,0.1,0.09,9.89,-0.15,2.14,2.74,2.1,2.79,3.47,2.79,10.62,Walking
31,0.09,0.11,0.12,0.08,0.08,0.12,0.1,0.11,0.11,0.11,0.13,0.07,0.12,0.08,0.11,0.12,0.09,0.07,0.11,0.11,0.16,0.12,0.11,0.11,0.1,0.04,0.12,0.08,0.08,0.1,9.91,-0.2,2.14,3.22,2.43,2.77,4.05,2.77,10.75,Walking
31,0.13,0.09,0.09,0.11,0.08,0.09,0.13,0.11,0.09,0.11,0.16,0.08,0.08,0.13,0.06,0.11,0.08,0.1,0.12,0.11,0.17,0.07,0.11,0.07,0.12,0.08,0.09,0.08,0.11,0.11,9.7,-0.1,2.26,3.38,2.43,3.01,4.08,3.01,10.58,Walking
31,0.09,0.13,0.09,0.1,0.07,0.12,0.11,0.11,0.11,0.09,0.09,0.12,0.08,0.12,0.11,0.09,0.09,0.1,0.13,0.1,0.09,0.11,0.12,0.09,0.07,0.12,0.1,0.11,0.1,0.1,9.8,0.16,2.07,3.0,2.42,2.63,3.65,2.63,10.59,Walking
31,0.11,0.05,0.13,0.11,0.11,0.09,0.1,0.11,0.12,0.09,0.08,0.11,0.1,0.1,0.12,0.09,0.1,0.1,0.09,0.13,0.08,0.09,0.13,0.11,0.14,0.1,0.08,0.11,0.06,0.13,9.87,0.13,2.08,2.94,2.37,2.71,3.6,2.71,10.63,Walking
31,0.1,0.14,0.08,0.08,0.13,0.11,0.09,0.09,0.07,0.14,0.16,0.06,0.09,0.09,0.11,0.1,0.08,0.11,0.08,0.15,0.09,0.14,0.1,0.09,0.08,0.12,0.11,0.08,0.1,0.12,9.8,0.18,2.36,3.29,2.43,3.11,4.04,3.11,10.7,Walking
31,0.14,0.09,0.09,0.07,0.11,0.11,0.1,0.12,0.1,0.08,0.12,0.07,0.15,0.07,0.08,0.09,0.08,0.16,0.1,0.11,0.14,0.07,0.11,0.08,0.12,0.09,0.07,0.12,0.13,0.1,9.92,-0.03,2.29,3.1,2.22,3.02,3.7,3.02,10.72,Walking
31,0.14,0.1,0.08,0.08,0.1,0.11,0.1,0.13,0.12,0.09,0.12,0.09,0.11,0.09,0.1,0.08,0.08,0.13,0.11,0.12,0.09,0.09,0.09,0.09,0.07,0.09,0.19,0.11,0.12,0.08,9.89,0.07,2.28,3.27,2.01,3.11,3.93,3.11,10.65,Walking
31,0.13,0.1,0.09,0.1,0.13,0.12,0.08,0.08,0.1,0.09,0.1,0.1,0.13,0.1,0.08,0.11,0.09,0.1,0.11,0.11,0.09,0.1,0.1,0.09,0.07,0.07,0.13,0.11,0.12,0.14,9.79,0.48,2.31,3.13,2.57,3.01,3.81,3.01,10.72,Walking
31,0.12,0.12,0.12,0.11,0.08,0.08,0.13,0.08,0.08,0.11,0.1,0.11,0.12,0.11,0.1,0.08,0.07,0.11,0.08,0.15,0.09,0.12,0.1,0.1,0.1,0.06,0.08,0.11,0.17,0.08,9.86,0.24,2.3,3.28,2.37,2.97,4.0,2.97,10.69,Walking
31,0.09,0.15,0.11,0.16,0.1,0.12,0.09,0.07,0.09,0.05,0.11,0.08,0.12,0.13,0.12,0.09,0.1,0.08,0.1,0.1,0.06,0.11,0.09,0.11,0.1,0.13,0.12,0.1,0.1,0.1,9.79,0.2,2.07,2.92,2.18,2.59,3.61,2.59,10.51,Walking
31,0.06,0.06,0.04,0.02,0.0,0.01,0.0,0.0,0.0,0.0,0.01,0.02,0.04,0.02,0.03,0.03,0.01,0.01,0.01,0.01,0.01,0.01,0.0,0.02,0.0,0.01,0.02,0.05,0.06,0.03,1.58,0.39,0.64,1.3,0.46,3.92,7.89,3.92,1.84,Walking
31,0.06,0.05,0.14,0.14,0.12,0.07,0.12,0.13,0.1,0.09,0.01,0.03,0.14,0.19,0.07,0.13,0.17,0.13,0.09,0.02,0.04,0.04,0.05,0.1,0.1,0.07,0.11,0.15,0.2,0.15,7.3,0.69,5.8,6.12,3.38,8.15,7.0,8.15,11.31,Jogging
31,0.0,0.0,0.06,0.13,0.14,0.14,0.07,0.14,0.07,0.27,0.09,0.02,0.08,0.13,0.11,0.09,0.09,0.16,0.12,0.06,0.03,0.11,0.12,0.07,0.03,0.06,0.09,0.12,0.2,0.19,8.4,0.66,3.84,7.53,3.8,4.89,8.34,4.89,12.12,Jogging
31,0.07,0.08,0.09,0.18,0.07,0.09,0.13,0.11,0.1,0.11,0.02,0.08,0.14,0.17,0.09,0.07,0.14,0.13,0.08,0.03,0.06,0.07,0.11,0.11,0.08,0.07,0.11,0.15,0.13,0.14,7.11,-0.14,6.18,7.06,3.29,8.66,7.85,8.66,11.6,Jogging
31,0.1,0.11,0.11,0.11,0.05,0.11,0.08,0.15,0.06,0.15,0.03,0.09,0.16,0.2,0.07,0.04,0.14,0.07,0.14,0.05,0.07,0.07,0.12,0.1,0.11,0.09,0.11,0.14,0.09,0.12,6.91,-0.49,6.94,7.39,3.26,9.76,8.11,9.76,12.06,Jogging
31,0.07,0.12,0.09,0.08,0.11,0.14,0.09,0.11,0.1,0.13,0.05,0.12,0.12,0.2,0.09,0.06,0.09,0.09,0.12,0.06,0.1,0.08,0.11,0.09,0.08,0.11,0.16,0.08,0.11,0.11,6.27,-0.96,6.44,7.24,3.17,9.21,8.14,9.21,11.57,Jogging
31,0.09,0.09,0.12,0.08,0.11,0.09,0.12,0.13,0.11,0.1,0.05,0.13,0.13,0.14,0.11,0.08,0.11,0.07,0.11,0.05,0.12,0.12,0.1,0.08,0.12,0.09,0.15,0.09,0.07,0.09,6.24,-1.47,6.35,7.02,3.06,9.17,7.97,9.17,11.36,Jogging
31,0.12,0.11,0.1,0.07,0.07,0.12,0.05,0.11,0.19,0.09,0.06,0.13,0.12,0.12,0.11,0.11,0.1,0.08,0.08,0.04,0.2,0.15,0.11,0.06,0.1,0.11,0.09,0.06,0.04,0.09,6.49,-2.5,6.85,7.05,3.34,9.76,8.1,9.76,12.12,Jogging
31,0.12,0.13,0.07,0.07,0.11,0.1,0.1,0.11,0.14,0.08,0.1,0.14,0.07,0.11,0.14,0.08,0.07,0.1,0.09,0.05,0.15,0.13,0.1,0.1,0.12,0.06,0.11,0.09,0.06,0.1,6.38,-1.82,6.93,7.55,3.56,9.9,8.47,9.9,12.43,Jogging
31,0.09,0.09,0.11,0.09,0.14,0.08,0.08,0.1,0.14,0.1,0.13,0.1,0.12,0.08,0.11,0.12,0.08,0.08,0.07,0.07,0.17,0.14,0.08,0.1,0.08,0.13,0.11,0.09,0.04,0.09,5.86,-2.01,6.56,7.28,3.13,9.29,8.46,9.29,12.02,Jogging
31,0.09,0.12,0.12,0.06,0.09,0.12,0.12,0.11,0.12,0.08,0.08,0.09,0.15,0.06,0.13,0.13,0.06,0.11,0.11,0.04,0.09,0.09,0.07,0.13,0.1,0.14,0.12,0.1,0.07,0.1,6.52,-0.96,6.72,7.07,2.92,9.65,8.09,9.65,11.85,Jogging
31,0.12,0.13,0.09,0.08,0.07,0.08,0.11,0.13,0.09,0.13,0.08,0.11,0.09,0.08,0.14,0.12,0.1,0.07,0.13,0.06,0.14,0.13,0.13,0.09,0.12,0.07,0.07,0.08,0.08,0.11,6.93,-1.65,7.26,7.18,3.34,10.12,8.22,10.12,12.66,Jogging
31,0.11,0.07,0.12,0.11,0.1,0.09,0.09,0.11,0.08,0.13,0.07,0.11,0.12,0.07,0.14,0.11,0.1,0.12,0.09,0.04,0.13,0.07,0.15,0.15,0.08,0.08,0.1,0.05,0.11,0.11,6.49,-1.48,6.92,6.94,3.41,9.57,7.93,9.57,12.16,Jogging
31,0.12,0.09,0.13,0.06,0.09,0.12,0.1,0.11,0.08,0.12,0.09,0.14,0.12,0.05,0.12,0.1,0.09,0.13,0.1,0.04,0.08,0.14,0.05,0.11,0.08,0.13,0.13,0.12,0.09,0.1,6.49,-1.16,6.94,7.41,2.94,9.81,8.29,9.81,12.22,Jogging
31,0.1,0.11,0.08,0.11,0.1,0.1,0.12,0.12,0.12,0.07,0.1,0.09,0.13,0.13,0.06,0.14,0.08,0.09,0.12,0.04,0.09,0.07,0.09,0.1,0.13,0.17,0.1,0.11,0.09,0.08,6.27,-1.03,6.54,7.1,2.66,9.38,8.18,9.38,11.65,Jogging
31,0.1,0.09,0.13,0.07,0.11,0.09,0.1,0.11,0.13,0.09,0.12,0.12,0.06,0.12,0.08,0.13,0.05,0.12,0.13,0.05,0.11,0.11,0.08,0.1,0.11,0.1,0.1,0.11,0.12,0.08,6.65,-1.28,6.72,7.56,3.16,9.48,8.56,9.48,12.47,Jogging
31,0.12,0.1,0.1,0.08,0.12,0.11,0.13,0.07,0.06,0.15,0.18,0.1,0.09,0.08,0.09,0.09,0.11,0.1,0.1,0.05,0.1,0.1,0.13,0.14,0.11,0.08,0.08,0.11,0.09,0.1,5.9,-1.23,7.15,7.65,3.24,9.83,8.73,9.83,12.59,Jogging
31,0.11,0.14,0.07,0.13,0.09,0.07,0.09,0.12,0.13,0.08,0.09,0.13,0.09,0.07,0.11,0.13,0.11,0.06,0.14,0.06,0.1,0.12,0.11,0.07,0.09,0.14,0.07,0.1,0.12,0.11,6.89,-0.96,7.22,7.29,3.26,10.02,8.32,10.02,12.58,Jogging
31,0.11,0.09,0.1,0.08,0.14,0.07,0.13,0.13,0.11,0.05,0.11,0.12,0.1,0.1,0.1,0.1,0.11,0.12,0.07,0.05,0.08,0.11,0.06,0.14,0.09,0.1,0.1,0.12,0.09,0.12,6.26,-0.63,6.69,7.18,3.29,9.58,8.17,9.58,12.02,Jogging
31,0.1,0.12,0.12,0.15,0.09,0.08,0.06,0.09,0.12,0.1,0.17,0.09,0.07,0.08,0.06,0.11,0.11,0.13,0.08,0.06,0.18,0.07,0.1,0.09,0.1,0.09,0.09,0.08,0.13,0.09,6.51,-1.8,7.59,7.84,3.53,10.1,8.88,10.1,13.46,Jogging
31,0.09,0.12,0.1,0.14,0.11,0.1,0.07,0.09,0.12,0.08,0.1,0.07,0.13,0.11,0.11,0.08,0.11,0.12,0.12,0.05,0.07,0.13,0.1,0.09,0.12,0.1,0.13,0.12,0.07,0.1,6.62,-1.03,7.21,7.22,3.01,9.78,8.2,9.78,12.3,Jogging
31,0.09,0.15,0.09,0.09,0.11,0.07,0.15,0.07,0.09,0.12,0.14,0.1,0.1,0.1,0.1,0.06,0.12,0.09,0.12,0.06,0.11,0.07,0.11,0.08,0.11,0.12,0.11,0.14,0.1,0.07,6.36,-1.2,7.16,7.71,2.81,9.93,8.66,9.93,12.45,Jogging
31,0.11,0.11,0.11,0.07,0.09,0.12,0.13,0.08,0.08,0.12,0.12,0.12,0.08,0.06,0.15,0.07,0.12,0.11,0.06,0.06,0.06,0.09,0.14,0.11,0.12,0.11,0.11,0.06,0.14,0.08,6.51,-1.05,7.21,7.44,2.75,10.0,8.44,10.0,12.33,Jogging
31,0.08,0.16,0.09,0.09,0.1,0.11,0.11,0.08,0.12,0.09,0.11,0.12,0.1,0.1,0.12,0.09,0.09,0.09,0.08,0.08,0.09,0.1,0.12,0.09,0.14,0.12,0.11,0.12,0.06,0.09,6.39,-1.24,7.06,7.52,2.81,9.81,8.52,9.81,12.29,Jogging
31,0.1,0.12,0.07,0.13,0.09,0.1,0.1,0.1,0.11,0.11,0.11,0.12,0.09,0.08,0.11,0.1,0.11,0.08,0.12,0.06,0.1,0.07,0.13,0.09,0.13,0.11,0.07,0.14,0.08,0.1,6.36,-1.16,6.9,7.44,3.0,9.62,8.48,9.62,12.24,Jogging
31,0.12,0.1,0.09,0.08,0.1,0.12,0.13,0.1,0.09,0.08,0.12,0.09,0.12,0.06,0.09,0.12,0.09,0.11,0.11,0.06,0.08,0.07,0.11,0.12,0.06,0.11,0.14,0.1,0.14,0.1,6.82,-0.76,6.87,7.55,2.94,9.83,8.51,9.83,12.36,Jogging
31,0.12,0.13,0.13,0.11,0.11,0.13,0.05,0.04,0.07,0.12,0.22,0.05,0.02,0.09,0.05,0.1,0.14,0.12,0.08,0.08,0.21,0.15,0.09,0.05,0.08,0.08,0.1,0.11,0.1,0.06,6.74,-2.71,8.36,8.02,3.49,10.62,9.12,10.62,14.31,Jogging
31,0.1,0.1,0.1,0.11,0.14,0.11,0.11,0.09,0.1,0.07,0.11,0.11,0.11,0.12,0.09,0.1,0.09,0.11,0.08,0.05,0.12,0.09,0.09,0.1,0.07,0.13,0.12,0.07,0.13,0.09,5.96,-1.33,6.73,7.32,3.16,9.39,8.37,9.39,12.03,Jogging
31,0.13,0.1,0.06,0.09,0.12,0.11,0.12,0.1,0.08,0.12,0.12,0.12,0.07,0.1,0.06,0.16,0.1,0.05,0.11,0.07,0.13,0.09,0.1,0.1,0.13,0.13,0.1,0.08,0.09,0.09,6.7,-1.47,6.88,7.46,2.97,9.77,8.58,9.77,12.55,Jogging
31,0.1,0.08,0.16,0.08,0.08,0.12,0.13,0.1,0.11,0.07,0.08,0.13,0.12,0.07,0.12,0.09,0.12,0.1,0.1,0.04,0.06,0.1,0.11,0.1,0.11,0.12,0.11,0.1,0.1,0.1,6.49,-0.83,6.84,7.22,2.96,9.59,8.18,9.59,12.03,Jogging
31,0.1,0.09,0.12,0.12,0.09,0.06,0.14,0.13,0.1,0.06,0.09,0.14,0.08,0.09,0.12,0.11,0.09,0.12,0.09,0.05,0.07,0.09,0.08,0.13,0.13,0.15,0.08,0.12,0.08,0.1,6.52,-0.93,6.82,7.24,2.84,9.6,8.22,9.6,12.15,Jogging
31,0.11,0.09,0.09,0.13,0.06,0.14,0.11,0.11,0.12,0.06,0.07,0.13,0.1,0.12,0.1,0.11,0.09,0.1,0.11,0.05,0.05,0.1,0.08,0.14,0.13,0.12,0.12,0.1,0.06,0.13,6.53,-0.62,6.67,7.25,3.12,9.53,8.22,9.53,11.97,Jogging
31,0.13,0.1,0.1,0.11,0.08,0.1,0.11,0.12,0.1,0.07,0.11,0.14,0.09,0.05,0.12,0.11,0.08,0.1,0.1,0.06,0.08,0.1,0.09,0.09,0.17,0.1,0.07,0.09,0.12,0.11,6.49,-0.8,7.17,7.59,3.35,10.06,8.62,10.06,12.75,Jogging
31,0.13,0.11,0.11,0.1,0.11,0.11,0.09,0.08,0.07,0.11,0.16,0.05,0.09,0.07,0.08,0.12,0.12,0.1,0.11,0.08,0.08,0.14,0.09,0.1,0.09,0.1,0.07,0.1,0.18,0.07,7.02,-1.16,7.69,7.65,3.13,10.31,8.67,10.31,13.35,Jogging
31,0.05,0.07,0.07,0.13,0.1,0.05,0.03,0.03,0.02,0.07,0.13,0.03,0.03,0.07,0.07,0.07,0.06,0.07,0.07,0.02,0.09,0.05,0.08,0.03,0.04,0.05,0.04,0.05,0.1,0.08,3.37,-0.43,4.8,4.34,2.5,9.87,8.7,9.87,8.01,Jogging
31,0.03,0.04,0.04,0.07,0.03,0.08,0.1,0.12,0.16,0.33,0.05,0.07,0.21,0.14,0.12,0.16,0.09,0.08,0.05,0.04,0.04,0.03,0.08,0.08,0.05,0.07,0.09,0.25,0.22,0.11,8.94,1.21,3.36,2.61,2.6,4.46,3.36,4.46,10.55,Walking
31,0.03,0.06,0.07,0.09,0.11,0.07,0.12,0.15,0.13,0.2,0.07,0.08,0.15,0.13,0.1,0.14,0.11,0.06,0.07,0.12,0.11,0.09,0.1,0.08,0.09,0.15,0.1,0.1,0.13,0.07,9.66,-0.01,2.48,3.33,2.58,3.32,4.1,3.32,10.62,Walking
31,0.03,0.05,0.08,0.1,0.09,0.06,0.1,0.18,0.13,0.2,0.05,0.15,0.13,0.09,0.08,0.14,0.12,0.1,0.08,0.09,0.14,0.08,0.11,0.1,0.09,0.13,0.1,0.09,0.09,0.1,9.64,-0.25,2.41,3.39,2.65,3.08,4.1,3.08,10.62,Walking
31,0.06,0.08,0.1,0.09,0.11,0.08,0.08,0.09,0.13,0.2,0.08,0.13,0.12,0.11,0.11,0.09,0.11,0.08,0.08,0.12,0.14,0.12,0.11,0.08,0.11,0.1,0.05,0.1,0.11,0.11,9.68,0.09,2.61,3.6,3.11,3.24,4.33,3.24,10.88,Walking
31,0.07,0.08,0.11,0.06,0.11,0.08,0.08,0.14,0.17,0.12,0.12,0.1,0.12,0.11,0.11,0.1,0.07,0.06,0.11,0.12,0.17,0.12,0.11,0.07,0.07,0.11,0.08,0.08,0.11,0.09,9.46,-0.28,2.4,3.83,2.96,2.96,4.66,2.96,10.65,Walking
31,0.06,0.08,0.07,0.11,0.11,0.11,0.1,0.11,0.12,0.15,0.13,0.09,0.11,0.08,0.09,0.1,0.09,0.14,0.06,0.12,0.13,0.14,0.11,0.11,0.08,0.11,0.06,0.07,0.09,0.13,9.71,0.0,2.28,3.96,3.11,2.86,4.78,2.86,10.86,Walking
31,0.06,0.12,0.11,0.11,0.09,0.07,0.1,0.09,0.15,0.12,0.14,0.1,0.09,0.08,0.13,0.08,0.11,0.08,0.11,0.11,0.15,0.11,0.09,0.1,0.12,0.1,0.08,0.07,0.08,0.12,9.5,-0.07,2.39,3.88,2.85,2.88,4.67,2.88,10.66,Walking
31,0.12,0.08,0.11,0.09,0.11,0.07,0.08,0.12,0.1,0.14,0.17,0.05,0.08,0.09,0.11,0.07,0.15,0.08,0.11,0.1,0.12,0.1,0.11,0.1,0.09,0.11,0.08,0.07,0.12,0.12,9.72,0.16,2.58,3.85,3.0,3.14,4.67,3.14,10.97,Walking
31,0.07,0.08,0.11,0.12,0.09,0.09,0.07,0.13,0.11,0.15,0.14,0.08,0.09,0.11,0.08,0.07,0.13,0.09,0.12,0.1,0.08,0.14,0.06,0.13,0.14,0.06,0.08,0.12,0.09,0.11,9.68,0.12,2.48,3.88,2.79,3.1,4.67,3.1,10.8,Walking
31,0.04,0.06,0.08,0.11,0.11,0.11,0.15,0.13,0.12,0.12,0.08,0.14,0.09,0.1,0.09,0.1,0.11,0.1,0.08,0.13,0.1,0.1,0.11,0.12,0.13,0.09,0.1,0.1,0.05,0.13,9.94,0.44,1.96,3.78,3.27,2.48,4.54,2.48,10.97,Walking
31,0.08,0.13,0.1,0.11,0.1,0.07,0.09,0.14,0.1,0.1,0.14,0.07,0.1,0.1,0.08,0.09,0.14,0.1,0.12,0.09,0.15,0.12,0.09,0.11,0.12,0.09,0.07,0.1,0.07,0.1,9.79,-0.2,2.36,3.75,2.91,2.86,4.44,2.86,10.91,Walking
31,0.07,0.12,0.1,0.12,0.1,0.06,0.1,0.11,0.11,0.13,0.1,0.12,0.09,0.09,0.1,0.1,0.09,0.12,0.09,0.14,0.12,0.12,0.1,0.08,0.12,0.09,0.09,0.09,0.08,0.14,9.99,0.08,2.38,3.84,2.92,2.9,4.62,2.9,11.07,Walking
31,0.06,0.15,0.09,0.08,0.08,0.12,0.1,0.16,0.09,0.09,0.1,0.14,0.04,0.1,0.09,0.13,0.11,0.11,0.1,0.09,0.14,0.06,0.12,0.1,0.11,0.09,0.12,0.12,0.1,0.07,9.68,-0.09,2.17,3.59,2.66,2.68,4.35,2.68,10.7,Walking
31,0.05,0.1,0.14,0.07,0.13,0.14,0.13,0.09,0.07,0.11,0.06,0.13,0.11,0.08,0.14,0.13,0.11,0.1,0.1,0.07,0.13,0.06,0.09,0.11,0.1,0.13,0.1,0.13,0.11,0.07,9.67,0.03,2.07,3.18,2.6,2.57,3.92,2.57,10.57,Walking
31,0.1,0.08,0.14,0.1,0.1,0.11,0.09,0.1,0.1,0.11,0.05,0.09,0.13,0.09,0.13,0.17,0.09,0.08,0.11,0.07,0.04,0.04,0.04,0.08,0.15,0.17,0.17,0.13,0.13,0.07,9.79,0.4,2.38,3.04,2.16,2.96,3.8,2.96,10.59,Walking
31,0.11,0.1,0.07,0.11,0.11,0.1,0.14,0.1,0.09,0.1,0.06,0.12,0.11,0.1,0.11,0.1,0.13,0.09,0.1,0.1,0.08,0.08,0.12,0.16,0.11,0.06,0.1,0.12,0.1,0.1,9.94,0.23,2.21,3.52,2.85,2.75,4.24,2.75,10.94,Walking
31,0.09,0.13,0.12,0.1,0.08,0.1,0.13,0.08,0.08,0.1,0.07,0.15,0.1,0.12,0.08,0.09,0.1,0.11,0.12,0.09,0.07,0.13,0.12,0.1,0.1,0.07,0.13,0.07,0.14,0.09,9.69,0.29,2.25,3.59,2.99,2.7,4.28,2.7,10.75,Walking
31,0.12,0.09,0.1,0.1,0.11,0.09,0.13,0.1,0.08,0.11,0.06,0.15,0.1,0.1,0.13,0.05,0.1,0.15,0.09,0.1,0.07,0.11,0.11,0.13,0.11,0.09,0.09,0.1,0.1,0.11,9.86,0.3,2.27,3.63,2.94,2.77,4.28,2.77,10.89,Walking
31,0.12,0.12,0.12,0.06,0.09,0.08,0.15,0.11,0.11,0.07,0.12,0.08,0.1,0.1,0.06,0.09,0.13,0.12,0.11,0.12,0.1,0.16,0.08,0.09,0.11,0.06,0.12,0.09,0.12,0.09,10.04,0.2,2.31,3.81,2.99,2.83,4.56,2.83,11.13,Walking
31,0.09,0.16,0.08,0.1,0.1,0.12,0.12,0.09,0.1,0.07,0.11,0.08,0.11,0.12,0.1,0.1,0.09,0.12,0.1,0.09,0.07,0.09,0.13,0.11,0.09,0.13,0.1,0.09,0.09,0.12,9.73,0.4,2.15,3.65,3.03,2.62,4.4,2.62,10.77,Walking
31,0.1,0.12,0.12,0.08,0.07,0.12,0.13,0.1,0.08,0.09,0.13,0.06,0.11,0.1,0.09,0.1,0.11,0.13,0.1,0.1,0.07,0.13,0.1,0.11,0.1,0.1,0.11,0.14,0.05,0.12,9.87,0.19,2.24,3.73,2.76,2.84,4.51,2.84,10.91,Walking
31,0.15,0.12,0.09,0.08,0.06,0.12,0.14,0.08,0.1,0.08,0.14,0.05,0.08,0.11,0.11,0.12,0.1,0.1,0.1,0.12,0.07,0.12,0.12,0.07,0.09,0.1,0.14,0.09,0.08,0.14,9.87,0.4,2.36,3.65,2.95,2.9,4.48,2.9,10.97,Walking
31,0.17,0.08,0.09,0.14,0.11,0.1,0.09,0.08,0.1,0.06,0.15,0.1,0.09,0.11,0.11,0.07,0.05,0.11,0.13,0.11,0.11,0.14,0.09,0.06,0.11,0.1,0.11,0.12,0.07,0.09,9.5,0.04,2.45,3.94,2.72,3.01,4.66,3.01,10.67,Walking
31,0.1,0.11,0.14,0.11,0.06,0.11,0.11,0.08,0.13,0.07,0.09,0.1,0.09,0.09,0.13,0.1,0.09,0.11,0.12,0.11,0.11,0.13,0.12,0.06,0.09,0.11,0.07,0.09,0.14,0.09,9.98,0.26,2.29,3.62,3.03,2.77,4.38,2.77,11.06,Walking
31,0.13,0.1,0.14,0.13,0.1,0.11,0.11,0.06,0.11,0.04,0.12,0.07,0.11,0.12,0.08,0.12,0.11,0.09,0.11,0.11,0.14,0.12,0.09,0.06,0.15,0.1,0.08,0.09,0.08,0.1,9.87,-0.09,2.25,3.58,2.84,2.76,4.31,2.76,10.92,Walking
31,0.12,0.12,0.09,0.13,0.14,0.11,0.1,0.07,0.09,0.06,0.1,0.13,0.05,0.1,0.12,0.12,0.09,0.11,0.11,0.09,0.16,0.07,0.11,0.08,0.07,0.1,0.1,0.15,0.11,0.07,9.79,-0.17,2.32,3.58,2.65,2.91,4.36,2.91,10.82,Walking
31,0.1,0.12,0.04,0.11,0.14,0.15,0.09,0.1,0.11,0.06,0.09,0.12,0.14,0.08,0.1,0.06,0.09,0.1,0.12,0.13,0.08,0.09,0.13,0.1,0.07,0.1,0.12,0.08,0.16,0.11,9.87,0.39,2.17,3.92,2.93,2.84,4.63,2.84,10.91,Walking
31,0.11,0.12,0.11,0.07,0.12,0.13,0.1,0.06,0.13,0.06,0.08,0.12,0.1,0.11,0.11,0.1,0.1,0.13,0.07,0.11,0.09,0.08,0.13,0.12,0.15,0.08,0.12,0.07,0.08,0.1,9.86,0.13,2.29,3.56,2.79,2.86,4.33,2.86,10.92,Walking
31,0.13,0.11,0.1,0.13,0.08,0.11,0.12,0.08,0.12,0.05,0.09,0.11,0.14,0.07,0.12,0.09,0.08,0.11,0.1,0.13,0.1,0.09,0.11,0.12,0.09,0.13,0.1,0.07,0.11,0.11,9.91,0.31,2.32,3.79,2.96,2.9,4.54,2.9,10.99,Walking
31,0.15,0.1,0.08,0.11,0.11,0.16,0.11,0.07,0.08,0.06,0.12,0.09,0.08,0.16,0.09,0.11,0.04,0.1,0.13,0.11,0.07,0.13,0.14,0.08,0.09,0.08,0.13,0.1,0.08,0.13,9.65,0.35,2.26,3.72,3.03,2.95,4.51,2.95,10.8,Walking
31,0.13,0.13,0.11,0.08,0.14,0.12,0.13,0.05,0.09,0.06,0.09,0.1,0.13,0.1,0.1,0.11,0.11,0.12,0.1,0.08,0.09,0.07,0.09,0.08,0.11,0.15,0.14,0.09,0.11,0.1,9.69,0.34,2.27,3.36,2.7,2.85,4.11,2.85,10.68,Walking
31,0.21,0.08,0.08,0.13,0.1,0.09,0.13,0.06,0.07,0.07,0.12,0.08,0.09,0.1,0.08,0.08,0.1,0.12,0.15,0.1,0.08,0.11,0.15,0.07,0.12,0.12,0.08,0.1,0.09,0.1,9.99,0.18,2.58,3.81,2.86,3.24,4.55,3.24,11.15,Walking
31,0.16,0.11,0.11,0.1,0.12,0.15,0.06,0.12,0.09,0.02,0.14,0.08,0.06,0.1,0.09,0.14,0.09,0.13,0.08,0.12,0.04,0.09,0.13,0.08,0.1,0.15,0.09,0.09,0.13,0.12,9.83,0.68,2.35,3.72,3.04,2.98,4.51,2.98,10.95,Walking
31,0.15,0.14,0.13,0.17,0.09,0.11,0.06,0.08,0.06,0.03,0.07,0.16,0.09,0.1,0.07,0.1,0.11,0.11,0.11,0.11,0.05,0.05,0.13,0.13,0.12,0.13,0.09,0.15,0.09,0.08,9.79,0.32,2.43,3.73,2.55,2.97,4.43,2.97,10.8,Walking
31,0.08,0.08,0.05,0.13,0.09,0.05,0.05,0.03,0.03,0.01,0.03,0.09,0.04,0.05,0.09,0.04,0.07,0.06,0.09,0.04,0.02,0.06,0.07,0.07,0.05,0.07,0.09,0.05,0.07,0.05,5.66,0.24,1.31,2.74,1.49,2.78,5.8,2.78,6.22,Walking
31,0.08,0.15,0.12,0.11,0.11,0.07,0.12,0.1,0.05,0.0,0.06,0.11,0.17,0.1,0.1,0.12,0.09,0.08,0.07,0.0,0.17,0.09,0.1,0.08,0.1,0.12,0.13,0.06,0.11,0.0,3.88,-1.44,7.55,7.01,3.54,10.38,8.38,10.38,12.26,Jogging
31,0.09,0.13,0.09,0.12,0.09,0.1,0.1,0.07,0.09,0.0,0.12,0.11,0.16,0.09,0.06,0.09,0.04,0.1,0.1,0.0,0.14,0.12,0.06,0.09,0.1,0.09,0.11,0.13,0.08,0.0,4.16,-0.69,8.4,8.18,3.87,11.27,9.32,11.27,13.51,Jogging
31,0.06,0.13,0.1,0.14,0.08,0.11,0.08,0.13,0.08,0.0,0.07,0.13,0.14,0.07,0.14,0.07,0.09,0.1,0.09,0.0,0.1,0.09,0.1,0.07,0.14,0.1,0.13,0.1,0.12,0.0,4.21,-0.54,8.35,7.52,3.27,11.23,8.77,11.23,12.83,Jogging
31,0.12,0.12,0.08,0.08,0.11,0.1,0.11,0.12,0.09,0.0,0.07,0.14,0.09,0.14,0.08,0.09,0.06,0.1,0.1,0.0,0.14,0.08,0.11,0.12,0.11,0.11,0.08,0.07,0.11,0.0,4.79,-1.0,8.58,8.08,3.41,11.2,9.19,11.2,13.45,Jogging
31,0.15,0.11,0.09,0.11,0.1,0.1,0.08,0.09,0.04,0.0,0.17,0.07,0.08,0.09,0.1,0.09,0.09,0.08,0.09,0.0,0.14,0.09,0.07,0.11,0.1,0.1,0.13,0.11,0.09,0.0,3.95,-0.92,8.16,7.97,3.33,10.95,9.4,10.95,13.13,Jogging
31,0.2,0.07,0.08,0.08,0.06,0.09,0.12,0.13,0.07,0.0,0.14,0.1,0.07,0.1,0.06,0.1,0.1,0.12,0.09,0.0,0.2,0.11,0.14,0.08,0.08,0.06,0.09,0.11,0.08,0.0,4.53,-2.01,9.08,8.11,3.72,11.52,9.46,11.52,14.29,Jogging
31,0.22,0.08,0.08,0.07,0.06,0.1,0.09,0.1,0.06,0.0,0.13,0.09,0.08,0.08,0.09,0.07,0.13,0.13,0.13,0.0,0.21,0.09,0.07,0.07,0.09,0.08,0.08,0.12,0.12,0.0,4.25,-1.61,8.87,7.64,4.33,11.37,8.93,11.37,14.17,Jogging
31,0.09,0.11,0.11,0.11,0.1,0.11,0.09,0.07,0.08,0.0,0.1,0.12,0.1,0.11,0.1,0.09,0.08,0.09,0.11,0.0,0.07,0.14,0.12,0.09,0.09,0.13,0.12,0.06,0.06,0.0,4.01,-0.47,8.42,7.58,3.44,11.28,8.89,11.28,12.92,Jogging
31,0.21,0.05,0.1,0.09,0.04,0.11,0.11,0.08,0.05,0.0,0.16,0.05,0.06,0.07,0.11,0.09,0.14,0.13,0.12,0.0,0.21,0.09,0.07,0.08,0.06,0.08,0.12,0.14,0.11,0.0,4.67,-1.52,9.14,7.81,3.81,11.71,9.28,11.71,14.31,Jogging
31,0.09,0.08,0.13,0.1,0.13,0.09,0.1,0.1,0.07,0.0,0.06,0.14,0.08,0.1,0.09,0.13,0.12,0.08,0.11,0.0,0.11,0.13,0.1,0.08,0.09,0.09,0.11,0.13,0.1,0.0,4.45,-0.92,8.44,7.03,3.28,11.2,8.41,11.2,12.92,Jogging
31,0.13,0.09,0.12,0.12,0.06,0.11,0.08,0.11,0.08,0.0,0.11,0.08,0.09,0.08,0.12,0.1,0.08,0.18,0.06,0.0,0.13,0.09,0.09,0.09,0.09,0.1,0.08,0.12,0.14,0.0,4.49,-0.54,8.6,7.35,3.69,11.39,8.66,11.39,13.43,Jogging
31,0.08,0.13,0.08,0.09,0.09,0.13,0.11,0.06,0.07,0.0,0.11,0.1,0.1,0.09,0.12,0.1,0.1,0.06,0.12,0.0,0.09,0.14,0.12,0.1,0.11,0.09,0.1,0.08,0.09,0.0,4.19,-0.66,8.89,7.6,3.41,11.64,9.0,11.64,13.37,Jogging
31,0.03,0.07,0.15,0.12,0.1,0.12,0.11,0.14,0.08,0.0,0.03,0.12,0.15,0.11,0.12,0.11,0.1,0.1,0.1,0.0,0.02,0.07,0.1,0.12,0.09,0.11,0.12,0.15,0.13,0.0,4.14,0.58,8.44,6.6,3.11,11.24,7.8,11.24,12.15,Jogging
31,0.06,0.09,0.12,0.11,0.13,0.08,0.12,0.13,0.07,0.0,0.04,0.1,0.15,0.13,0.1,0.1,0.14,0.09,0.1,0.0,0.04,0.08,0.1,0.11,0.13,0.14,0.09,0.1,0.12,0.0,4.01,0.08,8.42,6.47,3.14,11.19,7.75,11.19,12.21,Jogging
31,0.02,0.13,0.13,0.12,0.12,0.12,0.07,0.13,0.1,0.0,0.05,0.09,0.17,0.12,0.13,0.1,0.06,0.11,0.1,0.0,0.05,0.08,0.14,0.09,0.09,0.13,0.12,0.08,0.13,0.0,3.81,0.21,8.08,6.68,3.44,10.99,7.88,10.99,12.09,Jogging
31,0.07,0.1,0.13,0.09,0.11,0.11,0.1,0.12,0.11,0.0,0.05,0.13,0.12,0.13,0.09,0.1,0.1,0.11,0.1,0.0,0.05,0.14,0.13,0.1,0.09,0.15,0.07,0.11,0.1,0.0,4.23,-0.47,8.57,6.97,3.09,11.36,8.19,11.36,12.75,Jogging
31,0.02,0.13,0.12,0.14,0.11,0.09,0.1,0.12,0.11,0.0,0.04,0.14,0.14,0.11,0.1,0.14,0.07,0.08,0.12,0.0,0.06,0.07,0.11,0.11,0.12,0.12,0.1,0.17,0.08,0.0,3.91,-0.07,8.25,6.66,3.01,11.19,8.01,11.19,12.13,Jogging
31,0.05,0.1,0.16,0.13,0.09,0.09,0.1,0.13,0.07,0.0,0.03,0.12,0.14,0.12,0.09,0.15,0.1,0.09,0.1,0.0,0.04,0.07,0.11,0.1,0.12,0.11,0.12,0.11,0.12,0.0,3.93,0.24,7.91,6.35,3.15,10.89,7.69,10.89,11.85,Jogging
31,0.11,0.1,0.08,0.12,0.1,0.09,0.1,0.12,0.07,0.0,0.11,0.07,0.11,0.08,0.1,0.11,0.1,0.12,0.1,0.0,0.1,0.11,0.09,0.09,0.09,0.13,0.12,0.11,0.1,0.0,4.39,-0.54,8.86,7.34,3.38,11.6,8.72,11.6,13.39,Jogging
31,0.05,0.11,0.16,0.1,0.12,0.11,0.08,0.11,0.07,0.0,0.07,0.08,0.15,0.12,0.12,0.11,0.1,0.1,0.09,0.0,0.04,0.1,0.11,0.14,0.14,0.1,0.12,0.09,0.07,0.0,3.74,0.07,8.13,6.5,3.27,11.03,7.85,11.03,12.12,Jogging
31,0.17,0.07,0.08,0.09,0.09,0.1,0.11,0.09,0.07,0.0,0.1,0.07,0.1,0.1,0.08,0.09,0.13,0.14,0.09,0.0,0.11,0.12,0.1,0.1,0.11,0.08,0.09,0.1,0.12,0.0,4.5,-0.69,8.92,7.27,3.47,11.55,8.63,11.55,13.68,Jogging
31,0.12,0.1,0.09,0.09,0.12,0.09,0.09,0.11,0.11,0.0,0.1,0.12,0.12,0.1,0.07,0.06,0.12,0.12,0.1,0.0,0.13,0.09,0.09,0.11,0.09,0.1,0.09,0.1,0.13,0.0,4.08,-0.79,8.61,7.47,3.51,11.32,8.71,11.32,13.29,Jogging
31,0.05,0.12,0.13,0.12,0.11,0.08,0.14,0.1,0.08,0.0,0.08,0.15,0.09,0.13,0.07,0.13,0.12,0.08,0.11,0.0,0.03,0.08,0.08,0.09,0.12,0.15,0.1,0.16,0.12,0.0,3.28,0.28,7.98,6.51,2.9,10.79,7.92,10.79,11.74,Jogging
31,0.11,0.09,0.11,0.11,0.1,0.1,0.1,0.09,0.07,0.0,0.11,0.09,0.1,0.11,0.11,0.07,0.11,0.13,0.1,0.0,0.11,0.07,0.12,0.12,0.1,0.09,0.11,0.11,0.08,0.0,3.86,-0.48,8.59,7.16,3.5,11.38,8.49,11.38,13.01,Jogging
31,0.11,0.09,0.08,0.08,0.13,0.11,0.12,0.09,0.06,0.0,0.11,0.09,0.09,0.12,0.11,0.1,0.11,0.07,0.14,0.0,0.1,0.13,0.09,0.1,0.11,0.12,0.11,0.08,0.07,0.0,3.85,-0.42,8.88,7.06,3.52,11.5,8.43,11.5,13.0,Jogging
31,0.15,0.09,0.06,0.05,0.1,0.13,0.12,0.1,0.08,0.0,0.17,0.07,0.03,0.1,0.1,0.12,0.09,0.11,0.13,0.0,0.09,0.17,0.14,0.09,0.08,0.1,0.08,0.07,0.07,0.0,4.09,-0.86,9.27,7.88,3.62,11.69,9.38,11.69,14.11,Jogging
31,0.08,0.13,0.07,0.08,0.15,0.08,0.12,0.08,0.09,0.0,0.1,0.13,0.09,0.1,0.09,0.15,0.11,0.07,0.11,0.0,0.05,0.11,0.12,0.13,0.13,0.07,0.12,0.11,0.08,0.0,3.58,-0.21,8.74,6.66,3.17,11.53,8.13,11.53,12.58,Jogging
31,0.09,0.09,0.11,0.09,0.11,0.14,0.08,0.1,0.06,0.0,0.11,0.12,0.06,0.12,0.09,0.13,0.07,0.12,0.1,0.0,0.1,0.11,0.11,0.12,0.11,0.08,0.08,0.1,0.14,0.0,3.94,-0.51,8.42,7.16,3.51,11.22,8.47,11.22,12.87,Jogging
31,0.09,0.1,0.1,0.1,0.12,0.1,0.11,0.09,0.07,0.0,0.11,0.12,0.04,0.13,0.14,0.08,0.12,0.08,0.11,0.0,0.13,0.1,0.07,0.13,0.12,0.08,0.09,0.08,0.12,0.0,3.57,-0.47,8.59,7.05,3.72,11.35,8.52,11.35,12.98,Jogging
31,0.09,0.1,0.11,0.1,0.11,0.12,0.09,0.08,0.06,0.0,0.15,0.09,0.05,0.11,0.09,0.11,0.12,0.11,0.08,0.0,0.1,0.12,0.11,0.11,0.12,0.07,0.1,0.08,0.12,0.0,3.58,-0.53,8.49,7.31,3.56,11.36,8.82,11.36,13.06,Jogging
31,0.14,0.07,0.11,0.13,0.09,0.09,0.11,0.09,0.08,0.0,0.15,0.09,0.09,0.09,0.09,0.1,0.13,0.1,0.1,0.0,0.13,0.1,0.08,0.1,0.08,0.1,0.13,0.1,0.1,0.0,3.25,-0.53,8.24,7.28,3.78,10.99,8.85,10.99,13.0,Jogging
31,0.07,0.14,0.09,0.1,0.14,0.1,0.07,0.1,0.08,0.0,0.11,0.12,0.09,0.09,0.13,0.09,0.09,0.1,0.12,0.0,0.08,0.12,0.12,0.13,0.11,0.12,0.06,0.09,0.05,0.0,3.79,-0.39,8.39,7.21,3.55,11.26,8.51,11.26,12.77,Jogging
31,0.11,0.09,0.06,0.1,0.11,0.13,0.1,0.09,0.09,0.0,0.13,0.12,0.09,0.1,0.13,0.1,0.07,0.09,0.11,0.0,0.06,0.12,0.12,0.12,0.11,0.12,0.09,0.05,0.08,0.0,3.23,-0.08,8.96,7.35,3.77,11.6,8.79,11.6,13.3,Jogging
31,0.12,0.09,0.1,0.1,0.09,0.07,0.14,0.08,0.06,0.0,0.14,0.06,0.12,0.11,0.12,0.05,0.16,0.09,0.09,0.0,0.1,0.1,0.11,0.14,0.07,0.07,0.11,0.14,0.08,0.0,3.21,-0.5,8.87,7.3,3.55,11.56,8.82,11.56,13.27,Jogging
31,0.1,0.11,0.11,0.1,0.11,0.12,0.06,0.1,0.08,0.0,0.16,0.09,0.1,0.06,0.13,0.12,0.11,0.07,0.11,0.0,0.11,0.06,0.14,0.08,0.09,0.11,0.08,0.14,0.08,0.0,3.13,-0.24,8.29,6.94,3.68,11.18,8.48,11.18,12.71,Jogging
31,0.07,0.02,0.05,0.05,0.05,0.06,0.06,0.03,0.03,0.0,0.05,0.01,0.03,0.03,0.06,0.07,0.09,0.06,0.05,0.0,0.05,0.03,0.03,0.03,0.02,0.06,0.05,0.05,0.1,0.0,2.01,0.26,3.7,2.81,1.76,10.73,7.95,10.73,5.74,Jogging
31,0.04,0.06,0.05,0.08,0.08,0.12,0.12,0.18,0.16,0.16,0.12,0.06,0.07,0.09,0.1,0.11,0.1,0.11,0.14,0.12,0.09,0.1,0.1,0.1,0.13,0.12,0.08,0.09,0.09,0.13,8.68,1.3,4.15,2.6,1.51,4.63,3.46,4.63,10.13,Upstairs
31,0.05,0.09,0.1,0.12,0.1,0.1,0.12,0.1,0.1,0.14,0.12,0.05,0.08,0.1,0.15,0.1,0.13,0.1,0.09,0.1,0.1,0.09,0.12,0.1,0.12,0.11,0.1,0.08,0.11,0.09,8.5,1.16,4.62,2.31,1.35,5.05,3.12,5.05,10.13,Upstairs
31,0.08,0.06,0.11,0.13,0.08,0.15,0.11,0.11,0.11,0.07,0.07,0.12,0.13,0.1,0.11,0.11,0.1,0.1,0.07,0.12,0.08,0.13,0.08,0.14,0.12,0.1,0.1,0.1,0.09,0.08,8.55,1.17,4.88,2.24,1.35,5.32,2.89,5.32,10.22,Upstairs
31,0.09,0.12,0.1,0.1,0.13,0.08,0.09,0.11,0.1,0.1,0.1,0.1,0.12,0.13,0.12,0.08,0.07,0.1,0.1,0.1,0.08,0.14,0.11,0.08,0.08,0.11,0.11,0.1,0.12,0.09,8.32,1.22,4.97,2.32,1.45,5.47,3.03,5.47,10.14,Upstairs
31,0.13,0.14,0.11,0.11,0.11,0.09,0.06,0.07,0.09,0.11,0.07,0.13,0.11,0.09,0.14,0.13,0.07,0.08,0.08,0.12,0.17,0.09,0.11,0.05,0.11,0.13,0.1,0.11,0.09,0.08,8.38,1.01,5.25,2.22,1.44,5.69,2.89,5.69,10.28,Upstairs
31,0.15,0.12,0.12,0.11,0.11,0.11,0.08,0.09,0.08,0.05,0.11,0.1,0.09,0.11,0.08,0.1,0.12,0.14,0.08,0.1,0.14,0.1,0.15,0.11,0.09,0.05,0.08,0.09,0.12,0.09,8.44,1.19,5.5,2.35,1.69,5.89,3.02,5.89,10.57,Upstairs
31,0.13,0.1,0.1,0.09,0.1,0.12,0.1,0.1,0.09,0.09,0.1,0.13,0.09,0.09,0.04,0.09,0.12,0.09,0.15,0.12,0.08,0.07,0.1,0.11,0.11,0.13,0.15,0.09,0.09,0.1,8.72,1.37,5.27,2.79,1.32,5.85,3.58,5.85,10.62,Upstairs
31,0.08,0.05,0.06,0.04,0.06,0.02,0.06,0.03,0.02,0.06,0.05,0.08,0.06,0.06,0.05,0.04,0.05,0.05,0.04,0.01,0.01,0.02,0.04,0.03,0.04,0.03,0.05,0.08,0.09,0.11,3.66,1.17,2.5,1.99,0.89,5.84,4.85,5.84,4.85,Upstairs
31,0.09,0.06,0.09,0.08,0.1,0.15,0.13,0.13,0.09,0.1,0.07,0.12,0.07,0.14,0.16,0.08,0.09,0.1,0.13,0.06,0.08,0.08,0.08,0.07,0.06,0.07,0.12,0.18,0.16,0.13,9.2,1.54,1.99,2.72,1.87,2.55,3.36,2.55,10.01,Downstairs
31,0.08,0.08,0.07,0.13,0.1,0.13,0.09,0.13,0.12,0.09,0.09,0.11,0.1,0.11,0.08,0.09,0.12,0.12,0.13,0.08,0.12,0.1,0.07,0.12,0.12,0.09,0.11,0.1,0.1,0.1,9.45,0.93,1.97,2.98,1.81,2.55,3.63,2.55,10.09,Downstairs
31,0.08,0.13,0.12,0.08,0.09,0.13,0.09,0.08,0.1,0.12,0.13,0.09,0.11,0.11,0.06,0.1,0.11,0.08,0.09,0.13,0.12,0.1,0.11,0.11,0.08,0.12,0.1,0.07,0.11,0.1,9.36,0.86,2.17,3.25,1.81,2.65,3.96,2.65,10.04,Downstairs
31,0.14,0.11,0.1,0.11,0.07,0.06,0.11,0.14,0.09,0.09,0.11,0.1,0.11,0.09,0.09,0.11,0.08,0.11,0.09,0.12,0.08,0.1,0.13,0.14,0.1,0.1,0.09,0.1,0.09,0.08,9.55,0.92,2.31,3.27,1.82,2.92,4.03,2.92,10.33,Downstairs
31,0.12,0.14,0.1,0.09,0.1,0.1,0.09,0.08,0.09,0.12,0.08,0.08,0.13,0.08,0.11,0.14,0.11,0.12,0.06,0.11,0.09,0.13,0.1,0.14,0.12,0.1,0.09,0.1,0.05,0.1,9.42,0.79,2.32,2.71,1.71,2.8,3.48,2.8,10.14,Downstairs
31,0.1,0.1,0.11,0.11,0.1,0.09,0.1,0.08,0.12,0.1,0.13,0.1,0.09,0.08,0.11,0.11,0.1,0.09,0.1,0.12,0.13,0.13,0.09,0.09,0.11,0.11,0.07,0.08,0.11,0.11,9.44,0.8,2.19,3.16,1.85,2.72,3.88,2.72,10.15,Downstairs
31,0.02,0.02,0.03,0.03,0.04,0.04,0.02,0.03,0.03,0.04,0.03,0.05,0.03,0.03,0.03,0.01,0.03,0.02,0.04,0.02,0.02,0.01,0.02,0.02,0.06,0.03,0.04,0.03,0.03,0.02,2.42,0.3,0.5,1.78,0.39,2.22,7.84,2.22,2.56,Downstairs
31,0.69,0.26,0.01,0.01,0.01,0.01,0.01,0.01,0.02,0.0,0.09,0.13,0.15,0.09,0.11,0.12,0.1,0.12,0.08,0.04,0.07,0.07,0.06,0.1,0.12,0.12,0.13,0.11,0.12,0.12,7.91,1.97,5.35,2.08,1.94,5.79,2.66,5.79,10.29,Upstairs
31,0.01,0.05,0.05,0.08,0.08,0.06,0.07,0.06,0.15,0.4,0.21,0.17,0.16,0.12,0.1,0.06,0.06,0.06,0.07,0.02,0.04,0.07,0.09,0.09,0.11,0.1,0.11,0.14,0.15,0.13,6.72,2.15,4.95,2.26,1.9,6.05,2.86,6.05,9.64,Upstairs
31,0.04,0.15,0.1,0.03,0.12,0.08,0.08,0.13,0.1,0.2,0.12,0.15,0.16,0.09,0.05,0.08,0.09,0.06,0.1,0.12,0.16,0.16,0.15,0.07,0.07,0.09,0.05,0.08,0.07,0.13,8.08,1.41,3.67,3.12,2.51,4.7,4.2,4.7,10.23,Upstairs
31,0.01,0.07,0.12,0.12,0.11,0.13,0.14,0.12,0.14,0.06,0.09,0.09,0.08,0.07,0.12,0.12,0.11,0.12,0.1,0.12,0.12,0.14,0.14,0.08,0.11,0.08,0.09,0.12,0.04,0.11,8.7,1.5,2.6,2.73,2.33,3.2,4.05,3.2,10.16,Upstairs
31,0.0,0.01,0.1,0.09,0.11,0.15,0.15,0.17,0.19,0.05,0.05,0.05,0.07,0.09,0.13,0.14,0.14,0.1,0.13,0.12,0.12,0.13,0.09,0.12,0.1,0.12,0.13,0.08,0.08,0.05,9.1,1.08,2.72,2.02,1.61,3.17,2.79,3.17,9.94,Upstairs
31,0.0,0.04,0.11,0.12,0.13,0.14,0.18,0.15,0.11,0.04,0.08,0.07,0.06,0.1,0.1,0.11,0.12,0.15,0.12,0.12,0.13,0.1,0.12,0.16,0.06,0.09,0.1,0.1,0.11,0.06,9.02,1.09,2.37,2.27,1.76,2.83,3.01,2.83,9.83,Upstairs
31,0.0,0.08,0.16,0.19,0.16,0.15,0.11,0.09,0.07,0.02,0.08,0.06,0.07,0.09,0.12,0.11,0.09,0.11,0.13,0.16,0.11,0.12,0.08,0.1,0.18,0.11,0.1,0.09,0.07,0.06,9.2,1.13,1.82,2.43,1.56,2.23,3.17,2.23,9.83,Upstairs
31,0.0,0.09,0.13,0.06,0.1,0.04,0.06,0.03,0.02,0.0,0.04,0.04,0.03,0.09,0.04,0.04,0.07,0.04,0.08,0.07,0.0,0.01,0.03,0.04,0.03,0.05,0.05,0.05,0.16,0.1,4.59,1.67,0.77,2.35,1.17,1.89,5.41,1.89,5.17,Upstairs
31,0.08,0.1,0.1,0.12,0.09,0.08,0.14,0.09,0.11,0.11,0.06,0.08,0.1,0.13,0.14,0.1,0.15,0.09,0.11,0.07,0.05,0.09,0.11,0.11,0.13,0.12,0.11,0.12,0.11,0.07,9.35,1.14,2.39,2.45,1.31,2.85,3.18,2.85,9.98,Downstairs
31,0.06,0.13,0.09,0.09,0.06,0.14,0.09,0.14,0.11,0.1,0.05,0.11,0.13,0.09,0.14,0.14,0.07,0.12,0.13,0.05,0.1,0.08,0.1,0.1,0.08,0.11,0.16,0.08,0.12,0.08,9.23,1.14,2.34,2.48,1.49,2.79,3.19,2.79,9.9,Downstairs
31,0.06,0.08,0.11,0.1,0.09,0.11,0.11,0.13,0.1,0.13,0.06,0.12,0.09,0.11,0.1,0.11,0.12,0.1,0.14,0.08,0.09,0.09,0.07,0.07,0.12,0.1,0.16,0.13,0.09,0.1,9.57,1.22,2.3,2.76,1.45,2.76,3.45,2.76,10.22,Downstairs
31,0.1,0.06,0.05,0.09,0.14,0.08,0.11,0.11,0.11,0.17,0.12,0.08,0.09,0.09,0.09,0.11,0.09,0.1,0.09,0.16,0.1,0.11,0.09,0.15,0.06,0.09,0.05,0.11,0.13,0.13,9.89,1.24,2.16,3.46,1.88,2.67,4.3,2.67,10.6,Downstairs
31,0.16,0.15,0.08,0.14,0.11,0.09,0.14,0.05,0.08,0.04,0.15,0.09,0.07,0.11,0.08,0.11,0.12,0.1,0.07,0.12,0.09,0.11,0.13,0.1,0.09,0.08,0.09,0.08,0.11,0.13,9.3,1.36,2.98,3.12,1.9,3.48,4.01,3.48,10.32,Downstairs
31,0.15,0.1,0.13,0.09,0.11,0.11,0.04,0.09,0.09,0.09,0.14,0.11,0.11,0.12,0.06,0.08,0.07,0.11,0.08,0.12,0.15,0.13,0.15,0.05,0.13,0.09,0.09,0.1,0.05,0.07,9.24,0.77,2.87,3.27,1.67,3.44,4.11,3.44,10.17,Downstairs
31,0.06,0.04,0.08,0.05,0.04,0.08,0.02,0.08,0.07,0.04,0.09,0.07,0.05,0.04,0.05,0.03,0.04,0.04,0.06,0.07,0.05,0.03,0.03,0.08,0.06,0.06,0.06,0.04,0.05,0.08,4.98,0.77,1.3,2.43,0.94,2.99,6.35,2.99,5.43,Downstairs
31,0.14,0.15,0.16,0.11,0.1,0.07,0.08,0.06,0.1,0.03,0.1,0.08,0.1,0.13,0.1,0.11,0.11,0.09,0.11,0.1,0.05,0.1,0.07,0.07,0.1,0.09,0.15,0.12,0.15,0.12,9.34,1.15,1.55,2.15,1.71,1.98,2.88,1.98,9.93,Upstairs
31,0.09,0.08,0.09,0.1,0.09,0.12,0.11,0.11,0.16,0.09,0.07,0.1,0.07,0.09,0.17,0.13,0.15,0.07,0.09,0.08,0.07,0.1,0.12,0.09,0.1,0.11,0.11,0.09,0.11,0.12,9.33,0.86,1.31,1.89,1.78,1.76,2.74,1.76,9.84,Upstairs
31,0.05,0.1,0.1,0.11,0.13,0.1,0.12,0.1,0.1,0.12,0.08,0.08,0.07,0.1,0.13,0.18,0.1,0.12,0.1,0.05,0.1,0.17,0.12,0.08,0.07,0.11,0.09,0.07,0.11,0.11,9.36,0.56,1.21,1.82,1.92,1.54,2.54,1.54,9.84,Upstairs
31,0.02,0.05,0.08,0.08,0.13,0.12,0.12,0.14,0.16,0.12,0.09,0.1,0.13,0.09,0.09,0.08,0.08,0.18,0.08,0.09,0.06,0.11,0.17,0.09,0.13,0.11,0.09,0.11,0.08,0.07,9.42,0.42,1.15,2.27,1.42,1.51,3.06,1.51,9.77,Upstairs
31,0.12,0.08,0.09,0.08,0.09,0.11,0.12,0.08,0.11,0.15,0.11,0.11,0.11,0.12,0.06,0.11,0.1,0.07,0.1,0.13,0.15,0.09,0.1,0.09,0.14,0.06,0.06,0.13,0.11,0.11,9.43,0.55,1.48,2.68,1.85,1.92,3.58,1.92,9.98,Upstairs
31,0.08,0.1,0.09,0.12,0.06,0.13,0.13,0.11,0.08,0.13,0.13,0.14,0.1,0.06,0.07,0.09,0.04,0.09,0.15,0.15,0.14,0.09,0.08,0.11,0.12,0.11,0.11,0.12,0.07,0.07,9.49,0.34,1.31,2.87,1.64,1.73,3.65,1.73,9.91,Upstairs
31,0.12,0.09,0.09,0.13,0.11,0.08,0.1,0.11,0.11,0.09,0.11,0.07,0.13,0.1,0.09,0.11,0.12,0.08,0.09,0.13,0.09,0.07,0.11,0.14,0.12,0.11,0.11,0.09,0.08,0.11,9.42,0.61,1.39,2.34,1.69,1.79,3.14,1.79,9.95,Upstairs
31,0.18,0.14,0.11,0.08,0.08,0.06,0.06,0.08,0.04,0.07,0.11,0.11,0.08,0.09,0.07,0.06,0.07,0.11,0.09,0.09,0.11,0.11,0.05,0.07,0.07,0.09,0.11,0.08,0.11,0.1,8.08,0.63,1.6,2.47,1.59,2.38,3.77,2.38,8.66,Upstairs
31,0.25,0.19,0.11,0.09,0.06,0.07,0.09,0.1,0.05,0.02,0.07,0.05,0.07,0.05,0.1,0.12,0.14,0.14,0.12,0.17,0.08,0.05,0.07,0.06,0.06,0.09,0.09,0.09,0.15,0.28,7.35,2.38,4.56,2.51,2.16,5.51,3.23,5.51,9.8,Downstairs
31,0.16,0.03,0.08,0.1,0.12,0.09,0.1,0.12,0.1,0.11,0.11,0.1,0.13,0.09,0.11,0.11,0.09,0.1,0.09,0.09,0.15,0.1,0.07,0.09,0.11,0.07,0.1,0.11,0.14,0.08,6.23,1.23,6.86,2.38,1.73,7.7,3.16,7.7,10.05,Downstairs
31,0.12,0.17,0.13,0.14,0.07,0.09,0.13,0.05,0.04,0.09,0.06,0.06,0.07,0.1,0.08,0.12,0.15,0.15,0.08,0.15,0.06,0.08,0.09,0.08,0.1,0.16,0.14,0.11,0.13,0.07,7.05,1.33,5.55,2.24,1.33,6.47,2.95,6.47,9.68,Downstairs
31,0.01,0.08,0.09,0.08,0.11,0.13,0.1,0.14,0.17,0.11,0.08,0.15,0.11,0.1,0.14,0.11,0.07,0.11,0.11,0.04,0.06,0.11,0.09,0.13,0.14,0.12,0.14,0.08,0.09,0.08,5.89,1.12,7.44,1.86,1.27,8.04,2.37,8.04,9.89,Downstairs
31,0.03,0.07,0.07,0.09,0.16,0.13,0.1,0.12,0.12,0.11,0.09,0.13,0.13,0.11,0.13,0.06,0.11,0.08,0.1,0.09,0.08,0.15,0.12,0.11,0.13,0.12,0.09,0.1,0.07,0.05,6.07,0.85,7.22,2.13,1.27,7.9,2.65,7.9,9.88,Downstairs
31,0.06,0.06,0.1,0.09,0.14,0.09,0.09,0.1,0.11,0.16,0.19,0.11,0.1,0.11,0.1,0.1,0.07,0.05,0.12,0.08,0.14,0.14,0.13,0.15,0.09,0.06,0.05,0.11,0.06,0.08,5.73,0.83,7.39,2.32,1.53,8.31,2.93,8.31,9.87,Downstairs
31,0.01,0.02,0.04,0.02,0.02,0.01,0.02,0.01,0.03,0.05,0.04,0.02,0.05,0.03,0.01,0.01,0.02,0.02,0.03,0.01,0.04,0.03,0.01,0.04,0.03,0.02,0.01,0.02,0.02,0.02,1.21,0.16,1.6,0.95,0.32,8.42,5.21,8.42,2.11,Downstairs
31,0.0,0.0,0.0,0.0,0.0,0.0,0.01,0.0,0.12,0.0,0.01,0.0,0.01,0.0,0.02,0.0,0.02,0.04,0.21,0.37,0.31,0.25,0.0,0.25,0.0,0.0,0.0,0.15,0.0,0.0,-0.01,9.62,1.32,0.08,0.06,1.36,0.19,1.36,9.71,Sitting
31,0.13,0.01,0.0,0.01,0.0,0.03,0.07,0.12,0.4,0.0,0.0,0.0,0.01,0.0,0.01,0.0,0.04,0.24,0.36,0.24,0.04,0.21,0.0,0.36,0.0,0.0,0.0,0.27,0.0,0.0,-0.06,9.68,1.01,0.05,0.05,1.03,0.08,1.03,9.73,Sitting
31,0.0,0.0,0.0,0.01,0.0,0.03,0.16,0.33,0.48,0.0,0.0,0.0,0.01,0.0,0.01,0.0,0.06,0.3,0.45,0.17,0.01,0.17,0.0,0.43,0.0,0.0,0.0,0.35,0.0,0.0,-0.08,9.67,0.97,0.03,0.03,0.98,0.04,0.98,9.72,Sitting
31,0.01,0.02,0.0,0.07,0.0,0.22,0.33,0.25,0.12,0.0,0.0,0.0,0.02,0.0,0.1,0.0,0.37,0.44,0.08,0.01,0.02,0.02,0.0,0.29,0.0,0.0,0.0,0.48,0.0,0.0,-0.13,9.69,0.92,0.03,0.02,0.92,0.04,0.92,9.73,Sitting
31,0.01,0.04,0.0,0.16,0.0,0.26,0.25,0.22,0.07,0.0,0.0,0.0,0.05,0.0,0.21,0.0,0.41,0.26,0.07,0.01,0.01,0.03,0.0,0.23,0.0,0.0,0.0,0.5,0.0,0.0,-0.15,9.69,0.9,0.03,0.02,0.91,0.04,0.91,9.74,Sitting
31,0.02,0.05,0.0,0.33,0.0,0.37,0.2,0.04,0.01,0.0,0.01,0.0,0.24,0.0,0.44,0.0,0.29,0.04,0.0,0.0,0.02,0.03,0.0,0.17,0.0,0.0,0.0,0.57,0.0,0.0,-0.19,9.7,0.87,0.03,0.02,0.88,0.04,0.88,9.74,Sitting
31,0.14,0.24,0.0,0.25,0.0,0.16,0.07,0.03,0.07,0.0,0.06,0.0,0.13,0.0,0.44,0.0,0.23,0.05,0.03,0.02,0.06,0.04,0.0,0.1,0.0,0.0,0.0,0.46,0.0,0.0,-0.17,9.7,0.86,0.06,0.04,0.87,0.12,0.87,9.74,Sitting
31,0.15,0.2,0.0,0.39,0.0,0.21,0.05,0.01,0.01,0.0,0.14,0.0,0.44,0.0,0.38,0.0,0.04,0.0,0.0,0.0,0.0,0.01,0.0,0.16,0.0,0.0,0.0,0.46,0.0,0.0,-0.22,9.7,0.83,0.03,0.02,0.84,0.04,0.84,9.74,Sitting
31,0.04,0.15,0.0,0.33,0.0,0.34,0.11,0.03,0.01,0.0,0.08,0.0,0.45,0.0,0.38,0.0,0.09,0.01,0.0,0.0,0.0,0.05,0.0,0.3,0.0,0.0,0.0,0.45,0.0,0.0,-0.21,9.69,0.86,0.03,0.02,0.86,0.04,0.86,9.73,Sitting
31,0.09,0.2,0.0,0.35,0.0,0.29,0.05,0.03,0.0,0.0,0.16,0.0,0.55,0.0,0.29,0.0,0.01,0.0,0.0,0.0,0.01,0.0,0.0,0.23,0.0,0.0,0.0,0.43,0.0,0.0,-0.23,9.7,0.84,0.02,0.02,0.85,0.03,0.85,9.74,Sitting
31,0.24,0.03,0.0,0.03,0.0,0.0,0.01,0.0,0.0,0.0,0.23,0.0,0.06,0.0,0.02,0.0,0.01,0.0,0.0,0.0,0.01,0.01,0.0,0.05,0.0,0.0,0.0,0.12,0.0,0.0,-0.08,2.91,0.22,0.06,2.04,0.76,0.19,0.76,2.92,Sitting
31,0.7,0.3,0.0,0.0,0.0,0.0,0.0,0.0,0.0,0.0,0.0,0.0,0.0,0.0,0.0,0.0,0.01,0.02,0.22,0.74,0.26,0.23,0.07,0.04,0.02,0.13,0.26,0.02,0.0,0.0,9.13,-0.24,2.26,0.2,0.39,2.28,0.29,2.28,9.43,Standing
31,0.39,0.55,0.04,0.03,0.0,0.0,0.0,0.0,0.0,0.0,0.0,0.0,0.0,0.0,0.01,0.0,0.08,0.06,0.37,0.46,0.46,0.27,0.03,0.01,0.02,0.02,0.06,0.06,0.02,0.07,9.03,-0.25,2.5,0.41,0.61,2.62,0.61,2.62,9.45,Standing
31,0.04,0.39,0.38,0.21,0.0,0.0,0.0,0.0,0.0,0.0,0.0,0.0,0.0,0.0,0.0,0.0,0.18,0.39,0.36,0.08,0.08,0.18,0.25,0.12,0.1,0.18,0.07,0.03,0.01,0.01,8.56,-0.13,3.68,0.25,0.23,3.73,0.36,3.73,9.35,Standing
31,0.0,0.01,0.65,0.35,0.0,0.0,0.0,0.0,0.0,0.0,0.0,0.0,0.0,0.0,0.0,0.0,0.26,0.63,0.12,0.0,0.0,0.0,0.08,0.27,0.19,0.35,0.12,0.0,0.0,0.0,8.42,0.0,4.01,0.1,0.09,4.02,0.13,4.02,9.33,Standing
31,0.0,0.01,0.15,0.49,0.22,0.08,0.06,0.0,0.0,0.01,0.0,0.0,0.0,0.05,0.08,0.24,0.34,0.26,0.04,0.0,0.0,0.04,0.14,0.16,0.19,0.32,0.16,0.01,0.0,0.0,7.78,0.0,5.0,0.6,0.12,5.08,0.66,5.08,9.31,Standing
31,0.0,0.0,0.0,0.01,0.31,0.48,0.13,0.04,0.01,0.03,0.02,0.01,0.02,0.15,0.43,0.33,0.06,0.0,0.0,0.0,0.02,0.07,0.12,0.23,0.11,0.27,0.14,0.02,0.01,0.03,6.82,0.04,6.32,0.36,0.22,6.35,0.62,6.35,9.34,Standing
31,0.0,0.0,0.0,0.01,0.37,0.44,0.17,0.01,0.01,0.0,0.0,0.0,0.0,0.06,0.48,0.46,0.01,0.0,0.0,0.0,0.0,0.02,0.22,0.37,0.24,0.15,0.01,0.0,0.0,0.0,6.97,-0.08,6.18,0.13,0.07,6.19,0.19,6.19,9.32,Standing
31,0.0,0.0,0.0,0.05,0.06,0.02,0.27,0.4,0.12,0.09,0.08,0.18,0.52,0.12,0.03,0.04,0.05,0.0,0.01,0.0,0.07,0.07,0.04,0.0,0.0,0.01,0.06,0.05,0.07,0.62,5.5,1.93,7.14,0.66,1.35,7.2,0.9,7.2,9.4,Standing
31,0.0,0.0,0.0,0.0,0.0,0.0,0.02,0.13,0.54,0.32,0.25,0.54,0.22,0.0,0.0,0.0,0.0,0.0,0.0,0.0,0.0,0.0,0.0,0.01,0.0,0.0,0.02,0.19,0.58,0.22,4.77,1.28,7.85,0.23,0.26,7.86,0.39,7.86,9.29,Standing
31,0.0,0.0,0.0,0.06,0.07,0.12,0.26,0.27,0.1,0.12,0.13,0.08,0.2,0.37,0.1,0.07,0.04,0.01,0.01,0.01,0.08,0.15,0.05,0.02,0.01,0.03,0.15,0.24,0.1,0.18,5.96,0.64,7.07,0.87,0.78,7.14,1.15,7.14,9.41,Standing
31,0.0,0.0,0.0,0.01,0.0,0.01,0.03,0.06,0.34,0.56,0.52,0.41,0.04,0.02,0.01,0.01,0.0,0.0,0.0,0.0,0.02,0.02,0.02,0.01,0.01,0.01,0.03,0.55,0.33,0.02,4.66,0.91,7.93,0.25,0.26,7.94,0.5,7.94,9.27,Standing
31,0.0,0.0,0.0,0.02,0.05,0.13,0.32,0.29,0.1,0.11,0.06,0.02,0.27,0.46,0.07,0.06,0.06,0.0,0.01,0.0,0.23,0.16,0.11,0.04,0.03,0.08,0.1,0.1,0.06,0.11,6.07,0.16,7.04,0.65,0.74,7.08,0.87,7.08,9.4,Standing
31,0.0,0.0,0.0,0.0,0.0,0.0,0.0,0.01,0.01,0.04,0.02,0.02,0.01,0.0,0.0,0.0,0.0,0.0,0.0,0.0,0.0,0.0,0.0,0.0,0.0,0.0,0.02,0.02,0.0,0.01,0.21,0.03,0.37,0.2,0.03,8.27,4.4,8.27,0.43,Standing
21,0.11,0.14,0.06,0.1,0.08,0.1,0.1,0.16,0.12,0.0,0.03,0.15,0.11,0.07,0.12,0.16,0.1,0.12,0.1,0.0,0.08,0.11,0.11,0.1,0.12,0.09,0.13,0.12,0.08,0.0,9.12,2.01,2.06,2.77,1.74,2.42,3.42,2.42,9.94,Walking
21,0.1,0.11,0.08,0.08,0.11,0.11,0.13,0.1,0.12,0.0,0.07,0.12,0.09,0.08,0.11,0.14,0.12,0.09,0.12,0.0,0.09,0.12,0.09,0.11,0.09,0.1,0.15,0.09,0.1,0.0,9.23,2.08,2.18,2.88,1.82,2.65,3.55,2.65,10.15,Walking
21,0.1,0.09,0.11,0.11,0.08,0.11,0.12,0.1,0.13,0.0,0.04,0.14,0.09,0.12,0.12,0.12,0.09,0.14,0.09,0.0,0.09,0.1,0.09,0.07,0.09,0.11,0.11,0.16,0.08,0.0,9.03,2.37,2.06,2.78,2.05,2.52,3.37,2.52,10.0,Walking
21,0.1,0.12,0.12,0.11,0.11,0.09,0.1,0.09,0.07,0.0,0.1,0.12,0.13,0.1,0.09,0.1,0.11,0.08,0.08,0.0,0.1,0.08,0.12,0.1,0.09,0.1,0.12,0.13,0.09,0.0,9.0,2.03,2.05,3.21,1.79,2.52,3.86,2.52,9.87,Walking
21,0.12,0.1,0.1,0.12,0.13,0.07,0.08,0.07,0.11,0.0,0.1,0.11,0.1,0.13,0.11,0.08,0.09,0.08,0.12,0.0,0.1,0.08,0.12,0.1,0.11,0.1,0.1,0.15,0.08,0.0,8.99,1.99,2.3,3.23,1.83,2.87,3.9,2.87,9.98,Walking
21,0.09,0.12,0.09,0.08,0.09,0.13,0.09,0.11,0.13,0.0,0.09,0.13,0.12,0.1,0.09,0.14,0.06,0.09,0.11,0.0,0.12,0.09,0.12,0.09,0.1,0.09,0.14,0.09,0.08,0.0,8.89,1.98,2.22,3.02,1.91,2.66,3.69,2.66,9.83,Walking
21,0.12,0.09,0.1,0.09,0.08,0.13,0.08,0.1,0.15,0.0,0.08,0.11,0.12,0.09,0.11,0.12,0.11,0.09,0.1,0.0,0.09,0.12,0.09,0.11,0.08,0.09,0.14,0.1,0.1,0.0,9.06,2.11,2.27,3.04,1.89,2.73,3.73,2.73,10.02,Walking
21,0.11,0.1,0.1,0.12,0.11,0.05,0.09,0.1,0.15,0.0,0.1,0.11,0.08,0.09,0.14,0.06,0.09,0.11,0.14,0.0,0.14,0.1,0.09,0.09,0.08,0.1,0.1,0.13,0.09,0.0,9.24,2.01,2.24,3.3,2.13,2.76,3.92,2.76,10.24,Walking
21,0.14,0.07,0.09,0.09,0.12,0.12,0.1,0.1,0.1,0.0,0.14,0.1,0.1,0.11,0.09,0.1,0.1,0.08,0.1,0.0,0.13,0.11,0.1,0.11,0.1,0.11,0.08,0.06,0.12,0.0,8.92,2.03,2.22,3.38,2.09,2.8,4.1,2.8,9.94,Walking
21,0.09,0.08,0.08,0.15,0.12,0.09,0.11,0.11,0.07,0.0,0.11,0.06,0.12,0.1,0.11,0.1,0.07,0.15,0.09,0.0,0.1,0.12,0.12,0.07,0.1,0.07,0.13,0.11,0.09,0.0,9.32,2.14,2.09,3.21,2.09,2.67,3.86,2.67,10.27,Walking
21,0.11,0.08,0.13,0.12,0.1,0.09,0.09,0.1,0.12,0.0,0.13,0.12,0.07,0.12,0.09,0.06,0.1,0.11,0.12,0.0,0.09,0.12,0.06,0.08,0.15,0.11,0.11,0.09,0.08,0.0,8.9,2.22,2.12,3.34,2.0,2.63,3.95,2.63,9.88,Walking
21,0.08,0.12,0.11,0.08,0.1,0.12,0.1,0.12,0.09,0.0,0.11,0.08,0.12,0.09,0.11,0.09,0.1,0.12,0.11,0.0,0.07,0.11,0.1,0.11,0.11,0.13,0.12,0.1,0.06,0.0,9.19,2.19,2.17,3.11,1.84,2.7,3.68,2.7,10.11,Walking
21,0.09,0.1,0.08,0.11,0.11,0.12,0.1,0.11,0.11,0.0,0.12,0.04,0.11,0.12,0.1,0.11,0.14,0.09,0.11,0.0,0.13,0.09,0.08,0.11,0.07,0.11,0.12,0.1,0.1,0.0,8.97,2.11,2.12,2.94,2.05,2.61,3.59,2.61,9.94,Walking
21,0.06,0.09,0.13,0.08,0.13,0.15,0.07,0.08,0.1,0.0,0.13,0.06,0.09,0.13,0.11,0.09,0.08,0.13,0.12,0.0,0.07,0.11,0.13,0.1,0.14,0.08,0.09,0.07,0.13,0.0,9.01,2.2,2.14,3.16,2.0,2.69,3.77,2.69,10.0,Walking
21,0.11,0.1,0.13,0.13,0.1,0.1,0.09,0.08,0.08,0.0,0.15,0.09,0.09,0.08,0.09,0.1,0.07,0.09,0.12,0.0,0.12,0.11,0.1,0.1,0.12,0.09,0.07,0.08,0.13,0.0,9.17,2.05,2.0,3.65,2.09,2.56,4.34,2.56,10.13,Walking
21,0.09,0.13,0.11,0.09,0.16,0.08,0.08,0.08,0.09,0.0,0.13,0.09,0.11,0.1,0.09,0.1,0.07,0.08,0.08,0.0,0.14,0.1,0.11,0.09,0.09,0.1,0.08,0.09,0.13,0.0,9.11,2.14,2.22,3.57,2.31,2.88,4.29,2.88,10.22,Walking
21,0.1,0.13,0.08,0.13,0.07,0.1,0.08,0.13,0.09,0.0,0.13,0.07,0.1,0.13,0.12,0.1,0.06,0.09,0.07,0.0,0.09,0.13,0.1,0.09,0.1,0.1,0.05,0.11,0.17,0.0,9.12,2.1,2.23,3.39,1.91,2.77,4.12,2.77,10.09,Walking
21,0.11,0.09,0.12,0.11,0.09,0.11,0.08,0.12,0.08,0.0,0.12,0.11,0.08,0.11,0.12,0.07,0.11,0.1,0.09,0.0,0.06,0.12,0.11,0.09,0.1,0.09,0.13,0.15,0.06,0.0,8.92,2.17,2.1,3.14,1.81,2.59,3.72,2.59,9.84,Walking
21,0.13,0.09,0.1,0.09,0.15,0.1,0.09,0.09,0.08,0.0,0.12,0.11,0.1,0.13,0.05,0.08,0.14,0.1,0.08,0.0,0.08,0.1,0.11,0.11,0.13,0.08,0.1,0.11,0.12,0.0,8.92,2.12,2.08,3.24,1.87,2.59,3.82,2.59,9.84,Walking
21,0.04,0.09,0.13,0.09,0.13,0.15,0.11,0.09,0.09,0.0,0.09,0.08,0.11,0.12,0.11,0.1,0.12,0.1,0.12,0.0,0.1,0.12,0.11,0.11,0.1,0.11,0.09,0.08,0.08,0.0,9.07,2.22,1.98,2.9,2.14,2.51,3.48,2.51,10.01,Walking
21,0.09,0.14,0.1,0.08,0.09,0.13,0.11,0.12,0.07,0.0,0.07,0.14,0.12,0.08,0.09,0.09,0.08,0.14,0.12,0.0,0.12,0.08,0.12,0.09,0.09,0.11,0.12,0.09,0.08,0.0,9.1,2.14,2.11,3.17,2.05,2.58,3.74,2.58,10.03,Walking
21,0.08,0.09,0.13,0.09,0.11,0.08,0.14,0.13,0.08,0.0,0.08,0.12,0.1,0.09,0.11,0.12,0.14,0.08,0.11,0.0,0.12,0.09,0.11,0.11,0.09,0.11,0.14,0.07,0.09,0.0,9.01,1.9,2.11,2.87,1.78,2.61,3.46,2.61,9.89,Walking
21,0.12,0.07,0.12,0.08,0.12,0.08,0.12,0.12,0.1,0.0,0.09,0.06,0.13,0.15,0.09,0.11,0.1,0.15,0.07,0.0,0.09,0.1,0.1,0.12,0.07,0.1,0.12,0.13,0.11,0.0,9.06,2.23,2.27,2.85,1.95,2.79,3.45,2.79,10.05,Walking
21,0.11,0.11,0.08,0.11,0.12,0.07,0.12,0.1,0.11,0.0,0.12,0.1,0.14,0.07,0.07,0.12,0.12,0.09,0.11,0.0,0.08,0.12,0.09,0.12,0.12,0.06,0.11,0.11,0.11,0.0,8.9,2.08,2.12,3.21,1.9,2.62,3.85,2.62,9.84,Walking
21,0.1,0.1,0.12,0.1,0.1,0.07,0.13,0.09,0.13,0.0,0.12,0.1,0.11,0.09,0.08,0.12,0.09,0.12,0.07,0.0,0.12,0.05,0.12,0.11,0.07,0.12,0.04,0.11,0.18,0.0,9.1,2.3,2.16,3.29,2.11,2.67,3.97,2.67,10.13,Walking
21,0.11,0.12,0.1,0.11,0.09,0.09,0.09,0.11,0.08,0.0,0.13,0.1,0.1,0.08,0.09,0.09,0.08,0.12,0.09,0.0,0.12,0.08,0.12,0.12,0.05,0.1,0.08,0.15,0.11,0.0,9.04,2.01,2.21,3.42,1.97,2.76,4.12,2.76,10.02,Walking
21,0.09,0.07,0.11,0.09,0.13,0.1,0.13,0.07,0.13,0.0,0.06,0.13,0.1,0.1,0.12,0.12,0.09,0.08,0.14,0.0,0.07,0.11,0.09,0.11,0.12,0.1,0.08,0.13,0.12,0.0,9.24,2.18,2.15,3.05,1.81,2.71,3.68,2.71,10.16,Walking
21,0.09,0.11,0.12,0.1,0.1,0.1,0.09,0.1,0.12,0.0,0.1,0.11,0.08,0.1,0.11,0.11,0.13,0.1,0.09,0.0,0.09,0.09,0.11,0.12,0.11,0.09,0.12,0.12,0.1,0.0,9.06,2.08,2.13,3.05,1.82,2.65,3.69,2.65,9.96,Walking
21,0.12,0.05,0.1,0.14,0.07,0.08,0.11,0.12,0.12,0.0,0.1,0.12,0.09,0.1,0.12,0.09,0.11,0.1,0.08,0.0,0.07,0.14,0.08,0.1,0.08,0.17,0.09,0.12,0.09,0.0,9.07,1.94,2.37,3.2,1.72,2.98,3.88,2.98,10.03,Walking
21,0.13,0.09,0.12,0.08,0.06,0.09,0.08,0.12,0.15,0.0,0.11,0.09,0.13,0.1,0.07,0.12,0.09,0.1,0.12,0.0,0.1,0.09,0.12,0.1,0.08,0.11,0.11,0.11,0.1,0.0,9.06,2.12,2.41,3.2,1.96,2.94,3.86,2.94,10.11,Walking
21,0.11,0.11,0.07,0.13,0.12,0.06,0.07,0.16,0.04,0.0,0.1,0.09,0.09,0.09,0.11,0.13,0.1,0.12,0.09,0.0,0.12,0.07,0.11,0.11,0.1,0.08,0.1,0.11,0.12,0.0,9.27,2.1,2.27,3.14,2.09,2.86,3.82,2.86,10.3,Walking
21,0.11,0.09,0.09,0.11,0.1,0.09,0.12,0.12,0.12,0.0,0.1,0.11,0.1,0.07,0.11,0.13,0.13,0.1,0.11,0.0,0.13,0.05,0.1,0.1,0.09,0.15,0.09,0.11,0.1,0.0,9.08,2.06,2.08,3.03,1.91,2.56,3.71,2.56,9.99,Walking
21,0.1,0.11,0.08,0.1,0.09,0.12,0.13,0.1,0.07,0.12,0.08,0.13,0.14,0.09,0.08,0.04,0.11,0.11,0.11,0.08,0.08,0.1,0.09,0.13,0.09,0.07,0.14,0.11,0.11,0.1,7.57,1.77,3.33,8.2,3.03,4.02,9.05,4.02,11.32,Jogging
21,0.07,0.12,0.15,0.11,0.08,0.08,0.11,0.11,0.08,0.1,0.09,0.12,0.12,0.09,0.13,0.08,0.08,0.11,0.11,0.1,0.07,0.08,0.14,0.1,0.07,0.1,0.13,0.17,0.07,0.09,7.53,1.81,3.13,7.79,2.87,3.88,8.96,3.88,11.25,Jogging
21,0.1,0.12,0.11,0.12,0.12,0.08,0.07,0.09,0.12,0.1,0.11,0.11,0.13,0.1,0.06,0.09,0.13,0.1,0.11,0.07,0.07,0.11,0.14,0.12,0.12,0.09,0.11,0.08,0.11,0.08,7.28,1.51,3.09,8.02,2.81,3.83,9.02,3.83,11.12,Jogging
21,0.12,0.07,0.09,0.11,0.09,0.11,0.11,0.14,0.07,0.12,0.09,0.11,0.12,0.12,0.06,0.12,0.08,0.11,0.11,0.08,0.07,0.09,0.11,0.14,0.16,0.11,0.07,0.09,0.11,0.08,7.25,1.5,3.29,7.83,2.74,3.97,8.91,3.97,11.01,Jogging
21,0.11,0.13,0.09,0.09,0.09,0.1,0.05,0.09,0.09,0.17,0.18,0.08,0.11,0.09,0.1,0.07,0.09,0.1,0.09,0.1,0.2,0.12,0.06,0.1,0.09,0.1,0.05,0.13,0.09,0.08,6.58,1.1,3.57,8.37,3.18,4.27,9.53,4.27,11.45,Jogging
21,0.09,0.1,0.13,0.11,0.07,0.1,0.1,0.12,0.1,0.1,0.11,0.11,0.09,0.11,0.08,0.06,0.13,0.13,0.12,0.07,0.11,0.1,0.13,0.09,0.08,0.11,0.09,0.1,0.12,0.08,7.65,1.42,3.35,8.01,2.98,4.11,9.08,4.11,11.64,Jogging
21,0.11,0.1,0.11,0.1,0.11,0.12,0.08,0.1,0.09,0.09,0.12,0.11,0.07,0.11,0.09,0.14,0.09,0.09,0.07,0.11,0.07,0.15,0.11,0.09,0.09,0.08,0.13,0.08,0.11,0.12,7.29,1.66,3.07,7.81,3.06,3.81,9.13,3.81,11.43,Jogging
21,0.09,0.13,0.13,0.04,0.11,0.06,0.16,0.09,0.13,0.08,0.1,0.08,0.11,0.15,0.1,0.07,0.08,0.12,0.09,0.12,0.1,0.12,0.15,0.09,0.08,0.1,0.08,0.11,0.1,0.11,7.49,1.49,3.43,7.82,3.11,4.09,8.96,4.09,11.39,Jogging
21,0.1,0.08,0.09,0.11,0.1,0.11,0.15,0.1,0.11,0.07,0.09,0.13,0.08,0.1,0.11,0.09,0.1,0.07,0.14,0.1,0.1,0.1,0.12,0.11,0.11,0.06,0.08,0.13,0.11,0.11,7.66,1.72,3.16,7.92,3.1,3.83,9.04,3.83,11.57,Jogging
21,0.11,0.07,0.08,0.11,0.13,0.1,0.1,0.1,0.13,0.09,0.11,0.09,0.08,0.12,0.08,0.1,0.12,0.12,0.11,0.09,0.12,0.08,0.08,0.09,0.11,0.12,0.07,0.11,0.14,0.09,7.99,1.88,3.42,7.72,3.21,4.23,8.78,4.23,11.8,Jogging
21,0.11,0.1,0.12,0.08,0.09,0.09,0.09,0.1,0.09,0.15,0.1,0.12,0.09,0.09,0.1,0.09,0.12,0.1,0.1,0.09,0.14,0.09,0.09,0.07,0.08,0.09,0.13,0.08,0.11,0.12,7.43,1.79,3.48,7.74,3.31,4.22,8.87,4.22,11.51,Jogging
21,0.12,0.08,0.1,0.08,0.12,0.1,0.1,0.12,0.13,0.08,0.13,0.09,0.08,0.08,0.12,0.1,0.11,0.08,0.1,0.1,0.14,0.13,0.07,0.06,0.09,0.09,0.12,0.07,0.11,0.13,7.32,1.67,3.32,7.84,3.37,3.99,9.09,3.99,11.64,Jogging
21,0.11,0.11,0.09,0.08,0.11,0.1,0.09,0.13,0.11,0.09,0.09,0.13,0.1,0.13,0.09,0.09,0.09,0.1,0.11,0.08,0.09,0.06,0.1,0.11,0.16,0.15,0.07,0.09,0.11,0.1,7.13,1.78,3.31,7.76,2.78,3.98,8.86,3.98,11.04,Jogging
21,0.1,0.12,0.11,0.09,0.09,0.1,0.14,0.07,0.13,0.09,0.11,0.08,0.14,0.1,0.08,0.09,0.12,0.09,0.12,0.07,0.12,0.09,0.1,0.13,0.09,0.11,0.08,0.08,0.1,0.13,7.46,1.56,3.24,7.78,3.22,3.9,8.81,3.9,11.37,Jogging
21,0.11,0.11,0.09,0.11,0.09,0.1,0.09,0.12,0.09,0.11,0.07,0.11,0.09,0.1,0.12,0.12,0.1,0.11,0.1,0.08,0.1,0.11,0.09,0.11,0.1,0.11,0.09,0.15,0.06,0.11,7.81,1.66,3.43,7.33,3.02,4.21,8.47,4.21,11.38,Jogging
21,0.11,0.12,0.1,0.1,0.11,0.07,0.11,0.09,0.1,0.12,0.09,0.11,0.13,0.07,0.11,0.11,0.1,0.1,0.12,0.09,0.12,0.13,0.06,0.09,0.1,0.1,0.1,0.09,0.13,0.11,7.53,1.82,3.33,7.56,3.23,4.05,8.62,4.05,11.28,Jogging
21,0.08,0.09,0.1,0.13,0.11,0.14,0.1,0.08,0.1,0.09,0.08,0.1,0.1,0.11,0.13,0.08,0.11,0.12,0.09,0.07,0.08,0.07,0.09,0.11,0.13,0.13,0.14,0.1,0.08,0.08,7.43,1.61,3.02,7.38,2.57,3.8,8.55,3.8,10.88,Jogging
21,0.11,0.1,0.06,0.17,0.11,0.06,0.09,0.1,0.08,0.15,0.1,0.09,0.07,0.12,0.08,0.17,0.1,0.1,0.09,0.11,0.11,0.08,0.07,0.15,0.05,0.11,0.11,0.11,0.1,0.13,7.95,1.79,3.49,7.32,3.17,4.36,8.56,4.36,11.76,Jogging
21,0.08,0.08,0.11,0.11,0.14,0.11,0.09,0.07,0.13,0.06,0.06,0.07,0.08,0.06,0.19,0.21,0.07,0.08,0.07,0.06,0.04,0.09,0.1,0.06,0.15,0.13,0.15,0.08,0.08,0.09,7.41,1.75,2.75,5.72,2.38,3.65,7.61,3.65,10.18,Jogging
21,0.01,0.01,0.26,0.0,0.7,0.03,0.0,0.0,0.0,0.0,0.0,0.0,0.0,0.0,0.07,0.2,0.74,0.0,0.0,0.0,0.0,0.01,0.0,0.1,0.0,0.39,0.0,0.4,0.09,0.02,3.06,8.87,1.57,0.04,0.03,1.58,0.21,1.58,9.51,Sitting
21,0.28,0.21,0.13,0.0,0.39,0.0,0.0,0.0,0.0,0.0,0.0,0.0,0.0,0.0,0.01,0.07,0.35,0.08,0.23,0.27,0.02,0.05,0.0,0.25,0.0,0.47,0.0,0.2,0.02,0.01,3.17,8.84,1.5,0.08,0.03,1.51,0.09,1.51,9.51,Sitting
21,0.43,0.5,0.08,0.0,0.01,0.0,0.0,0.0,0.0,0.0,0.0,0.0,0.0,0.0,0.0,0.0,0.01,0.09,0.34,0.56,0.03,0.22,0.0,0.48,0.0,0.24,0.0,0.03,0.0,0.01,3.24,8.81,1.44,0.03,0.02,1.44,0.04,1.44,9.5,Sitting
21,0.06,0.06,0.01,0.0,0.01,0.05,0.03,0.11,0.68,0.01,0.0,0.09,0.22,0.49,0.04,0.03,0.03,0.02,0.07,0.04,0.02,0.03,0.0,0.09,0.0,0.13,0.0,0.28,0.34,0.13,2.63,8.89,2.11,0.19,0.04,2.13,0.25,2.13,9.51,Sitting
21,0.0,0.0,0.0,0.0,0.0,0.02,0.32,0.27,0.4,0.01,0.02,0.2,0.4,0.25,0.14,0.0,0.0,0.0,0.0,0.0,0.0,0.0,0.0,0.03,0.0,0.03,0.0,0.13,0.39,0.42,2.51,8.93,2.18,0.06,0.03,2.19,0.09,2.19,9.53,Sitting
21,0.0,0.0,0.0,0.0,0.0,0.38,0.44,0.07,0.12,0.01,0.03,0.12,0.09,0.22,0.52,0.03,0.0,0.0,0.0,0.0,0.01,0.05,0.0,0.04,0.0,0.08,0.0,0.12,0.24,0.46,2.61,8.92,2.08,0.11,0.05,2.09,0.15,2.09,9.52,Sitting
21,0.0,0.01,0.03,0.0,0.1,0.08,0.03,0.0,0.03,0.74,0.68,0.09,0.01,0.02,0.05,0.03,0.03,0.0,0.04,0.05,0.08,0.13,0.0,0.29,0.0,0.23,0.0,0.14,0.05,0.08,2.44,8.83,2.57,0.28,0.05,2.61,0.36,2.61,9.54,Sitting
21,0.0,0.01,0.11,0.0,0.53,0.03,0.03,0.01,0.01,0.04,0.04,0.02,0.0,0.0,0.05,0.02,0.02,0.04,0.23,0.35,0.04,0.24,0.0,0.29,0.0,0.11,0.0,0.04,0.04,0.01,2.39,6.7,1.28,0.59,1.61,1.7,0.8,1.7,7.23,Sitting
21,0.0,0.02,0.0,0.09,0.0,0.23,0.0,0.31,0.26,0.12,0.02,0.0,0.09,0.0,0.0,0.37,0.0,0.0,0.37,0.16,0.0,0.0,0.0,0.04,0.12,0.18,0.23,0.34,0.1,0.01,9.33,1.32,1.14,0.03,0.05,1.14,0.07,1.14,9.49,Standing
21,0.01,0.23,0.0,0.39,0.0,0.28,0.0,0.08,0.02,0.0,0.0,0.0,0.02,0.0,0.0,0.31,0.0,0.0,0.57,0.11,0.0,0.01,0.09,0.15,0.28,0.3,0.13,0.05,0.01,0.0,9.33,1.24,1.22,0.02,0.04,1.22,0.03,1.22,9.49,Standing
21,0.02,0.11,0.0,0.19,0.0,0.38,0.0,0.19,0.07,0.06,0.06,0.0,0.08,0.0,0.0,0.34,0.0,0.0,0.38,0.13,0.01,0.02,0.0,0.02,0.02,0.11,0.19,0.44,0.17,0.06,9.33,1.35,1.18,0.06,0.06,1.19,0.12,1.19,9.51,Standing
21,0.1,0.09,0.0,0.11,0.0,0.13,0.0,0.24,0.2,0.14,0.08,0.0,0.17,0.0,0.0,0.36,0.0,0.0,0.3,0.1,0.03,0.06,0.04,0.05,0.06,0.09,0.16,0.22,0.19,0.14,9.31,1.33,1.17,0.04,0.1,1.18,0.06,1.18,9.48,Standing
21,0.1,0.07,0.0,0.13,0.0,0.16,0.0,0.22,0.22,0.11,0.05,0.0,0.09,0.0,0.0,0.26,0.0,0.0,0.33,0.28,0.22,0.17,0.19,0.15,0.1,0.09,0.05,0.02,0.03,0.01,9.34,1.11,1.17,0.04,0.13,1.19,0.07,1.19,9.48,Standing
21,0.24,0.12,0.0,0.06,0.0,0.09,0.0,0.09,0.1,0.32,0.21,0.0,0.14,0.0,0.0,0.18,0.0,0.0,0.18,0.31,0.17,0.08,0.06,0.05,0.08,0.06,0.05,0.19,0.08,0.2,9.32,1.28,1.17,0.07,0.18,1.21,0.09,1.21,9.49,Standing
21,0.1,0.11,0.0,0.14,0.0,0.18,0.0,0.12,0.19,0.18,0.11,0.0,0.23,0.0,0.0,0.31,0.0,0.0,0.21,0.16,0.07,0.05,0.03,0.03,0.06,0.04,0.04,0.18,0.19,0.33,9.31,1.37,1.16,0.05,0.13,1.17,0.07,1.17,9.49,Standing
21,0.05,0.08,0.0,0.07,0.0,0.14,0.0,0.17,0.32,0.19,0.06,0.0,0.15,0.0,0.0,0.29,0.0,0.0,0.27,0.24,0.03,0.1,0.11,0.13,0.09,0.09,0.12,0.2,0.08,0.07,9.33,1.27,1.14,0.05,0.11,1.15,0.06,1.15,9.48,Standing
21,0.21,0.06,0.0,0.06,0.0,0.14,0.0,0.15,0.13,0.26,0.21,0.0,0.24,0.0,0.0,0.21,0.0,0.0,0.17,0.17,0.11,0.05,0.01,0.03,0.02,0.03,0.06,0.12,0.22,0.38,9.3,1.37,1.17,0.06,0.18,1.19,0.1,1.19,9.48,Standing
21,0.14,0.21,0.0,0.11,0.0,0.2,0.0,0.1,0.11,0.13,0.19,0.0,0.2,0.0,0.0,0.22,0.0,0.0,0.21,0.19,0.24,0.16,0.05,0.06,0.05,0.04,0.05,0.07,0.04,0.22,9.3,1.3,1.17,0.06,0.25,1.19,0.1,1.19,9.47,Standing
21,0.03,0.04,0.0,0.07,0.0,0.22,0.0,0.38,0.23,0.05,0.05,0.0,0.18,0.0,0.0,0.4,0.0,0.0,0.29,0.09,0.03,0.14,0.13,0.18,0.22,0.13,0.06,0.1,0.02,0.03,9.31,1.22,1.15,0.03,0.08,1.15,0.05,1.15,9.46,Standing
21,0.01,0.02,0.0,0.02,0.0,0.25,0.0,0.44,0.24,0.04,0.04,0.0,0.15,0.0,0.0,0.4,0.0,0.0,0.33,0.1,0.02,0.17,0.03,0.04,0.09,0.07,0.12,0.34,0.1,0.05,9.32,1.29,1.14,0.03,0.1,1.15,0.04,1.15,9.47,Standing
21,0.03,0.1,0.0,0.12,0.0,0.21,0.0,0.25,0.19,0.12,0.04,0.0,0.11,0.0,0.0,0.33,0.0,0.0,0.34,0.19,0.06,0.23,0.12,0.08,0.08,0.09,0.11,0.2,0.06,0.01,9.33,1.23,1.15,0.04,0.1,1.16,0.05,1.16,9.48,Standing
21,0.15,0.13,0.0,0.13,0.0,0.16,0.0,0.13,0.18,0.14,0.08,0.0,0.13,0.0,0.0,0.22,0.0,0.0,0.29,0.29,0.19,0.1,0.16,0.15,0.15,0.08,0.08,0.07,0.03,0.02,9.33,1.16,1.19,0.06,0.12,1.2,0.09,1.2,9.48,Standing
21,0.21,0.04,0.0,0.01,0.0,0.01,0.0,0.01,0.0,0.02,0.12,0.0,0.05,0.0,0.0,0.05,0.0,0.0,0.03,0.05,0.0,0.01,0.01,0.02,0.01,0.01,0.01,0.04,0.07,0.11,2.59,0.4,0.4,1.87,0.29,1.45,6.67,1.45,2.65,Standing
21,0.1,0.09,0.12,0.08,0.09,0.08,0.11,0.09,0.15,0.11,0.14,0.16,0.04,0.09,0.07,0.08,0.06,0.11,0.12,0.13,0.11,0.11,0.06,0.14,0.09,0.1,0.11,0.11,0.09,0.11,8.19,2.96,1.83,6.48,2.74,2.31,7.65,2.31,10.68,Upstairs
21,0.11,0.11,0.12,0.09,0.08,0.11,0.06,0.1,0.12,0.12,0.08,0.11,0.11,0.11,0.11,0.11,0.12,0.09,0.06,0.11,0.1,0.08,0.1,0.1,0.09,0.16,0.1,0.09,0.09,0.11,8.61,2.9,1.79,5.26,2.46,2.29,6.65,2.29,10.57,Upstairs
21,0.06,0.13,0.1,0.12,0.08,0.12,0.11,0.11,0.08,0.1,0.1,0.09,0.14,0.11,0.09,0.07,0.09,0.09,0.11,0.13,0.08,0.11,0.07,0.11,0.11,0.08,0.11,0.1,0.15,0.1,8.64,3.24,1.62,5.72,2.74,2.16,6.87,2.16,10.6,Upstairs
21,0.11,0.08,0.07,0.09,0.15,0.12,0.09,0.09,0.1,0.11,0.09,0.08,0.1,0.1,0.14,0.09,0.12,0.08,0.14,0.08,0.11,0.1,0.09,0.14,0.1,0.1,0.09,0.07,0.1,0.12,8.72,2.89,1.8,5.05,2.73,2.42,6.41,2.42,10.65,Upstairs
21,0.14,0.08,0.09,0.12,0.09,0.09,0.11,0.12,0.09,0.09,0.1,0.08,0.12,0.09,0.09,0.1,0.12,0.16,0.09,0.07,0.11,0.08,0.13,0.07,0.1,0.09,0.1,0.14,0.1,0.09,8.54,2.75,1.85,5.23,2.49,2.43,6.47,2.43,10.55,Upstairs
21,0.0,0.01,0.03,0.03,0.02,0.02,0.02,0.0,0.01,0.0,0.0,0.0,0.0,0.02,0.04,0.07,0.01,0.0,0.0,0.0,0.01,0.04,0.03,0.01,0.02,0.02,0.01,0.0,0.0,0.0,1.11,0.1,0.11,0.97,0.14,1.11,7.88,1.11,1.13,Upstairs
21,0.07,0.09,0.07,0.11,0.09,0.1,0.1,0.13,0.13,0.13,0.1,0.1,0.12,0.11,0.11,0.11,0.08,0.09,0.12,0.09,0.14,0.07,0.08,0.05,0.12,0.1,0.12,0.14,0.08,0.11,7.97,3.32,2.52,3.44,2.44,3.07,4.7,3.07,10.01,Downstairs
21,0.08,0.12,0.15,0.1,0.11,0.11,0.12,0.08,0.07,0.07,0.09,0.09,0.09,0.1,0.11,0.12,0.12,0.12,0.1,0.06,0.1,0.12,0.11,0.08,0.07,0.09,0.11,0.12,0.11,0.1,7.99,3.28,2.14,3.21,2.45,2.8,4.48,2.8,9.94,Downstairs
21,0.14,0.08,0.07,0.09,0.09,0.11,0.09,0.11,0.11,0.13,0.11,0.11,0.11,0.12,0.08,0.08,0.13,0.07,0.1,0.12,0.1,0.1,0.08,0.14,0.12,0.11,0.08,0.09,0.1,0.1,7.96,3.19,2.66,3.5,2.33,3.23,4.58,3.23,9.97,Downstairs
21,0.12,0.1,0.12,0.11,0.08,0.1,0.13,0.08,0.09,0.09,0.1,0.11,0.12,0.07,0.08,0.08,0.09,0.12,0.11,0.13,0.07,0.13,0.1,0.11,0.08,0.11,0.11,0.08,0.13,0.11,8.41,3.31,2.32,3.91,2.42,2.94,5.15,2.94,10.44,Downstairs
21,0.05,0.06,0.04,0.05,0.07,0.05,0.05,0.06,0.06,0.05,0.07,0.04,0.03,0.06,0.07,0.08,0.05,0.06,0.04,0.06,0.03,0.06,0.08,0.07,0.08,0.06,0.04,0.03,0.03,0.06,4.2,1.67,1.25,2.96,1.23,2.91,6.31,2.91,5.31,Downstairs
21,0.07,0.12,0.12,0.09,0.12,0.09,0.1,0.12,0.13,0.08,0.1,0.11,0.05,0.11,0.07,0.11,0.14,0.1,0.12,0.11,0.09,0.12,0.09,0.15,0.09,0.08,0.1,0.1,0.1,0.1,8.84,2.88,1.66,5.26,2.53,2.26,6.63,2.26,10.77,Upstairs
21,0.13,0.09,0.09,0.1,0.12,0.11,0.07,0.11,0.09,0.12,0.13,0.14,0.07,0.08,0.1,0.06,0.08,0.13,0.11,0.13,0.08,0.09,0.11,0.06,0.14,0.12,0.08,0.08,0.12,0.12,8.37,3.41,1.84,6.0,2.88,2.46,7.31,2.46,10.93,Upstairs
21,0.12,0.11,0.07,0.1,0.07,0.12,0.11,0.06,0.13,0.11,0.11,0.12,0.14,0.08,0.07,0.09,0.1,0.1,0.09,0.12,0.09,0.14,0.12,0.07,0.05,0.15,0.08,0.1,0.08,0.12,7.94,3.15,1.92,5.66,2.94,2.5,6.92,2.5,10.41,Upstairs
21,0.11,0.07,0.13,0.08,0.13,0.08,0.12,0.1,0.08,0.13,0.08,0.08,0.12,0.13,0.14,0.08,0.1,0.11,0.11,0.08,0.14,0.08,0.08,0.12,0.09,0.09,0.1,0.11,0.13,0.09,8.51,2.81,1.81,4.77,2.63,2.37,6.13,2.37,10.46,Upstairs
21,0.1,0.11,0.08,0.09,0.11,0.12,0.1,0.11,0.1,0.1,0.11,0.07,0.17,0.12,0.08,0.07,0.11,0.08,0.11,0.1,0.11,0.08,0.07,0.12,0.11,0.06,0.13,0.16,0.1,0.1,7.88,3.06,1.81,5.44,2.53,2.44,6.82,2.44,10.29,Upstairs
21,0.01,0.03,0.06,0.03,0.02,0.03,0.04,0.04,0.02,0.0,0.0,0.0,0.0,0.03,0.08,0.13,0.02,0.02,0.0,0.0,0.02,0.03,0.03,0.05,0.04,0.06,0.04,0.0,0.0,0.0,2.46,0.43,0.31,1.81,0.44,1.43,7.02,1.43,2.56,Upstairs
21,0.07,0.13,0.07,0.11,0.05,0.12,0.12,0.15,0.11,0.1,0.09,0.09,0.11,0.13,0.09,0.1,0.11,0.11,0.11,0.08,0.12,0.11,0.08,0.07,0.11,0.1,0.09,0.12,0.12,0.1,7.79,3.43,2.51,3.96,2.65,3.1,5.34,3.1,10.24,Downstairs
21,0.08,0.08,0.13,0.08,0.1,0.12,0.12,0.08,0.12,0.11,0.07,0.15,0.12,0.11,0.11,0.07,0.1,0.07,0.08,0.14,0.1,0.08,0.1,0.11,0.1,0.11,0.11,0.09,0.12,0.1,7.96,3.33,2.49,4.08,2.52,3.21,5.34,3.21,10.11,Downstairs
21,0.11,0.12,0.1,0.11,0.12,0.11,0.06,0.1,0.11,0.08,0.12,0.1,0.09,0.08,0.08,0.13,0.09,0.13,0.1,0.11,0.11,0.1,0.13,0.11,0.09,0.1,0.12,0.07,0.08,0.11,8.01,3.08,2.4,4.23,2.54,3.1,5.5,3.1,10.12,Downstairs
21,0.11,0.09,0.12,0.1,0.13,0.1,0.1,0.07,0.07,0.12,0.12,0.07,0.1,0.11,0.1,0.12,0.12,0.08,0.13,0.08,0.09,0.11,0.1,0.11,0.1,0.11,0.09,0.14,0.08,0.1,7.78,3.36,2.49,4.13,2.51,3.42,5.48,3.42,10.17,Downstairs
21,0.07,0.02,0.05,0.04,0.03,0.02,0.03,0.05,0.03,0.04,0.04,0.03,0.02,0.03,0.05,0.03,0.04,0.05,0.04,0.04,0.03,0.05,0.04,0.05,0.04,0.03,0.04,0.01,0.03,0.05,2.96,1.21,1.0,2.37,1.05,3.79,7.66,3.79,3.8,Downstairs
21,0.11,0.12,0.12,0.06,0.1,0.14,0.09,0.08,0.08,0.12,0.28,0.08,0.05,0.06,0.06,0.03,0.06,0.06,0.11,0.21,0.17,0.09,0.08,0.06,0.1,0.08,0.1,0.13,0.11,0.08,8.53,2.77,1.86,5.53,2.54,2.43,6.72,2.43,10.47,Upstairs
21,0.13,0.1,0.09,0.1,0.09,0.05,0.1,0.08,0.13,0.14,0.2,0.04,0.09,0.05,0.06,0.07,0.08,0.12,0.1,0.21,0.13,0.08,0.11,0.09,0.08,0.1,0.1,0.12,0.11,0.1,8.87,2.76,2.0,4.86,2.45,2.58,6.34,2.58,10.83,Upstairs
21,0.15,0.09,0.11,0.1,0.05,0.09,0.11,0.12,0.11,0.1,0.06,0.12,0.09,0.09,0.09,0.11,0.13,0.14,0.14,0.06,0.11,0.08,0.08,0.11,0.07,0.14,0.11,0.12,0.07,0.14,8.91,2.81,1.86,2.76,2.23,2.34,3.68,2.34,10.21,Upstairs
21,0.09,0.09,0.12,0.18,0.12,0.12,0.1,0.09,0.04,0.06,0.04,0.11,0.12,0.15,0.13,0.12,0.12,0.1,0.09,0.06,0.07,0.09,0.13,0.09,0.14,0.1,0.11,0.09,0.11,0.09,8.71,2.61,1.29,2.25,1.91,1.73,2.93,1.73,9.61,Upstairs
21,0.09,0.14,0.1,0.13,0.12,0.15,0.06,0.11,0.1,0.03,0.04,0.13,0.12,0.11,0.1,0.16,0.11,0.12,0.12,0.03,0.08,0.09,0.16,0.11,0.13,0.09,0.09,0.07,0.1,0.11,8.72,2.58,1.32,2.25,2.07,1.69,2.94,1.69,9.69,Upstairs
21,0.07,0.08,0.09,0.11,0.09,0.12,0.12,0.12,0.12,0.11,0.03,0.13,0.13,0.15,0.14,0.11,0.12,0.08,0.08,0.06,0.06,0.15,0.08,0.12,0.07,0.11,0.1,0.11,0.11,0.1,8.53,2.62,1.61,2.15,2.06,2.02,2.81,2.02,9.56,Upstairs
21,0.0,0.0,0.0,0.0,0.02,0.02,0.04,0.04,0.08,0.09,0.0,0.04,0.04,0.05,0.05,0.05,0.03,0.02,0.02,0.01,0.02,0.03,0.03,0.06,0.03,0.02,0.03,0.02,0.02,0.03,2.37,0.68,0.81,1.69,0.62,3.22,6.43,3.22,2.74,Upstairs
21,0.05,0.12,0.06,0.11,0.12,0.09,0.14,0.1,0.15,0.09,0.09,0.07,0.12,0.15,0.11,0.09,0.1,0.08,0.09,0.12,0.06,0.09,0.1,0.1,0.12,0.13,0.09,0.09,0.13,0.11,8.77,2.77,1.94,3.33,1.58,2.52,4.08,2.52,9.74,Downstairs
21,0.09,0.12,0.08,0.07,0.11,0.11,0.11,0.1,0.1,0.13,0.11,0.12,0.11,0.11,0.1,0.07,0.11,0.1,0.09,0.11,0.08,0.1,0.1,0.09,0.13,0.12,0.1,0.09,0.12,0.1,8.64,2.6,2.06,3.6,1.62,2.69,4.37,2.69,9.63,Downstairs
21,0.09,0.09,0.15,0.12,0.1,0.09,0.07,0.11,0.1,0.09,0.1,0.14,0.1,0.09,0.1,0.14,0.06,0.09,0.11,0.11,0.16,0.1,0.06,0.12,0.1,0.08,0.09,0.13,0.1,0.09,8.62,2.26,1.88,3.63,1.75,2.58,4.48,2.58,9.52,Downstairs
21,0.13,0.09,0.15,0.09,0.07,0.12,0.09,0.1,0.07,0.11,0.12,0.06,0.13,0.07,0.09,0.09,0.09,0.14,0.11,0.1,0.06,0.11,0.18,0.1,0.09,0.1,0.08,0.11,0.1,0.1,8.97,2.53,1.9,3.83,1.59,2.54,4.69,2.54,9.86,Downstairs
21,0.15,0.1,0.08,0.11,0.08,0.09,0.09,0.11,0.1,0.11,0.08,0.12,0.09,0.09,0.1,0.12,0.13,0.12,0.1,0.08,0.15,0.06,0.07,0.11,0.1,0.1,0.14,0.11,0.09,0.09,8.71,2.44,2.15,3.35,1.61,2.81,4.15,2.81,9.76,Downstairs
21,0.06,0.07,0.07,0.07,0.08,0.09,0.1,0.07,0.07,0.06,0.08,0.06,0.07,0.06,0.07,0.08,0.1,0.06,0.09,0.07,0.08,0.06,0.1,0.08,0.05,0.07,0.06,0.07,0.07,0.1,6.2,1.88,1.28,2.91,1.24,2.37,5.08,2.37,6.88,Downstairs
21,0.11,0.09,0.07,0.09,0.11,0.09,0.11,0.11,0.11,0.13,0.1,0.09,0.1,0.1,0.1,0.11,0.1,0.12,0.13,0.08,0.1,0.06,0.09,0.1,0.09,0.16,0.1,0.15,0.09,0.08,8.75,2.71,1.66,2.39,1.85,2.11,3.06,2.11,9.79,Upstairs
21,0.07,0.14,0.11,0.09,0.06,0.09,0.12,0.12,0.1,0.12,0.07,0.1,0.13,0.09,0.1,0.12,0.11,0.08,0.1,0.12,0.12,0.12,0.12,0.11,0.1,0.07,0.1,0.08,0.12,0.09,8.85,2.47,1.61,2.42,2.04,2.04,3.12,2.04,9.81,Upstairs
21,0.1,0.12,0.08,0.12,0.13,0.09,0.08,0.09,0.11,0.11,0.13,0.11,0.08,0.12,0.1,0.1,0.09,0.1,0.11,0.08,0.1,0.09,0.09,0.1,0.11,0.09,0.09,0.08,0.13,0.13,8.54,3.02,1.47,2.5,2.38,1.87,3.23,1.87,9.81,Upstairs
21,0.09,0.09,0.12,0.07,0.09,0.15,0.1,0.11,0.1,0.1,0.11,0.12,0.11,0.12,0.06,0.11,0.06,0.11,0.11,0.09,0.06,0.11,0.11,0.12,0.08,0.12,0.13,0.09,0.1,0.1,8.55,2.71,1.58,2.68,1.92,2.05,3.4,2.05,9.6,Upstairs
21,0.09,0.12,0.16,0.1,0.09,0.11,0.12,0.09,0.07,0.08,0.13,0.09,0.11,0.09,0.12,0.07,0.09,0.1,0.07,0.15,0.13,0.1,0.07,0.09,0.1,0.08,0.11,0.12,0.12,0.1,8.66,2.65,1.41,2.73,2.04,1.85,3.46,1.85,9.65,Upstairs
21,0.11,0.09,0.11,0.13,0.1,0.1,0.11,0.09,0.08,0.11,0.09,0.11,0.13,0.09,0.1,0.11,0.08,0.1,0.11,0.11,0.11,0.13,0.15,0.08,0.1,0.05,0.08,0.09,0.1,0.13,8.75,2.65,1.54,2.48,2.24,2.06,3.14,2.06,9.81,Upstairs
21,0.12,0.06,0.05,0.11,0.11,0.08,0.09,0.09,0.12,0.07,0.06,0.08,0.05,0.08,0.1,0.12,0.15,0.1,0.08,0.07,0.09,0.08,0.06,0.1,0.11,0.13,0.08,0.1,0.07,0.07,7.73,2.18,1.38,2.01,1.44,2.03,2.99,2.03,8.52,Upstairs
21,0.01,0.08,0.07,0.08,0.16,0.11,0.13,0.13,0.15,0.09,0.06,0.1,0.09,0.15,0.11,0.11,0.1,0.12,0.1,0.08,0.05,0.1,0.11,0.13,0.1,0.12,0.13,0.11,0.08,0.08,8.44,2.82,2.1,3.08,1.68,2.63,3.86,2.63,9.49,Downstairs
21,0.06,0.09,0.14,0.12,0.04,0.17,0.13,0.1,0.11,0.06,0.12,0.1,0.06,0.15,0.12,0.09,0.09,0.11,0.06,0.1,0.1,0.13,0.11,0.14,0.11,0.11,0.11,0.07,0.08,0.07,8.29,2.37,1.95,3.58,1.72,2.59,4.49,2.59,9.32,Downstairs
21,0.11,0.12,0.12,0.14,0.09,0.09,0.07,0.09,0.08,0.1,0.08,0.12,0.13,0.1,0.06,0.11,0.09,0.06,0.13,0.13,0.12,0.11,0.11,0.08,0.14,0.13,0.07,0.12,0.07,0.08,8.7,2.36,2.11,3.88,1.84,2.9,4.64,2.9,9.8,Downstairs
21,0.12,0.09,0.11,0.09,0.11,0.09,0.08,0.12,0.1,0.11,0.12,0.11,0.13,0.07,0.09,0.1,0.06,0.1,0.13,0.11,0.09,0.13,0.09,0.09,0.13,0.1,0.08,0.07,0.11,0.14,8.17,2.84,2.41,3.95,2.07,3.18,4.89,3.18,9.71,Downstairs
21,0.21,0.14,0.08,0.06,0.07,0.07,0.05,0.1,0.08,0.15,0.13,0.07,0.11,0.05,0.11,0.09,0.14,0.11,0.1,0.1,0.14,0.06,0.07,0.04,0.07,0.07,0.11,0.13,0.19,0.15,8.04,3.17,2.8,3.9,2.3,3.62,5.11,3.62,10.28,Downstairs
21,0.02,0.02,0.02,0.06,0.02,0.02,0.06,0.04,0.02,0.02,0.02,0.02,0.03,0.02,0.04,0.05,0.05,0.02,0.04,0.02,0.04,0.01,0.02,0.04,0.03,0.02,0.05,0.02,0.04,0.04,2.34,0.78,0.51,1.86,0.72,2.56,7.5,2.56,2.75,Downstairs
3,0.0,0.0,0.01,0.03,0.02,0.05,0.03,0.12,0.1,0.63,0.11,0.07,0.11,0.11,0.09,0.09,0.08,0.1,0.1,0.14,0.16,0.14,0.07,0.09,0.11,0.11,0.06,0.11,0.1,0.08,9.24,0.28,1.74,3.97,2.6,2.22,4.73,2.22,10.21,Walking
3,0.0,0.0,0.03,0.05,0.03,0.08,0.1,0.1,0.14,0.49,0.03,0.13,0.1,0.11,0.1,0.11,0.15,0.09,0.07,0.13,0.06,0.13,0.11,0.09,0.16,0.12,0.11,0.1,0.07,0.07,9.46,0.4,1.61,3.39,2.23,2.02,4.07,2.02,10.18,Walking
3,0.0,0.02,0.03,0.04,0.05,0.09,0.11,0.12,0.2,0.35,0.04,0.15,0.08,0.09,0.11,0.11,0.12,0.08,0.11,0.13,0.04,0.09,0.12,0.12,0.16,0.08,0.15,0.09,0.09,0.07,9.39,0.62,1.73,3.56,2.28,2.25,4.24,2.25,10.22,Walking
3,0.01,0.02,0.03,0.09,0.09,0.11,0.11,0.14,0.2,0.23,0.04,0.14,0.09,0.08,0.09,0.12,0.13,0.12,0.1,0.12,0.07,0.13,0.12,0.08,0.11,0.08,0.11,0.13,0.1,0.1,9.55,0.84,2.07,3.5,2.61,2.62,4.17,2.62,10.52,Walking
3,0.01,0.04,0.06,0.08,0.1,0.11,0.09,0.15,0.24,0.15,0.07,0.11,0.07,0.09,0.13,0.11,0.14,0.08,0.11,0.11,0.07,0.11,0.12,0.09,0.09,0.07,0.12,0.12,0.12,0.11,9.33,0.78,2.37,3.39,2.52,2.97,4.12,2.97,10.36,Walking
3,0.03,0.08,0.09,0.05,0.11,0.15,0.14,0.06,0.16,0.16,0.06,0.14,0.07,0.09,0.11,0.11,0.1,0.14,0.13,0.08,0.06,0.08,0.18,0.09,0.09,0.12,0.11,0.11,0.1,0.1,9.25,0.85,2.81,3.51,2.64,3.5,4.17,3.5,10.54,Walking
3,0.02,0.08,0.11,0.11,0.15,0.12,0.1,0.13,0.1,0.1,0.06,0.12,0.1,0.09,0.11,0.1,0.11,0.1,0.17,0.06,0.07,0.14,0.13,0.07,0.08,0.11,0.1,0.11,0.11,0.09,9.27,0.78,3.14,3.52,2.64,3.72,4.2,3.72,10.57,Walking
3,0.06,0.12,0.08,0.06,0.11,0.12,0.13,0.06,0.15,0.13,0.1,0.09,0.08,0.15,0.07,0.09,0.11,0.1,0.12,0.11,0.09,0.12,0.09,0.08,0.09,0.1,0.12,0.12,0.09,0.12,9.23,1.01,3.24,3.78,2.86,4.0,4.48,4.0,10.75,Walking
3,0.08,0.11,0.08,0.08,0.11,0.12,0.12,0.05,0.15,0.12,0.12,0.08,0.1,0.1,0.06,0.11,0.11,0.14,0.12,0.08,0.13,0.13,0.06,0.12,0.06,0.1,0.11,0.13,0.12,0.06,9.02,0.32,3.44,3.83,2.4,4.31,4.53,4.31,10.53,Walking
3,0.07,0.1,0.1,0.11,0.14,0.09,0.1,0.07,0.14,0.11,0.1,0.11,0.06,0.07,0.09,0.1,0.15,0.15,0.15,0.04,0.15,0.11,0.08,0.09,0.08,0.09,0.13,0.12,0.1,0.08,9.11,0.36,3.34,3.57,2.44,4.04,4.24,4.04,10.5,Walking
3,0.07,0.06,0.1,0.12,0.16,0.16,0.1,0.12,0.09,0.05,0.03,0.1,0.12,0.12,0.12,0.12,0.15,0.14,0.08,0.05,0.05,0.07,0.12,0.11,0.09,0.1,0.13,0.14,0.11,0.1,9.19,1.2,3.41,2.99,2.76,4.0,3.58,4.0,10.66,Walking
3,0.1,0.09,0.08,0.15,0.13,0.1,0.11,0.08,0.1,0.09,0.06,0.13,0.08,0.11,0.11,0.11,0.13,0.15,0.09,0.04,0.07,0.12,0.08,0.09,0.08,0.13,0.14,0.1,0.12,0.09,8.96,0.96,3.69,3.37,2.61,4.45,4.06,4.45,10.52,Walking
3,0.09,0.11,0.1,0.08,0.11,0.1,0.11,0.09,0.1,0.13,0.12,0.09,0.12,0.07,0.11,0.09,0.08,0.09,0.08,0.17,0.14,0.07,0.11,0.06,0.09,0.1,0.07,0.15,0.09,0.14,9.18,0.99,3.61,4.06,3.01,4.6,4.85,4.6,10.86,Walking
3,0.12,0.1,0.12,0.1,0.19,0.09,0.07,0.08,0.09,0.08,0.12,0.07,0.11,0.06,0.13,0.12,0.1,0.12,0.08,0.12,0.08,0.11,0.12,0.1,0.09,0.08,0.11,0.09,0.12,0.12,9.11,0.95,3.91,3.7,2.85,4.65,4.55,4.65,10.83,Walking
3,0.1,0.13,0.11,0.13,0.11,0.09,0.11,0.08,0.11,0.05,0.1,0.08,0.14,0.15,0.06,0.11,0.09,0.11,0.1,0.09,0.09,0.11,0.08,0.15,0.09,0.09,0.08,0.12,0.11,0.11,8.83,0.84,3.95,3.67,2.8,4.67,4.32,4.67,10.58,Walking
3,0.11,0.12,0.09,0.15,0.12,0.07,0.1,0.13,0.09,0.05,0.14,0.06,0.1,0.09,0.11,0.11,0.1,0.08,0.1,0.13,0.11,0.1,0.1,0.11,0.11,0.09,0.11,0.07,0.12,0.09,9.02,0.54,3.91,3.93,2.5,4.62,4.76,4.62,10.65,Walking
3,0.16,0.09,0.1,0.1,0.12,0.09,0.1,0.12,0.11,0.04,0.17,0.05,0.11,0.1,0.08,0.09,0.08,0.11,0.1,0.13,0.12,0.1,0.1,0.11,0.08,0.11,0.11,0.1,0.09,0.11,8.89,0.64,4.16,4.24,2.72,5.05,5.05,5.05,10.8,Walking
3,0.14,0.11,0.1,0.15,0.1,0.06,0.1,0.12,0.11,0.04,0.15,0.07,0.12,0.09,0.08,0.1,0.09,0.09,0.09,0.14,0.11,0.1,0.09,0.1,0.13,0.09,0.08,0.09,0.12,0.11,8.76,0.83,4.09,4.09,2.84,4.85,4.85,4.85,10.7,Walking
3,0.09,0.13,0.12,0.14,0.15,0.09,0.08,0.09,0.11,0.03,0.11,0.11,0.11,0.07,0.11,0.09,0.14,0.1,0.09,0.09,0.1,0.08,0.13,0.1,0.08,0.14,0.09,0.14,0.08,0.09,8.72,0.42,4.01,3.69,2.26,4.66,4.34,4.66,10.33,Walking
3,0.14,0.07,0.18,0.09,0.11,0.09,0.07,0.16,0.08,0.02,0.16,0.07,0.15,0.07,0.11,0.08,0.09,0.1,0.09,0.1,0.12,0.07,0.06,0.12,0.12,0.17,0.12,0.08,0.09,0.08,8.61,0.48,4.1,4.01,2.35,4.83,4.72,4.83,10.33,Walking
3,0.11,0.11,0.14,0.2,0.1,0.11,0.07,0.1,0.09,0.01,0.1,0.12,0.11,0.08,0.12,0.12,0.11,0.1,0.1,0.08,0.07,0.09,0.1,0.13,0.1,0.1,0.11,0.13,0.09,0.1,8.73,0.84,4.17,3.57,2.52,4.72,4.24,4.72,10.41,Walking
3,0.09,0.15,0.15,0.11,0.14,0.09,0.11,0.07,0.1,0.02,0.09,0.11,0.09,0.13,0.12,0.09,0.11,0.09,0.07,0.12,0.08,0.09,0.07,0.1,0.15,0.1,0.1,0.09,0.11,0.13,8.91,1.03,4.16,3.61,2.79,4.74,4.37,4.74,10.67,Walking
3,0.17,0.11,0.12,0.08,0.1,0.13,0.14,0.09,0.07,0.01,0.11,0.1,0.12,0.1,0.09,0.08,0.1,0.1,0.09,0.13,0.13,0.07,0.11,0.12,0.12,0.07,0.1,0.09,0.09,0.12,8.9,0.89,4.42,4.03,3.09,5.14,4.71,5.14,11.0,Walking
3,0.15,0.13,0.12,0.09,0.1,0.1,0.13,0.14,0.05,0.02,0.12,0.11,0.1,0.14,0.09,0.09,0.11,0.06,0.11,0.11,0.12,0.12,0.1,0.12,0.13,0.07,0.1,0.08,0.06,0.11,8.67,0.51,4.31,3.98,2.76,5.02,4.74,5.02,10.65,Walking
3,0.16,0.13,0.13,0.11,0.09,0.11,0.09,0.12,0.08,0.02,0.11,0.11,0.13,0.09,0.07,0.13,0.11,0.1,0.09,0.08,0.08,0.11,0.07,0.14,0.1,0.12,0.07,0.13,0.07,0.12,8.66,0.84,4.32,3.83,2.75,5.0,4.51,5.0,10.57,Walking
3,0.12,0.14,0.14,0.13,0.06,0.1,0.14,0.12,0.03,0.04,0.08,0.13,0.09,0.16,0.1,0.1,0.1,0.08,0.1,0.09,0.06,0.11,0.11,0.13,0.09,0.1,0.08,0.12,0.13,0.09,8.71,0.85,4.24,3.6,2.67,4.89,4.28,4.89,10.52,Walking
3,0.1,0.2,0.12,0.11,0.1,0.09,0.1,0.11,0.07,0.03,0.1,0.15,0.09,0.09,0.12,0.09,0.08,0.1,0.1,0.11,0.07,0.09,0.11,0.13,0.09,0.1,0.13,0.1,0.11,0.09,8.74,0.72,4.3,3.78,2.44,4.96,4.49,4.96,10.53,Walking
3,0.16,0.1,0.14,0.12,0.07,0.13,0.09,0.07,0.1,0.04,0.12,0.08,0.15,0.11,0.12,0.09,0.08,0.08,0.06,0.14,0.09,0.09,0.12,0.12,0.11,0.11,0.08,0.09,0.12,0.09,8.64,0.55,4.36,3.83,2.57,5.2,4.57,5.2,10.56,Walking
3,0.17,0.12,0.1,0.12,0.1,0.13,0.1,0.08,0.08,0.03,0.11,0.12,0.11,0.09,0.09,0.1,0.05,0.09,0.15,0.12,0.24,0.07,0.07,0.08,0.06,0.07,0.08,0.1,0.11,0.15,8.82,0.64,4.52,4.18,3.37,5.38,4.94,5.38,11.17,Walking
3,0.21,0.11,0.08,0.11,0.09,0.1,0.1,0.09,0.07,0.06,0.15,0.08,0.12,0.08,0.08,0.09,0.1,0.08,0.11,0.14,0.22,0.14,0.06,0.04,0.09,0.08,0.08,0.07,0.12,0.13,8.8,0.45,4.62,4.19,3.08,5.56,4.89,5.56,11.05,Walking
3,0.15,0.13,0.13,0.08,0.14,0.09,0.11,0.05,0.1,0.04,0.11,0.13,0.05,0.13,0.12,0.11,0.09,0.11,0.09,0.09,0.09,0.1,0.08,0.13,0.1,0.12,0.08,0.08,0.12,0.11,8.62,0.83,4.45,3.72,2.81,5.22,4.51,5.22,10.66,Walking
3,0.17,0.13,0.13,0.12,0.13,0.09,0.11,0.07,0.04,0.04,0.13,0.08,0.08,0.09,0.17,0.09,0.08,0.11,0.1,0.08,0.09,0.08,0.08,0.13,0.11,0.11,0.08,0.06,0.14,0.13,8.76,0.96,4.69,3.61,2.79,5.47,4.39,5.47,10.8,Walking
3,0.17,0.16,0.11,0.11,0.06,0.08,0.08,0.13,0.08,0.03,0.1,0.11,0.12,0.15,0.08,0.1,0.08,0.09,0.1,0.09,0.07,0.08,0.09,0.09,0.16,0.13,0.11,0.08,0.1,0.11,8.57,0.9,4.63,3.8,2.54,5.54,4.49,5.54,10.59,Walking
3,0.04,0.02,0.02,0.01,0.02,0.0,0.0,0.0,0.0,0.0,0.0,0.01,0.03,0.01,0.03,0.01,0.0,0.01,0.01,0.0,0.01,0.03,0.01,0.01,0.01,0.01,0.01,0.01,0.0,0.01,0.77,-0.08,0.63,0.7,0.23,6.91,7.89,6.91,1.05,Walking
3,0.0,0.13,0.07,0.13,0.07,0.09,0.11,0.13,0.18,0.12,0.01,0.06,0.07,0.08,0.05,0.02,0.07,0.12,0.08,0.39,0.07,0.11,0.08,0.08,0.09,0.15,0.15,0.13,0.08,0.07,6.54,0.83,8.1,6.98,4.81,10.52,7.93,10.52,13.78,Jogging
3,0.0,0.19,0.1,0.1,0.13,0.09,0.11,0.06,0.13,0.12,0.06,0.09,0.06,0.09,0.1,0.09,0.05,0.2,0.18,0.11,0.12,0.05,0.06,0.13,0.12,0.13,0.11,0.11,0.06,0.12,1.11,0.41,10.02,3.86,5.39,12.06,5.04,12.06,13.21,Jogging
3,0.0,0.22,0.1,0.11,0.09,0.1,0.11,0.09,0.08,0.12,0.12,0.09,0.07,0.07,0.13,0.12,0.1,0.13,0.09,0.1,0.12,0.11,0.12,0.05,0.16,0.06,0.13,0.1,0.07,0.12,0.11,-0.15,10.38,3.84,5.45,12.35,5.2,12.35,13.56,Jogging
3,0.0,0.23,0.08,0.09,0.12,0.06,0.11,0.1,0.11,0.12,0.11,0.07,0.09,0.12,0.14,0.09,0.12,0.08,0.13,0.08,0.13,0.13,0.06,0.06,0.11,0.13,0.12,0.11,0.09,0.08,-0.08,0.01,10.15,3.6,5.25,12.29,4.97,12.29,13.32,Jogging
3,0.0,0.22,0.09,0.06,0.12,0.11,0.13,0.06,0.11,0.12,0.12,0.1,0.13,0.09,0.1,0.09,0.13,0.07,0.08,0.12,0.13,0.13,0.11,0.04,0.11,0.09,0.1,0.12,0.09,0.1,-0.33,-0.22,10.03,3.92,5.4,12.08,5.23,12.08,13.34,Jogging
3,0.0,0.21,0.1,0.11,0.08,0.11,0.1,0.1,0.13,0.09,0.08,0.11,0.08,0.15,0.06,0.08,0.09,0.17,0.12,0.09,0.09,0.09,0.08,0.11,0.1,0.13,0.13,0.09,0.14,0.07,0.02,0.63,10.17,3.72,5.08,12.29,4.79,12.29,13.22,Jogging
3,0.0,0.18,0.09,0.12,0.1,0.12,0.09,0.09,0.12,0.1,0.11,0.11,0.09,0.14,0.1,0.1,0.09,0.1,0.1,0.08,0.09,0.16,0.12,0.08,0.09,0.08,0.07,0.11,0.14,0.1,-0.52,0.21,9.87,3.62,5.62,11.92,4.86,11.92,13.2,Jogging
3,0.0,0.21,0.09,0.1,0.13,0.08,0.11,0.11,0.09,0.11,0.11,0.12,0.09,0.06,0.11,0.12,0.14,0.1,0.08,0.1,0.09,0.1,0.14,0.08,0.13,0.07,0.09,0.09,0.14,0.09,-0.25,0.24,10.06,3.69,5.52,12.07,4.99,12.07,13.25,Jogging
3,0.0,0.21,0.08,0.12,0.11,0.09,0.14,0.1,0.08,0.1,0.1,0.13,0.09,0.1,0.08,0.08,0.11,0.12,0.12,0.09,0.09,0.12,0.1,0.09,0.09,0.1,0.09,0.14,0.11,0.11,-0.06,0.63,10.09,3.83,5.42,12.12,4.97,12.12,13.23,Jogging
3,0.0,0.19,0.09,0.1,0.15,0.1,0.08,0.09,0.11,0.11,0.1,0.14,0.09,0.08,0.07,0.1,0.13,0.13,0.12,0.06,0.08,0.13,0.11,0.09,0.11,0.11,0.07,0.1,0.09,0.12,-0.32,0.19,10.09,3.76,5.32,12.03,4.92,12.03,13.19,Jogging
3,0.0,0.21,0.09,0.15,0.1,0.07,0.09,0.1,0.13,0.07,0.06,0.14,0.1,0.09,0.11,0.1,0.08,0.13,0.15,0.08,0.08,0.07,0.09,0.12,0.12,0.12,0.12,0.14,0.11,0.05,0.05,0.53,10.48,3.49,4.76,12.52,4.44,12.52,13.19,Jogging
3,0.0,0.16,0.15,0.09,0.11,0.14,0.09,0.12,0.07,0.08,0.08,0.12,0.11,0.1,0.07,0.11,0.1,0.16,0.12,0.06,0.1,0.08,0.09,0.15,0.09,0.12,0.1,0.11,0.1,0.08,-0.22,0.25,10.23,3.4,5.13,12.18,4.42,12.18,13.05,Jogging
3,0.0,0.23,0.12,0.12,0.05,0.11,0.11,0.1,0.09,0.1,0.11,0.08,0.11,0.11,0.07,0.12,0.11,0.11,0.12,0.09,0.11,0.08,0.08,0.15,0.1,0.1,0.08,0.11,0.14,0.08,-0.05,0.39,10.7,3.85,5.26,12.72,5.22,12.72,13.72,Jogging
3,0.0,0.22,0.08,0.11,0.13,0.07,0.11,0.1,0.1,0.11,0.12,0.1,0.08,0.08,0.14,0.11,0.11,0.09,0.09,0.1,0.08,0.15,0.11,0.1,0.11,0.1,0.11,0.08,0.08,0.12,-0.29,0.17,10.19,3.92,5.21,12.2,5.3,12.2,13.33,Jogging
3,0.0,0.19,0.13,0.12,0.06,0.11,0.11,0.09,0.09,0.13,0.1,0.12,0.1,0.13,0.1,0.1,0.1,0.08,0.11,0.09,0.1,0.11,0.13,0.11,0.09,0.09,0.09,0.08,0.12,0.1,-0.36,0.09,10.16,3.83,5.37,12.21,5.17,12.21,13.42,Jogging
3,0.0,0.21,0.11,0.1,0.09,0.1,0.09,0.14,0.1,0.08,0.08,0.12,0.13,0.1,0.13,0.08,0.09,0.1,0.12,0.07,0.09,0.07,0.1,0.14,0.11,0.1,0.1,0.13,0.09,0.1,-0.24,0.55,10.22,3.43,4.98,12.33,4.58,12.33,13.17,Jogging
3,0.0,0.23,0.12,0.1,0.09,0.11,0.09,0.08,0.12,0.1,0.1,0.07,0.13,0.12,0.08,0.11,0.09,0.1,0.11,0.12,0.1,0.08,0.09,0.09,0.14,0.1,0.14,0.1,0.08,0.11,0.11,0.43,10.56,3.86,4.95,12.63,5.07,12.63,13.59,Jogging
3,0.0,0.19,0.12,0.11,0.07,0.1,0.11,0.11,0.09,0.12,0.12,0.1,0.08,0.12,0.09,0.09,0.12,0.08,0.09,0.13,0.12,0.09,0.11,0.11,0.1,0.1,0.08,0.08,0.11,0.12,-0.03,0.16,10.08,4.08,5.52,12.15,5.38,12.15,13.51,Jogging
3,0.0,0.21,0.11,0.07,0.12,0.09,0.1,0.13,0.08,0.11,0.15,0.07,0.09,0.11,0.09,0.12,0.11,0.08,0.08,0.11,0.12,0.14,0.09,0.08,0.12,0.07,0.09,0.09,0.1,0.12,-0.31,0.03,10.15,4.24,5.69,12.16,5.89,12.16,13.71,Jogging
3,0.0,0.19,0.09,0.09,0.12,0.11,0.1,0.1,0.12,0.11,0.12,0.07,0.1,0.13,0.11,0.11,0.09,0.11,0.09,0.08,0.11,0.09,0.13,0.1,0.11,0.09,0.08,0.08,0.09,0.13,-0.51,0.2,9.68,3.72,5.42,11.79,5.12,11.79,12.97,Jogging
3,0.0,0.2,0.12,0.09,0.1,0.11,0.08,0.11,0.1,0.11,0.11,0.1,0.11,0.1,0.09,0.11,0.1,0.11,0.11,0.09,0.11,0.09,0.15,0.08,0.09,0.09,0.1,0.07,0.11,0.12,-0.17,0.08,10.24,3.86,5.51,12.29,5.17,12.29,13.56,Jogging
3,0.0,0.2,0.13,0.07,0.09,0.14,0.1,0.08,0.11,0.1,0.13,0.09,0.13,0.09,0.09,0.11,0.12,0.08,0.07,0.11,0.13,0.08,0.12,0.07,0.09,0.12,0.1,0.07,0.13,0.1,-0.52,0.02,10.25,3.83,5.42,12.28,5.08,12.28,13.63,Jogging
3,0.0,0.2,0.11,0.1,0.11,0.12,0.08,0.11,0.1,0.1,0.15,0.07,0.11,0.12,0.09,0.08,0.13,0.08,0.08,0.12,0.13,0.15,0.1,0.08,0.11,0.08,0.09,0.11,0.1,0.09,-0.47,-0.4,10.26,4.07,5.48,12.28,5.42,12.28,13.63,Jogging
3,0.0,0.22,0.1,0.08,0.12,0.11,0.1,0.1,0.1,0.1,0.09,0.12,0.1,0.12,0.14,0.07,0.08,0.11,0.12,0.07,0.13,0.06,0.1,0.15,0.09,0.07,0.11,0.09,0.12,0.11,-0.33,0.11,10.23,3.64,5.59,12.3,4.9,12.3,13.62,Jogging
3,0.0,0.17,0.11,0.12,0.1,0.09,0.12,0.11,0.1,0.1,0.11,0.12,0.11,0.12,0.07,0.13,0.08,0.12,0.08,0.09,0.13,0.09,0.11,0.11,0.08,0.11,0.07,0.1,0.12,0.1,-0.54,-0.02,9.87,3.62,5.53,11.88,4.85,11.88,13.13,Jogging
3,0.0,0.16,0.11,0.13,0.11,0.11,0.09,0.09,0.1,0.11,0.07,0.11,0.12,0.07,0.11,0.09,0.11,0.12,0.13,0.08,0.08,0.09,0.09,0.1,0.15,0.08,0.06,0.14,0.1,0.13,-0.02,0.84,10.09,3.6,5.38,12.09,4.76,12.09,13.16,Jogging
3,0.0,0.18,0.11,0.1,0.1,0.13,0.1,0.11,0.1,0.08,0.1,0.12,0.11,0.08,0.12,0.12,0.1,0.07,0.12,0.08,0.09,0.11,0.08,0.14,0.1,0.09,0.12,0.08,0.13,0.1,-0.4,0.18,9.95,3.7,5.22,11.99,4.96,11.99,13.05,Jogging
3,0.0,0.22,0.11,0.09,0.14,0.09,0.08,0.11,0.08,0.1,0.09,0.14,0.1,0.06,0.11,0.12,0.09,0.07,0.16,0.08,0.09,0.09,0.06,0.16,0.1,0.07,0.1,0.11,0.12,0.12,-0.2,0.71,10.69,3.72,5.48,12.59,4.83,12.59,13.81,Jogging
3,0.0,0.2,0.09,0.11,0.09,0.13,0.1,0.09,0.11,0.11,0.1,0.13,0.13,0.07,0.09,0.11,0.1,0.11,0.08,0.11,0.12,0.11,0.12,0.08,0.1,0.08,0.08,0.12,0.1,0.13,-0.33,0.08,9.97,3.86,5.75,12.06,5.06,12.06,13.51,Jogging
3,0.0,0.2,0.12,0.12,0.1,0.08,0.12,0.11,0.1,0.08,0.05,0.18,0.11,0.11,0.1,0.07,0.11,0.1,0.1,0.08,0.1,0.06,0.13,0.1,0.08,0.14,0.1,0.1,0.12,0.08,-0.33,0.3,10.42,3.41,5.06,12.44,4.35,12.44,13.36,Jogging
3,0.0,0.21,0.1,0.1,0.07,0.15,0.1,0.1,0.11,0.09,0.09,0.11,0.11,0.11,0.11,0.1,0.1,0.11,0.09,0.1,0.1,0.08,0.1,0.11,0.09,0.13,0.11,0.1,0.1,0.1,-0.2,0.2,10.09,3.76,5.07,12.15,5.03,12.15,13.17,Jogging
3,0.0,0.22,0.11,0.09,0.1,0.09,0.09,0.1,0.11,0.11,0.12,0.07,0.11,0.12,0.12,0.1,0.08,0.11,0.08,0.11,0.09,0.12,0.13,0.09,0.1,0.07,0.11,0.12,0.09,0.11,-0.27,0.3,10.13,3.77,5.4,12.24,5.17,12.24,13.39,Jogging
3,0.0,0.22,0.1,0.1,0.08,0.09,0.1,0.12,0.1,0.12,0.12,0.08,0.12,0.14,0.11,0.15,0.1,0.03,0.09,0.1,0.09,0.13,0.12,0.09,0.09,0.08,0.12,0.12,0.07,0.11,-0.46,0.1,10.03,3.71,5.36,12.22,5.3,12.22,13.35,Jogging
3,0.0,0.21,0.08,0.1,0.09,0.09,0.15,0.11,0.08,0.11,0.14,0.07,0.12,0.11,0.1,0.1,0.11,0.1,0.08,0.09,0.1,0.11,0.09,0.12,0.09,0.14,0.11,0.06,0.11,0.1,-0.56,-0.18,9.87,4.0,5.1,11.96,5.53,11.96,13.15,Jogging
3,0.0,0.2,0.09,0.1,0.1,0.09,0.11,0.11,0.1,0.13,0.15,0.06,0.09,0.06,0.17,0.11,0.12,0.07,0.08,0.12,0.11,0.1,0.1,0.1,0.08,0.13,0.08,0.1,0.12,0.1,-0.14,0.34,9.97,4.12,5.24,12.07,5.75,12.07,13.19,Jogging
3,0.0,0.11,0.09,0.11,0.1,0.08,0.06,0.09,0.08,0.04,0.07,0.06,0.09,0.06,0.12,0.06,0.1,0.1,0.05,0.07,0.05,0.08,0.05,0.07,0.09,0.12,0.08,0.09,0.06,0.08,-0.06,0.64,7.63,2.59,3.56,12.15,4.89,12.15,9.68,Jogging
3,0.11,0.13,0.2,0.17,0.15,0.09,0.09,0.06,0.01,0.01,0.07,0.07,0.04,0.12,0.08,0.08,0.1,0.16,0.18,0.13,0.06,0.07,0.09,0.08,0.09,0.13,0.13,0.09,0.12,0.16,8.0,1.11,4.82,3.24,2.65,5.67,4.06,5.67,10.3,Walking
3,0.12,0.09,0.13,0.17,0.11,0.09,0.09,0.12,0.05,0.05,0.08,0.07,0.08,0.1,0.08,0.07,0.15,0.15,0.15,0.09,0.08,0.06,0.07,0.13,0.15,0.12,0.15,0.11,0.07,0.08,7.51,0.43,5.82,3.08,2.21,6.86,3.97,6.86,10.29,Walking
3,0.14,0.07,0.11,0.15,0.17,0.1,0.04,0.16,0.06,0.02,0.07,0.11,0.07,0.11,0.05,0.1,0.15,0.14,0.13,0.1,0.09,0.08,0.12,0.12,0.11,0.16,0.07,0.09,0.1,0.09,7.43,0.53,5.77,3.25,2.62,6.76,4.16,6.76,10.29,Walking
3,0.14,0.08,0.13,0.15,0.09,0.08,0.14,0.1,0.1,0.03,0.09,0.09,0.09,0.06,0.09,0.09,0.14,0.13,0.11,0.14,0.09,0.08,0.05,0.15,0.11,0.15,0.15,0.06,0.06,0.12,7.5,0.54,5.95,3.38,2.45,7.0,4.3,7.0,10.45,Walking
3,0.07,0.13,0.1,0.13,0.09,0.14,0.13,0.14,0.07,0.02,0.07,0.1,0.08,0.08,0.1,0.13,0.09,0.16,0.13,0.09,0.07,0.09,0.14,0.09,0.1,0.12,0.11,0.13,0.1,0.08,7.16,0.42,6.12,2.93,2.35,7.04,3.72,7.04,10.22,Walking
3,0.09,0.16,0.11,0.1,0.09,0.14,0.07,0.16,0.07,0.04,0.06,0.12,0.11,0.06,0.11,0.09,0.13,0.1,0.11,0.13,0.08,0.16,0.12,0.09,0.11,0.08,0.08,0.13,0.09,0.09,7.18,0.38,5.99,3.2,2.68,7.07,4.05,7.07,10.28,Walking
3,0.07,0.13,0.09,0.11,0.11,0.16,0.07,0.18,0.07,0.04,0.06,0.12,0.06,0.11,0.11,0.1,0.11,0.11,0.13,0.11,0.08,0.18,0.11,0.1,0.09,0.05,0.08,0.11,0.14,0.09,7.3,0.41,6.38,3.13,2.81,7.33,3.95,7.33,10.56,Walking
3,0.1,0.11,0.11,0.12,0.08,0.09,0.11,0.13,0.14,0.03,0.12,0.08,0.08,0.1,0.05,0.1,0.12,0.12,0.13,0.11,0.14,0.13,0.11,0.07,0.11,0.09,0.08,0.08,0.09,0.12,7.18,0.21,6.33,3.37,2.87,7.4,4.24,7.4,10.65,Walking
3,0.05,0.15,0.09,0.09,0.14,0.12,0.1,0.09,0.13,0.07,0.1,0.06,0.1,0.06,0.13,0.11,0.1,0.11,0.14,0.1,0.12,0.13,0.11,0.08,0.07,0.09,0.12,0.08,0.12,0.1,7.22,0.35,6.55,3.17,2.77,7.56,4.04,7.56,10.68,Walking
3,0.06,0.14,0.15,0.08,0.12,0.13,0.07,0.11,0.09,0.08,0.1,0.11,0.12,0.07,0.12,0.08,0.12,0.12,0.09,0.11,0.09,0.14,0.1,0.14,0.04,0.09,0.14,0.09,0.06,0.13,6.83,0.57,6.44,3.19,2.81,7.58,4.02,7.58,10.35,Walking
3,0.05,0.16,0.12,0.08,0.17,0.05,0.12,0.08,0.12,0.07,0.09,0.1,0.09,0.1,0.08,0.11,0.19,0.08,0.08,0.11,0.11,0.11,0.1,0.09,0.06,0.09,0.15,0.13,0.07,0.13,6.9,0.64,6.48,2.99,2.7,7.55,3.84,7.55,10.36,Walking
3,0.07,0.15,0.12,0.09,0.11,0.1,0.07,0.1,0.1,0.12,0.16,0.08,0.11,0.08,0.09,0.08,0.1,0.11,0.07,0.14,0.12,0.07,0.13,0.11,0.11,0.12,0.08,0.09,0.06,0.13,6.82,0.4,6.58,3.67,2.74,7.84,4.63,7.84,10.49,Walking
3,0.05,0.14,0.08,0.11,0.1,0.1,0.1,0.14,0.12,0.09,0.1,0.07,0.1,0.09,0.15,0.12,0.1,0.14,0.06,0.1,0.06,0.08,0.11,0.12,0.13,0.15,0.1,0.09,0.08,0.11,6.75,0.6,6.84,2.88,2.5,7.89,3.8,7.89,10.39,Walking
3,0.08,0.16,0.07,0.08,0.1,0.12,0.1,0.1,0.13,0.08,0.1,0.1,0.1,0.09,0.14,0.13,0.06,0.11,0.07,0.13,0.08,0.12,0.09,0.16,0.08,0.13,0.09,0.09,0.13,0.06,6.82,0.46,6.59,3.13,2.58,7.76,3.99,7.76,10.35,Walking
3,0.09,0.11,0.1,0.11,0.1,0.1,0.09,0.09,0.14,0.08,0.08,0.1,0.1,0.08,0.16,0.11,0.09,0.12,0.08,0.1,0.09,0.05,0.15,0.11,0.09,0.12,0.13,0.1,0.1,0.1,6.74,0.53,6.66,2.96,2.46,7.79,3.83,7.79,10.34,Walking
3,0.15,0.05,0.09,0.07,0.11,0.13,0.08,0.12,0.12,0.1,0.12,0.12,0.07,0.07,0.11,0.12,0.14,0.08,0.08,0.12,0.09,0.08,0.07,0.15,0.12,0.12,0.09,0.1,0.12,0.08,6.78,0.38,6.84,3.21,2.42,7.97,4.12,7.97,10.49,Walking
3,0.12,0.08,0.08,0.1,0.09,0.09,0.15,0.1,0.08,0.13,0.08,0.09,0.12,0.1,0.15,0.09,0.08,0.11,0.07,0.13,0.07,0.1,0.11,0.09,0.13,0.09,0.11,0.12,0.13,0.08,6.89,0.63,6.94,3.16,2.63,8.1,4.08,8.1,10.69,Walking
3,0.14,0.06,0.12,0.1,0.09,0.07,0.07,0.11,0.13,0.13,0.13,0.07,0.1,0.09,0.1,0.12,0.08,0.12,0.09,0.13,0.09,0.08,0.09,0.14,0.11,0.14,0.06,0.07,0.11,0.14,6.98,0.56,6.93,3.47,2.74,8.12,4.43,8.12,10.9,Walking
3,0.1,0.08,0.12,0.09,0.09,0.07,0.13,0.1,0.09,0.15,0.09,0.1,0.11,0.13,0.1,0.1,0.11,0.1,0.08,0.09,0.14,0.1,0.09,0.09,0.07,0.07,0.13,0.13,0.14,0.06,6.65,0.45,7.06,3.04,2.76,8.2,3.95,8.2,10.64,Walking
3,0.09,0.12,0.08,0.1,0.08,0.11,0.12,0.13,0.09,0.11,0.09,0.11,0.12,0.1,0.11,0.12,0.09,0.06,0.11,0.11,0.11,0.14,0.12,0.09,0.08,0.06,0.1,0.1,0.13,0.1,6.69,0.42,6.81,3.13,2.89,7.95,3.95,7.95,10.55,Walking
3,0.08,0.1,0.13,0.1,0.1,0.11,0.09,0.07,0.1,0.15,0.12,0.09,0.09,0.16,0.09,0.12,0.09,0.1,0.08,0.09,0.12,0.14,0.1,0.08,0.1,0.05,0.11,0.11,0.1,0.11,6.5,0.33,6.97,3.08,2.8,8.15,4.02,8.15,10.53,Walking
3,0.15,0.06,0.09,0.1,0.09,0.09,0.09,0.1,0.14,0.11,0.12,0.08,0.1,0.1,0.14,0.12,0.08,0.07,0.11,0.11,0.11,0.04,0.16,0.1,0.08,0.14,0.07,0.1,0.11,0.12,6.68,0.53,6.87,3.18,2.73,8.07,4.08,8.07,10.65,Walking
3,0.14,0.06,0.08,0.09,0.12,0.06,0.12,0.08,0.1,0.17,0.14,0.1,0.15,0.07,0.11,0.09,0.09,0.07,0.12,0.09,0.09,0.09,0.1,0.09,0.13,0.11,0.09,0.14,0.07,0.1,6.48,0.43,7.11,3.32,2.42,8.34,4.16,8.34,10.54,Walking
3,0.13,0.06,0.07,0.09,0.09,0.1,0.14,0.09,0.12,0.14,0.09,0.11,0.11,0.12,0.13,0.08,0.12,0.09,0.09,0.09,0.09,0.12,0.09,0.09,0.12,0.12,0.08,0.11,0.12,0.09,6.56,0.57,7.1,2.98,2.75,8.24,3.8,8.24,10.63,Walking
3,0.13,0.09,0.06,0.08,0.11,0.09,0.11,0.06,0.15,0.15,0.1,0.11,0.12,0.1,0.12,0.1,0.11,0.07,0.09,0.1,0.06,0.12,0.1,0.09,0.13,0.14,0.08,0.08,0.11,0.11,6.52,0.69,7.18,3.07,2.73,8.44,3.91,8.44,10.66,Walking
3,0.13,0.08,0.05,0.05,0.11,0.12,0.13,0.07,0.13,0.15,0.06,0.17,0.13,0.11,0.1,0.11,0.12,0.08,0.08,0.07,0.09,0.05,0.13,0.09,0.14,0.1,0.12,0.09,0.12,0.1,6.24,0.66,7.19,2.87,2.62,8.41,3.66,8.41,10.42,Walking
3,0.1,0.1,0.12,0.09,0.05,0.12,0.11,0.05,0.12,0.17,0.14,0.11,0.11,0.14,0.1,0.09,0.06,0.1,0.08,0.09,0.17,0.14,0.05,0.09,0.1,0.06,0.1,0.09,0.13,0.1,6.17,0.17,7.19,3.13,2.88,8.44,3.95,8.44,10.61,Walking
3,0.08,0.11,0.09,0.04,0.1,0.13,0.11,0.09,0.08,0.21,0.1,0.13,0.15,0.12,0.06,0.07,0.09,0.12,0.12,0.06,0.16,0.11,0.07,0.1,0.07,0.08,0.09,0.12,0.1,0.11,6.17,0.3,7.61,3.17,2.93,8.76,3.81,8.76,10.9,Walking
3,0.1,0.09,0.09,0.07,0.08,0.11,0.1,0.09,0.11,0.18,0.12,0.16,0.11,0.14,0.06,0.08,0.09,0.07,0.1,0.09,0.14,0.11,0.1,0.11,0.08,0.04,0.11,0.11,0.1,0.11,6.14,0.51,7.38,3.34,3.1,8.59,4.12,8.59,10.79,Walking
3,0.1,0.08,0.06,0.08,0.09,0.1,0.13,0.1,0.1,0.17,0.14,0.14,0.14,0.14,0.12,0.1,0.03,0.07,0.09,0.07,0.12,0.11,0.11,0.09,0.11,0.05,0.05,0.15,0.13,0.1,5.72,0.41,7.66,2.98,2.8,8.83,3.8,8.83,10.59,Walking
3,0.03,0.04,0.07,0.04,0.04,0.05,0.05,0.07,0.07,0.09,0.06,0.07,0.1,0.08,0.05,0.04,0.03,0.06,0.05,0.04,0.05,0.07,0.06,0.03,0.04,0.05,0.06,0.09,0.05,0.07,3.18,0.34,4.22,1.85,1.45,8.91,4.45,8.91,5.8,Walking
3,0.06,0.06,0.15,0.1,0.08,0.05,0.06,0.11,0.14,0.0,0.11,0.12,0.13,0.12,0.08,0.1,0.08,0.07,0.08,0.0,0.1,0.13,0.07,0.08,0.07,0.11,0.16,0.09,0.11,0.0,8.01,1.01,3.81,8.01,4.14,5.03,8.99,5.03,12.14,Jogging
3,0.09,0.07,0.06,0.11,0.08,0.15,0.13,0.15,0.08,0.0,0.1,0.13,0.09,0.1,0.11,0.08,0.11,0.07,0.1,0.0,0.12,0.09,0.13,0.1,0.07,0.12,0.14,0.07,0.07,0.0,8.62,0.77,2.7,8.01,4.32,3.84,9.02,3.84,12.36,Jogging
3,0.05,0.09,0.12,0.1,0.16,0.14,0.12,0.06,0.07,0.0,0.11,0.1,0.08,0.12,0.09,0.08,0.13,0.14,0.08,0.0,0.11,0.09,0.08,0.11,0.13,0.11,0.1,0.07,0.13,0.0,8.89,0.78,2.61,7.98,4.05,3.56,8.97,3.56,12.45,Jogging
3,0.02,0.12,0.07,0.06,0.12,0.14,0.1,0.12,0.11,0.0,0.11,0.1,0.09,0.09,0.09,0.08,0.15,0.11,0.1,0.0,0.14,0.09,0.1,0.11,0.08,0.12,0.06,0.09,0.13,0.0,9.21,0.61,2.81,8.09,4.35,3.7,9.17,3.7,13.1,Jogging
3,0.05,0.09,0.07,0.08,0.12,0.08,0.16,0.14,0.11,0.0,0.08,0.16,0.06,0.1,0.09,0.1,0.12,0.1,0.12,0.0,0.11,0.11,0.07,0.14,0.09,0.07,0.13,0.12,0.09,0.0,8.96,0.61,2.79,8.02,4.09,3.63,9.1,3.63,12.64,Jogging
3,0.03,0.12,0.07,0.13,0.11,0.11,0.12,0.12,0.11,0.0,0.1,0.08,0.13,0.06,0.1,0.11,0.11,0.14,0.1,0.0,0.1,0.12,0.09,0.17,0.08,0.07,0.11,0.1,0.09,0.0,9.31,0.7,2.63,7.73,4.1,3.44,8.81,3.44,12.7,Jogging
3,0.06,0.07,0.09,0.09,0.11,0.13,0.15,0.14,0.1,0.0,0.09,0.12,0.09,0.12,0.08,0.13,0.08,0.12,0.12,0.0,0.08,0.09,0.15,0.09,0.09,0.11,0.1,0.11,0.11,0.0,9.05,0.95,2.62,7.73,4.0,3.68,8.81,3.68,12.5,Jogging
3,0.04,0.12,0.12,0.12,0.11,0.13,0.1,0.1,0.1,0.0,0.1,0.12,0.09,0.1,0.08,0.12,0.12,0.08,0.13,0.0,0.1,0.12,0.11,0.1,0.12,0.11,0.09,0.11,0.1,0.0,8.73,0.46,2.72,8.0,3.88,3.62,9.07,3.62,12.38,Jogging
3,0.04,0.09,0.07,0.12,0.1,0.13,0.11,0.12,0.13,0.0,0.1,0.08,0.13,0.07,0.1,0.13,0.1,0.12,0.1,0.0,0.1,0.09,0.11,0.11,0.12,0.07,0.1,0.14,0.1,0.0,9.08,0.64,2.69,7.82,3.9,3.54,8.98,3.54,12.65,Jogging
3,0.08,0.13,0.13,0.12,0.14,0.1,0.07,0.05,0.08,0.0,0.11,0.07,0.15,0.1,0.12,0.1,0.09,0.12,0.07,0.0,0.12,0.08,0.14,0.11,0.1,0.08,0.07,0.11,0.12,0.0,8.64,0.68,3.22,7.77,4.21,4.17,8.89,4.17,12.49,Jogging
3,0.07,0.12,0.13,0.11,0.13,0.09,0.12,0.09,0.09,0.0,0.1,0.09,0.08,0.11,0.11,0.14,0.05,0.1,0.13,0.0,0.06,0.15,0.07,0.13,0.13,0.1,0.1,0.1,0.11,0.0,9.25,0.87,2.85,7.56,3.89,3.77,8.77,3.77,12.59,Jogging
3,0.08,0.09,0.12,0.1,0.11,0.12,0.09,0.12,0.11,0.0,0.11,0.1,0.09,0.12,0.07,0.11,0.12,0.06,0.12,0.0,0.13,0.06,0.12,0.08,0.11,0.13,0.07,0.09,0.1,0.0,8.93,0.74,2.94,8.24,4.12,3.9,9.38,3.9,12.95,Jogging
3,0.08,0.06,0.09,0.1,0.08,0.14,0.06,0.14,0.14,0.0,0.12,0.12,0.09,0.09,0.1,0.08,0.1,0.1,0.07,0.0,0.11,0.09,0.12,0.1,0.11,0.08,0.12,0.08,0.1,0.0,8.56,0.72,3.12,8.28,4.18,4.21,9.4,4.21,12.76,Jogging
3,0.05,0.07,0.08,0.11,0.09,0.12,0.12,0.15,0.12,0.0,0.1,0.1,0.08,0.09,0.15,0.08,0.1,0.1,0.1,0.0,0.08,0.07,0.1,0.13,0.14,0.09,0.1,0.12,0.08,0.0,8.97,0.94,2.8,7.81,3.77,3.76,9.07,3.76,12.61,Jogging
3,0.14,0.11,0.08,0.16,0.08,0.08,0.09,0.11,0.09,0.0,0.1,0.12,0.09,0.12,0.06,0.1,0.13,0.1,0.1,0.0,0.08,0.12,0.06,0.12,0.12,0.1,0.08,0.11,0.09,0.0,8.91,1.29,3.79,7.94,4.23,5.4,9.02,5.4,13.01,Jogging
3,0.24,0.14,0.13,0.06,0.07,0.09,0.1,0.07,0.08,0.0,0.11,0.05,0.13,0.11,0.15,0.1,0.09,0.1,0.09,0.0,0.11,0.09,0.11,0.06,0.09,0.15,0.1,0.11,0.1,0.0,8.68,1.13,4.77,7.51,4.24,6.5,8.73,6.5,13.14,Jogging
3,0.26,0.14,0.12,0.1,0.07,0.05,0.04,0.08,0.09,0.0,0.09,0.12,0.12,0.12,0.09,0.07,0.11,0.11,0.07,0.0,0.06,0.14,0.09,0.07,0.12,0.12,0.1,0.12,0.09,0.0,8.64,1.3,5.22,7.95,3.9,6.87,8.88,6.87,12.98,Jogging
3,0.33,0.13,0.15,0.06,0.08,0.04,0.05,0.04,0.1,0.0,0.11,0.09,0.12,0.09,0.14,0.09,0.08,0.11,0.09,0.0,0.13,0.11,0.08,0.1,0.12,0.09,0.12,0.07,0.13,0.0,8.67,0.85,6.38,7.7,4.23,8.18,8.91,8.18,13.89,Jogging
3,0.08,0.05,0.03,0.03,0.01,0.01,0.01,0.02,0.02,0.0,0.01,0.01,0.03,0.05,0.05,0.07,0.02,0.02,0.01,0.0,0.01,0.03,0.0,0.02,0.02,0.05,0.05,0.06,0.01,0.0,2.12,0.48,1.63,1.83,0.82,8.21,8.75,8.21,3.08,Jogging
3,0.0,0.0,0.0,0.0,0.03,0.1,0.19,0.15,0.16,0.0,0.01,0.0,0.0,0.0,0.01,0.11,0.2,0.32,0.0,0.0,0.03,0.07,0.0,0.0,0.0,0.28,0.0,0.0,0.48,0.0,0.19,9.68,1.53,0.05,0.03,1.55,0.22,1.55,9.81,Sitting
3,0.0,0.0,0.0,0.0,0.01,0.01,0.09,0.26,0.43,0.0,0.0,0.0,0.0,0.0,0.0,0.02,0.1,0.23,0.0,0.0,0.05,0.31,0.0,0.0,0.0,0.5,0.0,0.0,0.14,0.0,0.22,9.65,1.53,0.03,0.03,1.53,0.06,1.53,9.77,Sitting
3,0.0,0.0,0.0,0.0,0.04,0.11,0.26,0.34,0.21,0.0,0.0,0.0,0.0,0.0,0.0,0.02,0.03,0.2,0.0,0.0,0.04,0.22,0.0,0.0,0.0,0.52,0.0,0.0,0.21,0.0,0.23,9.66,1.49,0.03,0.02,1.49,0.05,1.49,9.77,Sitting
3,0.01,0.04,0.05,0.04,0.41,0.22,0.12,0.03,0.03,0.0,0.01,0.02,0.12,0.0,0.44,0.19,0.04,0.05,0.0,0.0,0.03,0.1,0.0,0.0,0.0,0.48,0.0,0.0,0.32,0.0,0.04,9.67,1.4,0.11,0.03,1.4,0.14,1.4,9.77,Sitting
3,0.01,0.02,0.1,0.33,0.46,0.09,0.01,0.0,0.0,0.0,0.0,0.03,0.23,0.0,0.73,0.02,0.01,0.0,0.0,0.0,0.01,0.08,0.0,0.0,0.0,0.4,0.0,0.0,0.44,0.0,-0.05,9.68,1.33,0.02,0.03,1.34,0.04,1.34,9.77,Sitting
3,0.06,0.25,0.26,0.2,0.16,0.03,0.05,0.0,0.0,0.0,0.1,0.06,0.34,0.0,0.35,0.13,0.01,0.01,0.0,0.0,0.01,0.06,0.0,0.0,0.0,0.32,0.0,0.0,0.44,0.0,-0.05,9.69,1.28,0.05,0.03,1.28,0.08,1.28,9.77,Sitting
3,0.47,0.38,0.1,0.04,0.02,0.01,0.0,0.0,0.0,0.0,0.36,0.13,0.31,0.0,0.2,0.01,0.0,0.0,0.0,0.0,0.01,0.02,0.0,0.0,0.0,0.13,0.0,0.0,0.37,0.0,-0.12,9.71,1.12,0.06,0.03,1.13,0.08,1.13,9.78,Sitting
3,0.04,0.01,0.0,0.0,0.01,0.01,0.01,0.02,0.0,0.0,0.03,0.01,0.02,0.0,0.02,0.02,0.0,0.0,0.0,0.0,0.01,0.02,0.0,0.0,0.0,0.04,0.0,0.0,0.01,0.0,-0.01,0.97,0.12,0.01,0.87,1.31,0.19,1.31,0.98,Sitting
3,0.11,0.0,0.02,0.0,0.04,0.03,0.0,0.08,0.05,0.7,0.15,0.0,0.0,0.0,0.1,0.0,0.0,0.26,0.0,0.0,0.01,0.0,0.0,0.0,0.0,0.0,0.01,0.01,0.12,0.71,9.44,-0.07,0.96,0.08,0.17,1.0,0.14,1.0,9.5,Standing
3,0.01,0.0,0.01,0.0,0.04,0.09,0.0,0.21,0.26,0.39,0.09,0.0,0.0,0.0,0.36,0.0,0.0,0.37,0.0,0.0,0.02,0.02,0.11,0.19,0.0,0.23,0.18,0.11,0.08,0.08,9.41,-0.4,0.99,0.04,0.07,0.99,0.05,0.99,9.48,Standing
3,0.01,0.0,0.01,0.0,0.09,0.18,0.0,0.33,0.24,0.15,0.11,0.0,0.0,0.0,0.4,0.0,0.0,0.41,0.0,0.0,0.05,0.09,0.19,0.25,0.0,0.2,0.13,0.06,0.04,0.01,9.4,-0.45,1.03,0.03,0.06,1.03,0.04,1.03,9.47,Standing
3,0.02,0.0,0.03,0.0,0.08,0.28,0.0,0.35,0.2,0.05,0.09,0.0,0.0,0.0,0.37,0.0,0.0,0.4,0.0,0.0,0.09,0.08,0.28,0.26,0.0,0.17,0.08,0.02,0.01,0.02,9.41,-0.47,1.05,0.04,0.06,1.05,0.06,1.05,9.48,Standing
3,0.1,0.04,0.07,0.0,0.12,0.15,0.0,0.19,0.14,0.22,0.18,0.0,0.0,0.0,0.33,0.0,0.0,0.33,0.0,0.0,0.23,0.18,0.22,0.13,0.0,0.07,0.08,0.04,0.04,0.04,9.4,-0.49,1.05,0.04,0.08,1.06,0.06,1.06,9.48,Standing
3,0.05,0.1,0.21,0.0,0.31,0.2,0.0,0.1,0.04,0.01,0.09,0.0,0.0,0.0,0.37,0.0,0.0,0.43,0.0,0.0,0.05,0.06,0.05,0.15,0.0,0.2,0.15,0.15,0.17,0.04,9.41,-0.4,1.11,0.03,0.07,1.12,0.04,1.12,9.48,Standing
3,0.15,0.08,0.18,0.0,0.27,0.14,0.0,0.1,0.04,0.06,0.17,0.0,0.0,0.0,0.32,0.0,0.0,0.33,0.0,0.0,0.01,0.09,0.13,0.13,0.0,0.14,0.11,0.06,0.09,0.23,9.4,-0.34,1.12,0.06,0.13,1.13,0.12,1.13,9.48,Standing
3,0.14,0.06,0.1,0.0,0.09,0.16,0.0,0.18,0.11,0.18,0.13,0.0,0.0,0.0,0.29,0.0,0.0,0.39,0.0,0.0,0.03,0.04,0.11,0.13,0.0,0.17,0.16,0.05,0.07,0.25,9.41,-0.34,1.07,0.05,0.13,1.08,0.11,1.08,9.48,Standing
3,0.03,0.06,0.15,0.0,0.28,0.21,0.0,0.2,0.08,0.01,0.08,0.0,0.0,0.0,0.38,0.0,0.0,0.44,0.0,0.0,0.04,0.05,0.1,0.15,0.0,0.27,0.15,0.14,0.11,0.01,9.41,-0.41,1.09,0.03,0.06,1.1,0.05,1.1,9.48,Standing
3,0.1,0.08,0.21,0.0,0.19,0.18,0.0,0.11,0.04,0.1,0.09,0.0,0.0,0.0,0.33,0.0,0.0,0.42,0.0,0.0,0.08,0.03,0.1,0.1,0.0,0.19,0.18,0.2,0.12,0.02,9.41,-0.41,1.1,0.05,0.07,1.11,0.1,1.11,9.49,Standing
3,0.06,0.06,0.14,0.0,0.16,0.26,0.0,0.13,0.12,0.08,0.1,0.0,0.0,0.0,0.31,0.0,0.0,0.41,0.0,0.0,0.05,0.07,0.17,0.22,0.0,0.24,0.11,0.06,0.07,0.03,9.41,-0.43,1.08,0.04,0.06,1.09,0.05,1.09,9.48,Standing
3,0.03,0.07,0.2,0.0,0.32,0.25,0.0,0.12,0.02,0.02,0.05,0.0,0.0,0.0,0.29,0.0,0.0,0.51,0.0,0.0,0.0,0.01,0.06,0.13,0.0,0.23,0.28,0.19,0.1,0.02,9.42,-0.39,1.11,0.03,0.05,1.11,0.04,1.11,9.49,Standing
3,0.05,0.1,0.22,0.0,0.23,0.18,0.0,0.11,0.09,0.05,0.03,0.0,0.0,0.0,0.19,0.0,0.0,0.44,0.0,0.0,0.01,0.04,0.1,0.16,0.0,0.22,0.25,0.12,0.11,0.0,9.43,-0.41,1.1,0.03,0.05,1.1,0.04,1.1,9.51,Standing
3,0.08,0.11,0.16,0.0,0.27,0.25,0.0,0.09,0.04,0.02,0.05,0.0,0.0,0.0,0.28,0.0,0.0,0.42,0.0,0.0,0.01,0.03,0.04,0.12,0.0,0.2,0.29,0.22,0.1,0.01,9.42,-0.39,1.11,0.03,0.05,1.12,0.05,1.12,9.5,Standing
3,0.05,0.06,0.1,0.08,0.12,0.11,0.14,0.13,0.14,0.02,0.11,0.09,0.08,0.08,0.05,0.08,0.09,0.12,0.13,0.0,0.07,0.11,0.1,0.09,0.12,0.13,0.09,0.05,0.15,0.0,7.34,2.42,6.21,5.62,3.34,7.75,6.68,7.75,11.5,Upstairs
3,0.07,0.11,0.08,0.11,0.09,0.14,0.11,0.12,0.1,0.01,0.1,0.09,0.08,0.07,0.12,0.11,0.13,0.08,0.13,0.0,0.09,0.06,0.16,0.13,0.12,0.06,0.12,0.13,0.06,0.0,6.49,2.06,7.21,4.58,3.27,8.87,5.72,8.87,11.33,Upstairs
3,0.12,0.1,0.16,0.1,0.08,0.09,0.1,0.08,0.09,0.03,0.1,0.07,0.12,0.08,0.11,0.12,0.12,0.11,0.09,0.0,0.1,0.16,0.12,0.08,0.11,0.08,0.13,0.08,0.08,0.0,5.95,1.63,8.34,4.24,3.42,10.03,5.36,10.03,11.75,Upstairs
3,0.13,0.12,0.09,0.1,0.12,0.08,0.08,0.08,0.09,0.01,0.11,0.11,0.13,0.17,0.11,0.11,0.05,0.1,0.09,0.0,0.13,0.1,0.07,0.12,0.11,0.09,0.09,0.13,0.09,0.0,4.64,1.92,8.32,3.81,3.35,10.06,4.83,10.06,11.12,Upstairs
3,0.09,0.07,0.04,0.08,0.06,0.03,0.05,0.06,0.04,0.01,0.04,0.11,0.07,0.07,0.08,0.04,0.08,0.06,0.02,0.0,0.06,0.05,0.02,0.04,0.03,0.11,0.06,0.08,0.09,0.0,2.12,1.35,4.95,1.83,1.69,10.7,4.15,10.7,6.18,Upstairs
3,0.11,0.07,0.11,0.13,0.1,0.1,0.1,0.11,0.1,0.09,0.07,0.09,0.09,0.15,0.1,0.12,0.1,0.12,0.09,0.1,0.04,0.13,0.07,0.14,0.13,0.12,0.13,0.12,0.09,0.06,7.55,2.49,4.96,3.89,2.55,5.86,4.9,5.86,10.33,Downstairs
3,0.09,0.1,0.09,0.07,0.09,0.1,0.13,0.13,0.09,0.12,0.12,0.11,0.09,0.1,0.09,0.12,0.09,0.11,0.1,0.09,0.08,0.11,0.13,0.09,0.09,0.13,0.09,0.13,0.1,0.09,7.14,2.38,5.42,4.27,2.98,6.45,5.39,6.45,10.57,Downstairs
3,0.06,0.13,0.12,0.1,0.12,0.1,0.12,0.06,0.08,0.13,0.1,0.12,0.12,0.08,0.1,0.07,0.1,0.12,0.1,0.1,0.14,0.1,0.1,0.09,0.09,0.09,0.1,0.09,0.1,0.11,7.31,2.58,5.12,4.62,3.61,6.17,5.67,6.17,10.87,Downstairs
3,0.14,0.09,0.08,0.12,0.08,0.09,0.08,0.1,0.13,0.08,0.11,0.1,0.1,0.08,0.1,0.1,0.11,0.06,0.11,0.12,0.13,0.08,0.1,0.09,0.1,0.08,0.08,0.07,0.12,0.14,7.28,2.55,4.75,4.47,3.34,5.87,5.71,5.87,10.54,Downstairs
3,0.19,0.13,0.19,0.16,0.11,0.09,0.07,0.06,0.01,0.02,0.09,0.07,0.13,0.11,0.09,0.08,0.09,0.12,0.09,0.14,0.09,0.08,0.11,0.07,0.12,0.09,0.11,0.11,0.11,0.13,8.18,2.29,2.65,6.09,3.25,3.69,7.06,3.69,10.39,Upstairs
3,0.12,0.11,0.08,0.12,0.12,0.11,0.08,0.09,0.1,0.09,0.11,0.1,0.08,0.12,0.1,0.13,0.1,0.1,0.09,0.09,0.11,0.13,0.11,0.09,0.08,0.13,0.09,0.08,0.09,0.11,7.06,1.48,4.61,5.54,3.05,6.42,6.7,6.42,10.4,Upstairs
3,0.05,0.07,0.05,0.09,0.08,0.08,0.12,0.15,0.19,0.13,0.08,0.12,0.1,0.1,0.13,0.11,0.13,0.12,0.06,0.07,0.12,0.1,0.08,0.11,0.11,0.08,0.09,0.11,0.12,0.1,6.71,1.64,6.36,5.0,2.97,8.05,6.1,8.05,10.82,Upstairs
3,0.06,0.08,0.1,0.05,0.08,0.13,0.14,0.09,0.11,0.17,0.12,0.14,0.07,0.07,0.11,0.09,0.11,0.09,0.13,0.09,0.1,0.1,0.09,0.12,0.1,0.1,0.1,0.1,0.11,0.08,7.1,1.5,6.12,5.91,2.91,8.03,6.97,8.03,11.2,Upstairs
3,0.01,0.03,0.03,0.03,0.04,0.03,0.04,0.05,0.03,0.03,0.03,0.03,0.06,0.03,0.03,0.02,0.02,0.01,0.07,0.02,0.02,0.01,0.05,0.05,0.04,0.05,0.04,0.04,0.01,0.01,2.12,0.24,1.37,1.9,0.54,6.47,8.84,6.47,2.88,Upstairs
3,0.3,0.14,0.14,0.14,0.1,0.05,0.04,0.04,0.04,0.04,0.1,0.09,0.12,0.11,0.12,0.08,0.12,0.14,0.06,0.08,0.07,0.08,0.13,0.1,0.1,0.08,0.1,0.17,0.08,0.12,8.08,2.82,3.72,4.32,3.27,4.99,5.28,4.99,10.65,Downstairs
3,0.04,0.08,0.1,0.09,0.09,0.12,0.11,0.14,0.09,0.15,0.08,0.11,0.08,0.11,0.07,0.13,0.11,0.1,0.13,0.09,0.13,0.12,0.07,0.1,0.09,0.11,0.09,0.09,0.15,0.08,9.11,2.29,2.69,4.62,3.58,3.48,5.54,3.48,11.05,Downstairs
3,0.03,0.08,0.08,0.08,0.1,0.09,0.13,0.15,0.13,0.14,0.11,0.1,0.12,0.09,0.12,0.08,0.09,0.08,0.09,0.14,0.07,0.12,0.1,0.12,0.11,0.12,0.13,0.06,0.07,0.11,8.72,2.51,2.75,4.88,3.39,3.54,5.78,3.54,10.67,Downstairs
3,0.02,0.07,0.08,0.07,0.09,0.13,0.08,0.08,0.12,0.07,0.09,0.09,0.07,0.08,0.06,0.1,0.07,0.07,0.11,0.07,0.12,0.06,0.1,0.07,0.08,0.09,0.07,0.06,0.08,0.08,6.74,1.55,1.78,3.89,2.79,2.97,5.97,2.97,8.2,Downstairs
3,0.09,0.1,0.09,0.09,0.08,0.1,0.13,0.1,0.15,0.09,0.13,0.13,0.07,0.13,0.09,0.11,0.08,0.07,0.08,0.1,0.1,0.09,0.16,0.09,0.1,0.11,0.08,0.07,0.08,0.13,7.37,1.95,4.93,6.16,3.67,6.65,7.26,6.65,10.98,Upstairs
3,0.08,0.12,0.09,0.09,0.11,0.12,0.1,0.1,0.08,0.11,0.07,0.1,0.11,0.1,0.11,0.11,0.1,0.14,0.09,0.08,0.09,0.1,0.08,0.12,0.1,0.11,0.11,0.09,0.11,0.1,8.02,1.94,5.17,5.51,3.21,6.69,6.47,6.69,11.23,Upstairs
3,0.11,0.13,0.1,0.17,0.13,0.09,0.08,0.07,0.04,0.1,0.09,0.1,0.09,0.08,0.12,0.08,0.16,0.11,0.13,0.06,0.13,0.08,0.1,0.12,0.12,0.06,0.08,0.15,0.11,0.08,8.16,1.41,5.99,5.52,3.17,7.42,6.46,7.42,11.68,Upstairs
3,0.13,0.07,0.12,0.07,0.09,0.09,0.11,0.11,0.13,0.11,0.11,0.07,0.14,0.09,0.1,0.11,0.07,0.1,0.1,0.07,0.1,0.12,0.09,0.09,0.09,0.13,0.1,0.08,0.11,0.11,7.87,1.83,5.39,6.07,3.33,7.41,7.1,7.41,11.47,Upstairs
3,0.03,0.01,0.03,0.02,0.02,0.03,0.02,0.03,0.04,0.03,0.03,0.03,0.02,0.03,0.02,0.02,0.03,0.01,0.04,0.03,0.01,0.03,0.02,0.01,0.03,0.03,0.05,0.03,0.03,0.02,1.92,0.54,1.14,1.86,0.68,6.81,9.7,6.81,2.68,Upstairs
3,0.11,0.09,0.12,0.1,0.12,0.08,0.12,0.1,0.12,0.07,0.12,0.11,0.07,0.1,0.1,0.1,0.07,0.12,0.13,0.11,0.07,0.1,0.07,0.11,0.1,0.12,0.1,0.11,0.14,0.1,7.34,2.9,6.34,4.2,3.35,7.76,5.06,7.76,11.49,Downstairs
3,0.09,0.13,0.08,0.09,0.12,0.09,0.11,0.11,0.1,0.1,0.1,0.08,0.11,0.11,0.1,0.08,0.11,0.12,0.1,0.11,0.08,0.1,0.1,0.12,0.1,0.11,0.14,0.11,0.07,0.1,7.36,2.28,6.21,4.07,3.3,7.66,4.97,7.66,11.32,Downstairs
3,0.12,0.11,0.13,0.08,0.09,0.11,0.08,0.12,0.08,0.1,0.07,0.1,0.12,0.12,0.09,0.12,0.11,0.1,0.1,0.09,0.12,0.12,0.14,0.06,0.1,0.08,0.09,0.09,0.09,0.13,7.13,2.1,6.5,3.67,3.8,7.92,4.52,7.92,11.4,Downstairs
3,0.09,0.07,0.08,0.12,0.11,0.12,0.1,0.08,0.12,0.14,0.11,0.11,0.11,0.08,0.11,0.11,0.12,0.07,0.09,0.11,0.13,0.08,0.09,0.1,0.13,0.11,0.08,0.11,0.11,0.08,7.09,2.04,5.59,4.05,3.38,6.93,5.06,6.93,10.58,Downstairs
3,0.0,0.0,0.0,0.01,0.0,0.0,0.0,0.0,0.0,0.0,0.0,0.0,0.0,0.0,0.01,0.0,0.0,0.0,0.0,0.0,0.0,0.0,0.0,0.0,0.01,0.0,0.0,0.0,0.0,0.0,0.03,0.0,0.04,0.03,0.0,7.55,7.15,7.55,0.05,Downstairs
3,0.1,0.09,0.12,0.09,0.12,0.09,0.09,0.1,0.11,0.09,0.14,0.13,0.09,0.09,0.09,0.09,0.08,0.09,0.12,0.08,0.15,0.08,0.09,0.12,0.09,0.09,0.09,0.07,0.08,0.12,7.01,1.21,4.26,6.64,3.5,6.11,7.53,6.11,10.64,Upstairs
3,0.07,0.1,0.07,0.1,0.11,0.09,0.15,0.09,0.12,0.12,0.11,0.08,0.11,0.12,0.08,0.12,0.12,0.1,0.1,0.06,0.09,0.08,0.14,0.11,0.11,0.09,0.1,0.13,0.09,0.09,7.48,1.07,4.56,5.9,2.76,6.19,6.96,6.19,10.54,Upstairs
3,0.13,0.1,0.13,0.1,0.11,0.11,0.06,0.09,0.09,0.09,0.08,0.08,0.1,0.12,0.14,0.09,0.1,0.11,0.09,0.11,0.07,0.12,0.12,0.08,0.09,0.1,0.12,0.13,0.1,0.1,7.9,1.28,3.78,5.84,2.65,5.31,6.88,5.31,10.43,Upstairs
3,0.05,0.07,0.08,0.05,0.06,0.07,0.08,0.08,0.05,0.07,0.04,0.08,0.07,0.04,0.07,0.08,0.07,0.07,0.06,0.07,0.05,0.06,0.05,0.06,0.09,0.1,0.06,0.04,0.1,0.06,5.08,0.83,2.51,4.06,1.7,5.53,7.68,5.53,6.73,Upstairs
3,0.08,0.05,0.07,0.09,0.1,0.12,0.1,0.11,0.15,0.14,0.11,0.13,0.13,0.08,0.1,0.09,0.08,0.07,0.13,0.11,0.1,0.15,0.1,0.08,0.1,0.1,0.08,0.08,0.12,0.12,8.12,2.22,3.6,4.27,3.3,4.79,5.19,4.79,10.41,Downstairs
3,0.17,0.12,0.06,0.06,0.1,0.11,0.09,0.1,0.12,0.09,0.16,0.1,0.1,0.1,0.04,0.09,0.1,0.1,0.12,0.11,0.09,0.09,0.1,0.12,0.09,0.08,0.1,0.11,0.09,0.13,8.09,2.44,4.76,4.48,3.22,6.05,5.48,6.05,10.95,Downstairs
3,0.09,0.1,0.12,0.11,0.11,0.12,0.09,0.09,0.09,0.11,0.11,0.13,0.08,0.11,0.1,0.1,0.12,0.09,0.09,0.1,0.15,0.14,0.09,0.09,0.08,0.07,0.1,0.08,0.11,0.11,7.93,1.94,4.14,3.78,3.47,5.17,4.68,5.17,10.48,Downstairs
3,0.04,0.14,0.17,0.16,0.1,0.06,0.12,0.11,0.07,0.07,0.04,0.07,0.11,0.11,0.18,0.13,0.11,0.11,0.09,0.09,0.06,0.05,0.1,0.14,0.14,0.14,0.16,0.13,0.09,0.01,8.6,1.8,4.2,3.1,2.08,4.89,4.08,4.89,10.39,Downstairs
3,0.09,0.06,0.05,0.05,0.06,0.05,0.06,0.05,0.06,0.05,0.04,0.04,0.05,0.07,0.06,0.06,0.06,0.09,0.05,0.06,0.06,0.04,0.08,0.04,0.05,0.07,0.03,0.06,0.05,0.1,4.87,1.42,2.8,2.63,1.92,6.37,5.89,6.37,6.39,Downstairs
7,0.0,0.02,0.04,0.07,0.06,0.04,0.07,0.09,0.12,0.0,0.15,0.15,0.1,0.08,0.1,0.07,0.08,0.1,0.13,0.0,0.17,0.13,0.12,0.11,0.09,0.09,0.09,0.1,0.05,0.0,4.8,-1.75,10.08,7.99,4.34,12.3,9.78,12.3,15.85,Jogging
7,0.0,0.01,0.03,0.08,0.05,0.05,0.08,0.07,0.11,0.0,0.23,0.09,0.12,0.11,0.08,0.12,0.09,0.1,0.06,0.0,0.31,0.12,0.07,0.07,0.11,0.08,0.05,0.06,0.08,0.0,2.62,-3.34,10.58,7.44,5.22,12.83,9.36,12.83,16.72,Jogging
7,0.0,0.02,0.02,0.05,0.05,0.11,0.07,0.08,0.09,0.0,0.24,0.16,0.16,0.11,0.1,0.09,0.08,0.05,0.03,0.0,0.22,0.14,0.09,0.09,0.11,0.08,0.05,0.06,0.11,0.0,1.07,-2.24,9.96,6.0,4.8,12.4,7.65,12.4,14.53,Jogging
7,0.0,0.02,0.04,0.05,0.06,0.06,0.06,0.07,0.15,0.0,0.22,0.16,0.17,0.1,0.15,0.08,0.07,0.04,0.04,0.0,0.2,0.1,0.09,0.1,0.12,0.1,0.08,0.08,0.07,0.0,0.68,-1.84,10.52,6.24,5.04,12.81,8.12,12.81,15.17,Jogging
7,0.01,0.06,0.1,0.1,0.17,0.15,0.13,0.1,0.07,0.0,0.09,0.1,0.08,0.11,0.11,0.09,0.11,0.06,0.12,0.0,0.11,0.12,0.1,0.08,0.1,0.08,0.07,0.07,0.14,0.0,7.86,0.28,5.42,7.35,4.94,7.55,8.54,7.55,13.45,Jogging
7,0.14,0.18,0.11,0.08,0.12,0.11,0.15,0.11,0.03,0.0,0.11,0.04,0.09,0.11,0.13,0.07,0.09,0.1,0.09,0.0,0.11,0.14,0.09,0.06,0.09,0.08,0.09,0.06,0.12,0.0,8.08,0.75,7.24,7.37,5.24,9.71,8.54,9.71,14.63,Jogging
7,0.22,0.18,0.09,0.11,0.08,0.11,0.08,0.08,0.08,0.0,0.08,0.1,0.11,0.1,0.12,0.12,0.09,0.09,0.13,0.0,0.15,0.17,0.11,0.09,0.07,0.05,0.08,0.07,0.1,0.0,6.68,-0.55,8.61,6.51,5.09,11.0,7.75,11.0,14.43,Jogging
7,0.2,0.11,0.11,0.12,0.1,0.11,0.11,0.09,0.07,0.0,0.09,0.1,0.13,0.15,0.16,0.08,0.07,0.1,0.07,0.0,0.1,0.12,0.11,0.1,0.13,0.06,0.06,0.1,0.11,0.0,5.38,0.22,7.78,5.94,4.86,10.32,7.41,10.32,13.12,Jogging
7,0.02,0.15,0.23,0.14,0.13,0.14,0.11,0.05,0.04,0.0,0.08,0.05,0.1,0.12,0.07,0.08,0.13,0.12,0.12,0.0,0.13,0.09,0.11,0.08,0.07,0.11,0.07,0.09,0.08,0.0,8.67,0.38,6.05,6.99,5.39,7.76,8.11,7.76,14.11,Jogging
7,0.13,0.2,0.17,0.1,0.07,0.14,0.11,0.08,0.02,0.0,0.02,0.11,0.1,0.09,0.15,0.11,0.12,0.09,0.1,0.0,0.12,0.1,0.13,0.08,0.08,0.04,0.11,0.07,0.14,0.0,8.12,0.5,7.8,6.26,5.19,9.99,7.44,9.99,14.34,Jogging
7,0.1,0.25,0.12,0.1,0.09,0.16,0.09,0.09,0.02,0.0,0.06,0.07,0.09,0.15,0.11,0.13,0.09,0.11,0.1,0.0,0.11,0.13,0.08,0.07,0.11,0.06,0.05,0.13,0.13,0.0,7.89,0.65,7.61,6.47,5.3,9.85,7.6,9.85,14.2,Jogging
7,0.11,0.14,0.17,0.14,0.12,0.08,0.16,0.08,0.01,0.0,0.06,0.09,0.04,0.16,0.12,0.09,0.1,0.12,0.13,0.0,0.07,0.1,0.08,0.12,0.06,0.09,0.11,0.1,0.13,0.0,8.15,1.08,6.95,6.61,4.71,9.22,7.7,9.22,13.91,Jogging
7,0.1,0.22,0.14,0.09,0.08,0.12,0.12,0.09,0.07,0.0,0.07,0.08,0.11,0.1,0.08,0.11,0.15,0.13,0.09,0.0,0.1,0.09,0.13,0.09,0.08,0.11,0.09,0.07,0.13,0.0,7.73,0.5,7.43,6.5,4.74,9.63,7.7,9.63,13.86,Jogging
7,0.24,0.17,0.08,0.08,0.11,0.11,0.09,0.08,0.05,0.0,0.06,0.12,0.07,0.12,0.13,0.12,0.14,0.11,0.11,0.0,0.09,0.19,0.13,0.08,0.05,0.07,0.06,0.08,0.15,0.0,6.62,-0.12,8.88,6.06,4.91,11.33,7.26,11.33,14.36,Jogging
7,0.15,0.11,0.1,0.11,0.11,0.09,0.13,0.11,0.09,0.0,0.1,0.07,0.14,0.08,0.1,0.14,0.11,0.1,0.09,0.0,0.04,0.08,0.12,0.16,0.1,0.13,0.12,0.12,0.07,0.0,6.58,-0.23,7.02,6.38,3.29,9.51,7.71,9.51,12.64,Jogging
7,0.16,0.06,0.09,0.12,0.09,0.09,0.09,0.15,0.13,0.0,0.1,0.14,0.11,0.12,0.09,0.12,0.12,0.08,0.09,0.0,0.07,0.08,0.08,0.13,0.15,0.11,0.14,0.11,0.09,0.0,5.51,-0.21,6.68,6.51,3.3,9.02,7.8,9.02,12.13,Jogging
7,0.24,0.11,0.12,0.1,0.14,0.06,0.08,0.08,0.08,0.0,0.14,0.06,0.07,0.07,0.11,0.1,0.17,0.1,0.13,0.0,0.08,0.06,0.05,0.11,0.07,0.13,0.18,0.18,0.12,0.0,6.58,0.21,8.65,7.37,3.15,10.99,9.1,10.99,14.59,Jogging
7,0.16,0.17,0.1,0.13,0.11,0.07,0.07,0.07,0.09,0.0,0.08,0.13,0.1,0.09,0.1,0.14,0.13,0.14,0.07,0.0,0.11,0.07,0.13,0.08,0.08,0.13,0.1,0.13,0.09,0.0,5.81,0.13,8.27,5.9,4.13,10.39,7.16,10.39,13.46,Jogging
7,0.08,0.09,0.13,0.11,0.09,0.1,0.09,0.11,0.14,0.0,0.08,0.07,0.08,0.05,0.09,0.16,0.1,0.1,0.14,0.0,0.02,0.04,0.08,0.1,0.16,0.19,0.16,0.16,0.08,0.0,8.71,0.16,6.35,6.89,2.6,8.25,8.14,8.25,13.17,Jogging
7,0.06,0.04,0.04,0.11,0.15,0.1,0.15,0.09,0.18,0.0,0.06,0.12,0.08,0.08,0.08,0.11,0.06,0.1,0.15,0.0,0.1,0.12,0.09,0.14,0.1,0.08,0.11,0.11,0.11,0.0,8.89,-0.94,5.22,7.68,3.65,7.25,8.71,7.25,13.33,Jogging
7,0.03,0.04,0.15,0.14,0.19,0.1,0.09,0.12,0.13,0.0,0.09,0.08,0.11,0.09,0.08,0.08,0.1,0.11,0.12,0.0,0.1,0.08,0.14,0.13,0.17,0.1,0.06,0.1,0.11,0.0,8.29,-0.9,4.8,7.47,3.45,6.18,8.52,6.18,12.54,Jogging
7,0.01,0.01,0.04,0.1,0.11,0.17,0.09,0.15,0.24,0.0,0.05,0.07,0.15,0.09,0.04,0.07,0.06,0.2,0.15,0.0,0.03,0.11,0.08,0.09,0.09,0.12,0.12,0.09,0.07,0.0,9.26,1.27,4.06,7.08,4.44,5.21,7.99,5.21,13.12,Jogging
7,0.0,0.0,0.02,0.06,0.07,0.1,0.12,0.27,0.32,0.0,0.05,0.11,0.12,0.09,0.09,0.06,0.09,0.07,0.1,0.0,0.05,0.07,0.08,0.1,0.14,0.16,0.14,0.15,0.09,0.0,8.87,-0.19,3.36,7.8,2.88,4.13,8.67,4.13,11.88,Jogging
7,0.0,0.02,0.08,0.12,0.14,0.16,0.1,0.18,0.13,0.0,0.06,0.09,0.1,0.08,0.08,0.11,0.08,0.09,0.15,0.0,0.09,0.11,0.13,0.15,0.07,0.08,0.07,0.1,0.09,0.0,9.02,0.14,3.82,7.45,4.73,4.88,8.44,4.88,13.14,Jogging
7,0.06,0.16,0.17,0.12,0.14,0.12,0.1,0.09,0.05,0.0,0.1,0.08,0.07,0.11,0.11,0.07,0.06,0.16,0.16,0.0,0.16,0.12,0.12,0.08,0.04,0.07,0.05,0.11,0.07,0.0,8.29,0.24,6.56,7.4,5.8,8.59,8.36,8.59,14.46,Jogging
7,0.15,0.12,0.12,0.09,0.11,0.09,0.11,0.09,0.11,0.0,0.12,0.08,0.09,0.1,0.1,0.08,0.15,0.12,0.12,0.0,0.07,0.17,0.1,0.09,0.11,0.09,0.07,0.12,0.11,0.0,6.79,-0.3,7.34,6.73,4.1,9.64,8.0,9.64,13.44,Jogging
7,0.1,0.06,0.11,0.09,0.12,0.06,0.13,0.12,0.17,0.0,0.07,0.1,0.07,0.12,0.08,0.1,0.15,0.14,0.09,0.0,0.11,0.04,0.06,0.08,0.15,0.15,0.13,0.17,0.1,0.0,7.64,-0.14,6.12,6.52,3.35,8.22,7.75,8.22,12.66,Jogging
7,0.08,0.06,0.08,0.07,0.09,0.08,0.17,0.14,0.18,0.0,0.06,0.15,0.13,0.09,0.11,0.05,0.07,0.1,0.13,0.0,0.04,0.12,0.08,0.13,0.1,0.12,0.14,0.13,0.13,0.0,7.46,-0.21,5.6,7.52,3.23,7.66,8.44,7.66,12.38,Jogging
7,0.11,0.13,0.1,0.15,0.09,0.09,0.09,0.1,0.11,0.0,0.07,0.09,0.08,0.09,0.06,0.16,0.1,0.11,0.12,0.0,0.01,0.04,0.07,0.13,0.15,0.17,0.23,0.09,0.09,0.0,8.23,0.06,6.99,6.83,2.31,9.04,8.12,9.04,13.13,Jogging
7,0.23,0.14,0.12,0.12,0.08,0.08,0.06,0.11,0.07,0.0,0.13,0.09,0.12,0.09,0.14,0.15,0.14,0.07,0.04,0.0,0.03,0.04,0.15,0.15,0.15,0.14,0.16,0.09,0.05,0.0,4.85,-0.35,8.88,5.76,2.73,11.15,7.18,11.15,12.86,Jogging
7,0.23,0.14,0.15,0.13,0.06,0.07,0.05,0.05,0.07,0.0,0.24,0.2,0.14,0.09,0.08,0.12,0.06,0.03,0.01,0.0,0.02,0.1,0.07,0.14,0.13,0.12,0.1,0.1,0.16,0.0,0.21,-0.03,9.04,4.97,2.95,11.55,6.45,11.55,11.67,Jogging
7,0.08,0.1,0.14,0.05,0.16,0.21,0.11,0.09,0.03,0.05,0.05,0.03,0.06,0.13,0.11,0.08,0.14,0.17,0.15,0.1,0.07,0.05,0.11,0.05,0.05,0.06,0.21,0.2,0.14,0.08,6.45,-0.17,7.56,2.57,1.73,8.87,3.42,8.87,10.83,Walking
7,0.05,0.14,0.13,0.07,0.11,0.21,0.1,0.11,0.05,0.05,0.04,0.02,0.03,0.13,0.13,0.16,0.15,0.16,0.09,0.12,0.07,0.07,0.11,0.06,0.09,0.1,0.17,0.13,0.14,0.09,6.35,-0.17,7.73,2.42,1.92,9.09,3.33,9.09,10.97,Walking
7,0.05,0.13,0.16,0.08,0.1,0.15,0.12,0.13,0.05,0.06,0.05,0.02,0.05,0.09,0.15,0.17,0.19,0.11,0.12,0.08,0.04,0.1,0.08,0.13,0.14,0.1,0.09,0.13,0.11,0.12,6.18,-0.15,7.69,2.37,2.01,9.05,3.36,9.05,10.87,Walking
7,0.12,0.12,0.14,0.09,0.07,0.12,0.14,0.08,0.08,0.07,0.06,0.03,0.1,0.07,0.06,0.13,0.25,0.12,0.09,0.12,0.12,0.06,0.1,0.07,0.11,0.13,0.09,0.1,0.14,0.1,6.35,-0.16,7.53,2.48,2.25,9.16,3.47,9.16,10.93,Walking
7,0.08,0.13,0.09,0.1,0.14,0.12,0.12,0.07,0.12,0.06,0.07,0.08,0.09,0.06,0.09,0.14,0.14,0.12,0.12,0.11,0.04,0.1,0.13,0.09,0.15,0.1,0.1,0.11,0.12,0.08,6.22,-0.34,7.83,2.89,1.9,9.35,3.98,9.35,11.1,Walking
7,0.12,0.08,0.09,0.16,0.07,0.11,0.15,0.07,0.09,0.08,0.07,0.08,0.09,0.12,0.1,0.1,0.11,0.13,0.1,0.12,0.1,0.08,0.1,0.11,0.12,0.07,0.11,0.14,0.09,0.1,6.17,-0.33,8.24,3.0,2.05,9.73,4.16,9.73,11.44,Walking
7,0.15,0.08,0.09,0.16,0.06,0.06,0.11,0.11,0.09,0.11,0.06,0.12,0.09,0.08,0.09,0.09,0.13,0.11,0.11,0.12,0.12,0.13,0.09,0.11,0.06,0.11,0.11,0.09,0.08,0.11,6.37,-0.47,8.29,3.35,2.15,9.85,4.56,9.85,11.68,Walking
7,0.14,0.07,0.1,0.14,0.07,0.07,0.13,0.08,0.08,0.13,0.07,0.06,0.11,0.13,0.05,0.14,0.13,0.07,0.13,0.14,0.13,0.1,0.07,0.11,0.09,0.12,0.11,0.12,0.1,0.09,6.3,-0.45,8.48,3.11,2.04,10.14,4.1,10.14,11.77,Walking
7,0.12,0.07,0.1,0.11,0.1,0.1,0.13,0.08,0.09,0.1,0.06,0.04,0.15,0.09,0.14,0.12,0.1,0.09,0.15,0.09,0.12,0.09,0.1,0.07,0.08,0.15,0.09,0.1,0.11,0.11,6.01,-0.13,8.7,2.75,2.42,10.27,3.82,10.27,11.82,Walking
7,0.14,0.09,0.1,0.08,0.07,0.1,0.1,0.12,0.1,0.1,0.13,0.08,0.1,0.1,0.06,0.12,0.12,0.12,0.09,0.11,0.11,0.15,0.07,0.07,0.07,0.09,0.14,0.13,0.11,0.09,5.77,-0.29,8.61,3.07,2.23,10.17,4.3,10.17,11.7,Walking
7,0.15,0.07,0.12,0.08,0.09,0.09,0.1,0.11,0.13,0.08,0.1,0.12,0.11,0.1,0.13,0.08,0.1,0.06,0.12,0.11,0.1,0.1,0.1,0.15,0.11,0.08,0.08,0.12,0.09,0.09,5.65,-0.46,8.53,3.05,2.07,10.14,4.17,10.14,11.55,Walking
7,0.11,0.1,0.1,0.11,0.08,0.11,0.07,0.09,0.13,0.11,0.11,0.15,0.09,0.09,0.11,0.1,0.07,0.08,0.12,0.11,0.12,0.11,0.15,0.1,0.1,0.1,0.07,0.09,0.09,0.1,5.65,-0.43,8.61,3.09,2.24,10.28,4.16,10.28,11.62,Walking
7,0.13,0.09,0.09,0.12,0.1,0.06,0.1,0.1,0.11,0.11,0.13,0.12,0.1,0.09,0.11,0.09,0.1,0.1,0.09,0.09,0.12,0.14,0.12,0.12,0.09,0.09,0.08,0.09,0.08,0.1,5.52,-0.54,8.43,3.04,2.15,10.1,4.27,10.1,11.41,Walking
7,0.1,0.11,0.1,0.09,0.1,0.09,0.1,0.13,0.09,0.12,0.1,0.13,0.11,0.11,0.1,0.12,0.1,0.07,0.08,0.09,0.08,0.13,0.1,0.09,0.13,0.09,0.1,0.09,0.1,0.12,5.36,-0.13,8.51,2.69,2.37,10.14,3.82,10.14,11.31,Walking
7,0.1,0.12,0.07,0.09,0.11,0.11,0.12,0.09,0.12,0.07,0.11,0.12,0.07,0.09,0.12,0.1,0.12,0.12,0.09,0.08,0.12,0.11,0.11,0.06,0.1,0.12,0.11,0.13,0.1,0.08,5.51,-0.42,8.3,2.82,2.16,9.9,4.05,9.9,11.3,Walking
7,0.1,0.1,0.09,0.1,0.11,0.07,0.07,0.15,0.08,0.13,0.13,0.1,0.12,0.12,0.06,0.07,0.07,0.14,0.1,0.11,0.1,0.1,0.14,0.08,0.12,0.1,0.08,0.09,0.11,0.1,5.63,-0.31,8.61,3.1,2.24,10.27,4.14,10.27,11.6,Walking
7,0.13,0.08,0.11,0.12,0.09,0.08,0.05,0.13,0.11,0.11,0.14,0.15,0.1,0.07,0.09,0.06,0.12,0.08,0.12,0.1,0.13,0.12,0.1,0.09,0.14,0.11,0.07,0.05,0.11,0.1,5.53,-0.32,8.38,3.12,2.43,10.06,4.27,10.06,11.41,Walking
7,0.12,0.11,0.07,0.09,0.09,0.11,0.06,0.13,0.11,0.11,0.12,0.12,0.16,0.08,0.06,0.1,0.09,0.12,0.08,0.1,0.15,0.14,0.07,0.13,0.1,0.1,0.07,0.08,0.08,0.11,5.37,-0.44,8.66,2.99,2.47,10.34,4.22,10.34,11.71,Walking
7,0.1,0.1,0.1,0.09,0.11,0.09,0.09,0.09,0.14,0.08,0.16,0.1,0.13,0.07,0.11,0.12,0.05,0.1,0.08,0.1,0.16,0.13,0.1,0.09,0.07,0.09,0.12,0.07,0.09,0.12,5.36,-0.36,8.56,3.04,2.48,10.18,4.29,10.18,11.58,Walking
7,0.11,0.1,0.07,0.12,0.09,0.06,0.08,0.16,0.15,0.08,0.12,0.12,0.11,0.11,0.1,0.11,0.07,0.08,0.1,0.11,0.1,0.09,0.07,0.09,0.14,0.12,0.1,0.13,0.08,0.1,5.51,-0.36,8.79,3.06,2.03,10.39,4.2,10.39,11.62,Walking
7,0.09,0.11,0.07,0.11,0.1,0.11,0.09,0.11,0.1,0.12,0.15,0.12,0.13,0.11,0.08,0.09,0.06,0.08,0.1,0.1,0.08,0.1,0.08,0.1,0.12,0.14,0.1,0.07,0.11,0.11,5.24,-0.14,8.63,3.09,2.32,10.22,4.22,10.22,11.45,Walking
7,0.1,0.11,0.07,0.1,0.13,0.09,0.11,0.1,0.11,0.09,0.12,0.15,0.1,0.1,0.15,0.08,0.07,0.08,0.08,0.1,0.08,0.11,0.11,0.09,0.13,0.16,0.07,0.1,0.08,0.1,5.11,-0.4,8.53,2.83,2.05,10.12,3.99,10.12,11.22,Walking
7,0.07,0.12,0.08,0.11,0.11,0.11,0.14,0.09,0.1,0.08,0.12,0.1,0.13,0.13,0.13,0.05,0.08,0.08,0.09,0.11,0.1,0.11,0.07,0.09,0.16,0.14,0.08,0.06,0.08,0.12,5.29,-0.24,8.53,2.89,2.32,10.06,3.92,10.06,11.34,Walking
7,0.07,0.12,0.09,0.08,0.14,0.09,0.07,0.12,0.09,0.13,0.09,0.16,0.1,0.13,0.11,0.1,0.07,0.06,0.09,0.11,0.11,0.1,0.09,0.12,0.14,0.08,0.09,0.07,0.1,0.12,5.32,-0.14,8.56,2.88,2.48,10.14,4.05,10.14,11.43,Walking
7,0.08,0.09,0.08,0.12,0.13,0.08,0.09,0.1,0.14,0.1,0.12,0.14,0.09,0.09,0.14,0.12,0.08,0.06,0.1,0.08,0.08,0.1,0.11,0.11,0.11,0.1,0.1,0.09,0.11,0.12,5.22,0.05,8.81,2.66,2.61,10.27,3.77,10.27,11.48,Walking
7,0.09,0.11,0.11,0.09,0.11,0.06,0.1,0.11,0.14,0.09,0.15,0.09,0.14,0.11,0.13,0.07,0.07,0.1,0.07,0.09,0.08,0.09,0.09,0.14,0.16,0.11,0.1,0.06,0.1,0.1,5.17,-0.33,8.66,2.81,2.1,10.27,3.91,10.27,11.33,Walking
7,0.06,0.14,0.11,0.07,0.14,0.07,0.1,0.1,0.13,0.09,0.11,0.16,0.09,0.14,0.09,0.07,0.06,0.1,0.12,0.08,0.07,0.07,0.15,0.06,0.11,0.15,0.11,0.08,0.13,0.09,5.18,-0.34,8.42,2.73,1.94,10.1,3.68,10.1,11.08,Walking
7,0.02,0.07,0.07,0.06,0.07,0.1,0.03,0.05,0.05,0.04,0.05,0.06,0.05,0.04,0.07,0.04,0.06,0.08,0.07,0.03,0.06,0.06,0.06,0.04,0.02,0.03,0.06,0.07,0.08,0.08,2.93,0.3,4.21,1.61,1.62,9.2,4.02,9.2,5.79,Walking
7,0.0,0.0,0.02,0.1,0.13,0.18,0.13,0.1,0.12,0.23,0.09,0.09,0.12,0.09,0.07,0.06,0.09,0.14,0.11,0.07,0.11,0.12,0.06,0.06,0.06,0.15,0.14,0.09,0.1,0.14,9.06,0.49,3.94,7.48,5.4,4.81,8.39,4.81,13.38,Jogging
7,0.01,0.01,0.1,0.17,0.12,0.13,0.15,0.11,0.11,0.12,0.08,0.1,0.12,0.07,0.09,0.05,0.09,0.15,0.09,0.08,0.12,0.08,0.09,0.09,0.08,0.12,0.11,0.11,0.12,0.11,9.16,0.06,4.9,7.57,5.48,6.24,8.51,6.24,14.03,Jogging
7,0.08,0.11,0.12,0.11,0.08,0.1,0.11,0.08,0.12,0.1,0.08,0.09,0.11,0.12,0.09,0.08,0.14,0.09,0.09,0.05,0.08,0.11,0.1,0.09,0.1,0.1,0.09,0.11,0.15,0.1,8.07,0.25,7.28,6.88,5.4,9.43,7.94,9.43,14.23,Jogging
7,0.15,0.12,0.1,0.07,0.12,0.11,0.1,0.1,0.08,0.09,0.11,0.07,0.08,0.14,0.11,0.11,0.11,0.08,0.09,0.07,0.1,0.09,0.17,0.1,0.06,0.06,0.12,0.11,0.11,0.1,7.64,-0.18,8.14,6.73,5.52,10.53,8.07,10.53,14.95,Jogging
7,0.2,0.13,0.1,0.07,0.07,0.07,0.1,0.11,0.12,0.06,0.09,0.11,0.1,0.12,0.12,0.14,0.1,0.06,0.08,0.06,0.1,0.14,0.12,0.12,0.07,0.1,0.04,0.1,0.14,0.09,6.99,-0.55,8.82,6.22,5.64,11.36,7.54,11.36,14.75,Jogging
7,0.16,0.08,0.08,0.12,0.11,0.08,0.09,0.1,0.06,0.14,0.13,0.11,0.1,0.08,0.07,0.11,0.16,0.11,0.11,0.02,0.01,0.08,0.1,0.1,0.2,0.18,0.17,0.1,0.05,0.03,6.74,-0.72,8.04,6.73,3.16,10.37,7.92,10.37,13.45,Jogging
7,0.1,0.08,0.12,0.12,0.13,0.07,0.09,0.08,0.12,0.11,0.1,0.09,0.09,0.09,0.11,0.12,0.11,0.06,0.14,0.05,0.06,0.09,0.06,0.12,0.14,0.13,0.19,0.09,0.08,0.07,7.92,-0.49,7.37,7.07,4.21,9.53,8.37,9.53,14.09,Jogging
7,0.09,0.12,0.12,0.11,0.08,0.09,0.1,0.13,0.11,0.08,0.1,0.06,0.12,0.1,0.13,0.1,0.09,0.08,0.13,0.06,0.09,0.13,0.1,0.11,0.11,0.07,0.07,0.15,0.09,0.1,7.98,-0.23,7.31,6.91,5.52,9.66,8.04,9.66,14.41,Jogging
7,0.11,0.15,0.09,0.08,0.12,0.11,0.1,0.1,0.07,0.09,0.07,0.15,0.09,0.12,0.11,0.14,0.07,0.1,0.08,0.05,0.16,0.12,0.08,0.09,0.06,0.07,0.06,0.12,0.13,0.13,6.92,-0.51,8.01,6.39,6.3,10.3,7.61,10.3,14.41,Jogging
7,0.1,0.07,0.15,0.11,0.12,0.13,0.07,0.11,0.08,0.07,0.09,0.13,0.11,0.12,0.08,0.08,0.1,0.15,0.06,0.06,0.13,0.11,0.09,0.09,0.07,0.11,0.11,0.08,0.11,0.13,7.41,-0.24,7.55,7.0,5.89,9.68,8.01,9.68,14.3,Jogging
7,0.1,0.13,0.13,0.09,0.09,0.09,0.09,0.1,0.11,0.1,0.12,0.12,0.08,0.1,0.1,0.09,0.09,0.12,0.13,0.04,0.13,0.1,0.13,0.11,0.08,0.1,0.09,0.08,0.09,0.11,7.19,-0.84,7.74,7.02,5.67,10.0,8.15,10.0,14.46,Jogging
7,0.1,0.14,0.09,0.1,0.12,0.06,0.12,0.13,0.12,0.05,0.13,0.1,0.11,0.14,0.1,0.1,0.12,0.11,0.08,0.03,0.12,0.08,0.12,0.11,0.13,0.1,0.06,0.08,0.08,0.13,5.93,-0.43,7.39,6.14,5.79,9.79,7.34,9.79,13.53,Jogging
7,0.09,0.09,0.15,0.12,0.1,0.08,0.13,0.11,0.08,0.07,0.1,0.11,0.11,0.07,0.09,0.1,0.08,0.12,0.13,0.04,0.13,0.14,0.09,0.12,0.11,0.05,0.05,0.1,0.11,0.13,7.75,-0.44,7.46,7.26,6.29,9.65,8.36,9.65,14.83,Jogging
7,0.12,0.19,0.07,0.05,0.09,0.11,0.07,0.07,0.13,0.12,0.13,0.09,0.06,0.12,0.16,0.14,0.08,0.07,0.12,0.04,0.09,0.06,0.08,0.15,0.15,0.11,0.09,0.11,0.09,0.09,6.47,-0.34,8.21,6.16,4.88,10.6,7.65,10.6,13.9,Jogging
7,0.03,0.04,0.03,0.03,0.02,0.02,0.04,0.03,0.05,0.03,0.04,0.04,0.04,0.01,0.04,0.04,0.04,0.03,0.02,0.01,0.03,0.01,0.02,0.03,0.04,0.04,0.07,0.04,0.04,0.01,1.8,0.06,2.22,2.06,1.26,9.79,8.27,9.79,3.81,Jogging
7,0.04,0.1,0.13,0.09,0.12,0.11,0.2,0.07,0.07,0.08,0.1,0.08,0.07,0.09,0.09,0.12,0.16,0.1,0.11,0.1,0.02,0.05,0.1,0.1,0.08,0.06,0.12,0.23,0.19,0.07,8.01,0.25,6.45,3.12,1.89,8.15,4.12,8.15,11.25,Walking
7,0.03,0.09,0.08,0.13,0.12,0.09,0.16,0.14,0.08,0.09,0.08,0.08,0.07,0.15,0.11,0.12,0.14,0.1,0.08,0.09,0.07,0.06,0.09,0.12,0.11,0.1,0.15,0.11,0.09,0.13,7.75,0.18,6.97,2.91,2.43,8.55,3.92,8.55,11.55,Walking
7,0.05,0.04,0.13,0.13,0.1,0.09,0.16,0.1,0.14,0.07,0.06,0.12,0.11,0.12,0.09,0.09,0.16,0.11,0.07,0.09,0.13,0.09,0.1,0.15,0.07,0.09,0.11,0.08,0.1,0.11,7.71,-0.17,6.95,3.03,2.59,8.61,3.97,8.61,11.53,Walking
7,0.05,0.08,0.16,0.15,0.1,0.09,0.12,0.07,0.07,0.13,0.11,0.1,0.06,0.12,0.09,0.11,0.13,0.09,0.11,0.1,0.1,0.11,0.14,0.1,0.09,0.12,0.1,0.09,0.07,0.1,7.89,-0.36,6.22,3.26,2.24,8.22,4.19,8.22,11.32,Walking
7,0.14,0.2,0.17,0.09,0.08,0.06,0.06,0.09,0.08,0.06,0.16,0.07,0.03,0.11,0.11,0.11,0.09,0.07,0.14,0.14,0.08,0.13,0.16,0.06,0.08,0.09,0.11,0.11,0.08,0.12,8.22,-0.24,5.18,3.78,2.37,7.01,4.69,7.01,10.96,Walking
7,0.05,0.06,0.11,0.14,0.11,0.08,0.11,0.14,0.12,0.08,0.08,0.09,0.08,0.11,0.15,0.13,0.11,0.08,0.11,0.08,0.09,0.11,0.09,0.14,0.08,0.13,0.11,0.09,0.1,0.09,7.85,-0.25,7.07,3.07,2.21,8.85,4.06,8.85,11.64,Walking
7,0.16,0.05,0.1,0.07,0.13,0.06,0.07,0.13,0.13,0.12,0.08,0.16,0.09,0.1,0.13,0.1,0.11,0.07,0.08,0.11,0.06,0.13,0.18,0.13,0.13,0.11,0.06,0.07,0.06,0.1,7.66,-0.39,7.21,3.44,2.23,8.99,4.58,8.99,11.61,Walking
7,0.06,0.1,0.11,0.07,0.12,0.13,0.13,0.09,0.12,0.08,0.11,0.1,0.08,0.12,0.1,0.13,0.1,0.09,0.07,0.11,0.08,0.1,0.13,0.09,0.09,0.12,0.14,0.07,0.1,0.11,7.61,-0.01,6.87,3.23,2.46,8.58,4.26,8.58,11.44,Walking
7,0.09,0.05,0.09,0.12,0.11,0.1,0.09,0.11,0.11,0.14,0.12,0.07,0.13,0.12,0.08,0.09,0.13,0.08,0.1,0.1,0.08,0.12,0.1,0.07,0.11,0.11,0.13,0.11,0.09,0.1,7.61,-0.16,7.42,3.43,2.27,9.25,4.42,9.25,11.92,Walking
7,0.09,0.06,0.07,0.11,0.13,0.09,0.1,0.15,0.11,0.1,0.1,0.08,0.14,0.11,0.09,0.14,0.11,0.08,0.08,0.11,0.09,0.07,0.09,0.07,0.12,0.13,0.17,0.09,0.09,0.12,7.64,0.1,7.3,3.2,2.48,8.86,4.26,8.86,11.73,Walking
7,0.06,0.1,0.07,0.09,0.1,0.13,0.07,0.12,0.14,0.12,0.13,0.1,0.13,0.09,0.1,0.08,0.11,0.09,0.12,0.08,0.05,0.14,0.12,0.11,0.09,0.07,0.16,0.1,0.08,0.11,7.43,0.06,7.56,3.33,2.49,9.27,4.25,9.27,11.8,Walking
7,0.05,0.1,0.05,0.11,0.11,0.12,0.08,0.16,0.11,0.11,0.06,0.14,0.12,0.15,0.14,0.08,0.07,0.1,0.08,0.08,0.07,0.12,0.13,0.12,0.12,0.12,0.07,0.11,0.05,0.11,7.17,-0.21,7.45,2.98,2.32,9.07,4.01,9.07,11.44,Walking
7,0.04,0.1,0.07,0.1,0.11,0.1,0.08,0.12,0.16,0.13,0.12,0.08,0.16,0.13,0.14,0.06,0.1,0.07,0.06,0.1,0.1,0.09,0.12,0.07,0.15,0.12,0.08,0.08,0.14,0.09,7.09,-0.13,7.64,3.2,2.37,9.3,4.3,9.3,11.61,Walking
7,0.08,0.07,0.05,0.09,0.13,0.13,0.05,0.13,0.15,0.13,0.11,0.12,0.13,0.14,0.09,0.11,0.08,0.09,0.09,0.07,0.09,0.11,0.1,0.11,0.13,0.11,0.09,0.1,0.09,0.11,7.03,-0.25,7.82,3.12,2.23,9.48,4.15,9.48,11.7,Walking
7,0.04,0.09,0.08,0.1,0.14,0.09,0.07,0.14,0.13,0.15,0.11,0.15,0.18,0.11,0.09,0.07,0.09,0.1,0.03,0.09,0.07,0.12,0.1,0.18,0.11,0.1,0.09,0.07,0.11,0.08,6.74,-0.37,7.68,3.19,2.11,9.37,4.31,9.37,11.41,Walking
7,0.05,0.09,0.08,0.06,0.12,0.13,0.06,0.12,0.15,0.15,0.1,0.16,0.19,0.11,0.08,0.09,0.08,0.07,0.04,0.1,0.09,0.12,0.1,0.14,0.14,0.08,0.12,0.04,0.11,0.08,6.73,-0.38,7.84,3.2,2.19,9.48,4.31,9.48,11.53,Walking
7,0.05,0.06,0.08,0.08,0.08,0.14,0.09,0.12,0.16,0.16,0.1,0.17,0.11,0.12,0.14,0.09,0.04,0.07,0.07,0.12,0.14,0.11,0.09,0.08,0.11,0.13,0.1,0.04,0.1,0.13,7.19,-0.11,8.16,3.62,2.73,9.78,4.81,9.78,12.17,Walking
7,0.08,0.08,0.04,0.09,0.08,0.14,0.09,0.13,0.13,0.17,0.1,0.22,0.13,0.11,0.09,0.08,0.08,0.06,0.07,0.09,0.11,0.11,0.1,0.12,0.09,0.14,0.13,0.02,0.1,0.11,6.71,-0.37,8.15,3.25,2.19,9.76,4.33,9.76,11.73,Walking
7,0.06,0.11,0.12,0.13,0.11,0.1,0.1,0.08,0.09,0.12,0.09,0.11,0.15,0.11,0.12,0.06,0.07,0.1,0.11,0.1,0.13,0.11,0.09,0.06,0.08,0.1,0.11,0.12,0.14,0.09,7.47,-0.16,6.54,3.37,2.42,8.48,4.19,8.48,11.4,Walking
7,0.59,0.33,0.08,0.0,0.01,0.0,0.0,0.0,0.0,0.0,0.14,0.03,0.06,0.01,0.03,0.13,0.09,0.14,0.22,0.18,0.23,0.08,0.06,0.05,0.02,0.04,0.06,0.16,0.22,0.11,9.23,0.02,3.45,3.88,3.01,4.16,4.77,4.16,11.0,Walking
7,0.61,0.22,0.06,0.06,0.02,0.02,0.02,0.0,0.01,0.01,0.18,0.03,0.04,0.02,0.03,0.09,0.08,0.13,0.26,0.17,0.24,0.06,0.05,0.06,0.05,0.06,0.06,0.17,0.15,0.13,9.14,-0.03,4.01,4.14,2.93,4.76,5.09,4.76,11.16,Walking
7,0.11,0.09,0.12,0.14,0.11,0.11,0.14,0.08,0.06,0.05,0.12,0.08,0.05,0.03,0.13,0.16,0.07,0.14,0.14,0.11,0.07,0.09,0.1,0.06,0.12,0.09,0.16,0.13,0.1,0.1,8.43,-0.01,5.47,3.43,2.21,6.94,4.42,6.94,11.0,Walking
7,0.06,0.1,0.11,0.12,0.09,0.1,0.16,0.1,0.11,0.06,0.06,0.11,0.07,0.07,0.13,0.12,0.14,0.15,0.06,0.11,0.11,0.08,0.08,0.15,0.07,0.14,0.08,0.1,0.11,0.1,8.08,-0.18,6.52,3.01,2.29,8.24,4.01,8.24,11.48,Walking
7,0.04,0.1,0.14,0.12,0.09,0.11,0.13,0.09,0.14,0.04,0.09,0.07,0.08,0.15,0.13,0.12,0.11,0.12,0.09,0.08,0.08,0.08,0.09,0.09,0.12,0.14,0.1,0.12,0.1,0.09,7.55,-0.08,6.42,2.82,2.27,8.21,3.66,8.21,11.17,Walking
7,0.01,0.1,0.14,0.1,0.08,0.13,0.14,0.15,0.09,0.07,0.09,0.1,0.07,0.15,0.08,0.09,0.12,0.12,0.11,0.09,0.05,0.06,0.1,0.1,0.14,0.15,0.1,0.13,0.1,0.1,7.79,0.04,6.72,3.27,2.14,8.4,4.24,8.4,11.34,Walking
7,0.02,0.09,0.15,0.12,0.11,0.12,0.17,0.1,0.07,0.06,0.09,0.08,0.08,0.12,0.1,0.09,0.11,0.14,0.1,0.11,0.07,0.08,0.13,0.11,0.05,0.12,0.16,0.11,0.08,0.12,8.03,0.07,6.14,3.21,2.34,7.82,4.12,7.82,11.14,Walking
7,0.0,0.07,0.16,0.13,0.14,0.2,0.1,0.03,0.03,0.02,0.04,0.07,0.07,0.04,0.07,0.07,0.1,0.19,0.18,0.05,0.25,0.13,0.06,0.09,0.06,0.02,0.09,0.07,0.07,0.05,7.5,-1.37,3.81,2.59,1.94,5.59,3.58,5.59,9.18,Walking
7,0.13,0.13,0.12,0.14,0.13,0.08,0.07,0.09,0.05,0.08,0.09,0.08,0.06,0.1,0.1,0.08,0.12,0.1,0.15,0.15,0.09,0.08,0.06,0.08,0.08,0.09,0.12,0.17,0.13,0.11,7.79,-0.52,5.96,2.75,1.85,6.79,3.42,6.79,10.49,Upstairs
7,0.07,0.1,0.11,0.09,0.07,0.12,0.14,0.14,0.09,0.09,0.11,0.11,0.09,0.1,0.1,0.11,0.15,0.07,0.08,0.09,0.09,0.11,0.05,0.11,0.11,0.12,0.14,0.1,0.09,0.11,6.76,-0.8,7.1,2.31,1.55,7.86,2.81,7.86,10.27,Upstairs
7,0.09,0.09,0.09,0.08,0.13,0.1,0.09,0.07,0.17,0.11,0.12,0.09,0.14,0.07,0.11,0.1,0.09,0.14,0.07,0.08,0.13,0.08,0.12,0.11,0.12,0.12,0.09,0.07,0.06,0.11,6.67,-1.0,7.27,2.41,1.8,8.12,2.92,8.12,10.54,Upstairs
7,0.1,0.09,0.09,0.09,0.08,0.1,0.12,0.1,0.11,0.15,0.09,0.11,0.12,0.15,0.1,0.11,0.06,0.1,0.1,0.07,0.09,0.15,0.15,0.11,0.11,0.07,0.09,0.09,0.09,0.08,6.67,-1.13,7.43,2.43,1.66,8.41,3.05,8.41,10.6,Upstairs
7,0.06,0.06,0.05,0.05,0.06,0.07,0.05,0.05,0.06,0.03,0.05,0.06,0.04,0.04,0.05,0.06,0.05,0.06,0.04,0.09,0.06,0.04,0.07,0.07,0.03,0.05,0.03,0.05,0.09,0.06,3.72,-0.38,3.29,1.94,0.99,7.21,4.79,7.21,5.27,Upstairs
7,0.11,0.11,0.11,0.08,0.08,0.1,0.1,0.09,0.14,0.08,0.09,0.06,0.12,0.09,0.12,0.09,0.13,0.1,0.11,0.09,0.1,0.1,0.07,0.12,0.11,0.11,0.11,0.12,0.1,0.08,7.0,-0.91,6.88,3.3,1.36,8.27,4.1,8.27,10.75,Downstairs
7,0.09,0.11,0.09,0.11,0.12,0.09,0.12,0.08,0.08,0.12,0.1,0.07,0.12,0.09,0.12,0.13,0.08,0.11,0.1,0.1,0.1,0.12,0.1,0.09,0.09,0.13,0.07,0.07,0.12,0.1,6.89,-0.71,6.92,3.28,1.73,8.31,4.1,8.31,10.79,Downstairs
7,0.07,0.04,0.08,0.08,0.07,0.1,0.05,0.09,0.05,0.08,0.08,0.12,0.05,0.08,0.04,0.06,0.06,0.06,0.07,0.08,0.07,0.04,0.1,0.08,0.06,0.04,0.09,0.07,0.05,0.1,4.53,-0.41,4.86,2.65,1.19,8.3,5.05,8.3,7.39,Downstairs
7,0.07,0.11,0.13,0.07,0.12,0.11,0.11,0.08,0.13,0.09,0.1,0.07,0.1,0.09,0.11,0.09,0.14,0.08,0.1,0.14,0.09,0.09,0.06,0.11,0.14,0.09,0.11,0.11,0.1,0.11,5.82,-0.7,8.33,2.23,1.94,9.19,2.8,9.19,10.84,Upstairs
7,0.11,0.07,0.08,0.13,0.09,0.1,0.12,0.12,0.1,0.11,0.1,0.09,0.12,0.08,0.12,0.09,0.1,0.1,0.11,0.11,0.09,0.12,0.1,0.09,0.11,0.07,0.12,0.13,0.11,0.08,5.65,-0.9,8.38,2.26,1.76,9.27,2.81,9.27,10.7,Upstairs
7,0.1,0.12,0.15,0.09,0.07,0.09,0.11,0.08,0.07,0.14,0.09,0.12,0.09,0.1,0.14,0.09,0.08,0.12,0.09,0.1,0.11,0.1,0.13,0.09,0.08,0.1,0.11,0.09,0.12,0.09,5.54,-0.83,8.23,2.15,2.0,9.27,2.74,9.27,10.59,Upstairs
7,0.11,0.12,0.08,0.1,0.12,0.09,0.08,0.13,0.1,0.09,0.1,0.09,0.12,0.11,0.09,0.13,0.08,0.11,0.1,0.08,0.1,0.1,0.11,0.14,0.08,0.09,0.11,0.1,0.08,0.1,5.48,-0.84,8.16,2.05,1.91,9.12,2.56,9.12,10.46,Upstairs
7,0.06,0.04,0.02,0.04,0.06,0.03,0.04,0.07,0.05,0.03,0.05,0.06,0.04,0.04,0.03,0.04,0.06,0.04,0.06,0.02,0.06,0.03,0.04,0.04,0.04,0.05,0.06,0.02,0.04,0.06,2.27,-0.38,3.48,1.38,0.85,9.21,4.14,9.21,4.44,Upstairs
7,0.12,0.08,0.12,0.08,0.1,0.1,0.11,0.1,0.12,0.11,0.09,0.12,0.08,0.11,0.08,0.12,0.09,0.12,0.09,0.13,0.12,0.11,0.09,0.12,0.06,0.09,0.12,0.09,0.1,0.12,3.55,-1.03,9.28,3.26,1.88,10.42,4.06,10.42,11.15,Downstairs
7,0.1,0.1,0.08,0.11,0.1,0.14,0.11,0.09,0.09,0.1,0.14,0.09,0.08,0.08,0.12,0.12,0.11,0.09,0.1,0.09,0.08,0.1,0.1,0.11,0.12,0.11,0.08,0.14,0.08,0.1,3.14,-0.93,9.28,3.15,1.69,10.42,3.99,10.42,10.89,Downstairs
7,0.07,0.09,0.07,0.1,0.08,0.06,0.07,0.1,0.07,0.07,0.05,0.08,0.12,0.09,0.08,0.05,0.07,0.08,0.09,0.07,0.08,0.07,0.07,0.07,0.08,0.08,0.07,0.08,0.1,0.07,2.58,-0.68,7.06,2.32,1.45,10.32,3.89,10.32,8.36,Downstairs
7,0.1,0.11,0.11,0.1,0.09,0.08,0.08,0.1,0.13,0.1,0.11,0.09,0.07,0.1,0.08,0.1,0.09,0.11,0.12,0.14,0.12,0.11,0.08,0.08,0.09,0.1,0.1,0.14,0.09,0.11,4.02,-0.84,9.39,2.03,2.21,10.47,2.63,10.47,11.04,Upstairs
7,0.1,0.1,0.11,0.1,0.08,0.08,0.1,0.1,0.1,0.13,0.08,0.11,0.11,0.09,0.11,0.09,0.12,0.1,0.1,0.1,0.06,0.12,0.13,0.1,0.08,0.14,0.1,0.09,0.11,0.09,3.79,-0.75,9.42,1.73,1.85,10.48,2.23,10.48,10.81,Upstairs
7,0.1,0.09,0.06,0.11,0.12,0.13,0.12,0.11,0.1,0.08,0.1,0.12,0.14,0.08,0.1,0.1,0.09,0.11,0.11,0.07,0.15,0.1,0.08,0.09,0.09,0.11,0.11,0.08,0.1,0.12,3.46,-1.11,9.35,1.63,2.11,10.23,2.13,10.23,10.73,Upstairs
7,0.1,0.1,0.12,0.09,0.11,0.12,0.1,0.1,0.09,0.09,0.1,0.1,0.09,0.13,0.11,0.11,0.1,0.09,0.08,0.1,0.07,0.08,0.1,0.14,0.14,0.07,0.1,0.1,0.12,0.09,3.59,-0.85,8.97,1.66,1.86,10.01,2.27,10.01,10.29,Upstairs
7,0.11,0.1,0.12,0.1,0.08,0.11,0.09,0.12,0.08,0.09,0.09,0.1,0.1,0.09,0.13,0.07,0.08,0.13,0.1,0.11,0.07,0.08,0.12,0.09,0.07,0.1,0.12,0.11,0.13,0.12,2.13,-0.53,9.51,3.22,2.11,10.77,3.99,10.77,11.05,Downstairs
7,0.08,0.11,0.09,0.08,0.1,0.1,0.1,0.1,0.12,0.14,0.11,0.11,0.11,0.09,0.09,0.12,0.12,0.1,0.1,0.08,0.16,0.13,0.1,0.12,0.1,0.09,0.09,0.07,0.06,0.09,1.74,-1.44,10.16,3.06,2.02,11.36,3.82,11.36,11.55,Downstairs
7,0.07,0.06,0.06,0.07,0.09,0.06,0.07,0.06,0.07,0.04,0.06,0.05,0.06,0.07,0.06,0.07,0.07,0.05,0.07,0.08,0.04,0.05,0.05,0.05,0.09,0.09,0.05,0.08,0.08,0.06,1.47,-0.38,5.68,2.06,1.24,10.17,4.27,10.17,6.62,Downstairs
7,0.1,0.05,0.05,0.09,0.1,0.11,0.14,0.09,0.09,0.21,0.11,0.12,0.11,0.06,0.07,0.1,0.09,0.09,0.12,0.16,0.15,0.14,0.12,0.15,0.13,0.03,0.08,0.08,0.09,0.05,8.26,-1.66,5.95,4.05,2.2,6.91,4.95,6.91,11.12,Upstairs
7,0.14,0.14,0.11,0.08,0.09,0.1,0.07,0.09,0.11,0.09,0.12,0.08,0.08,0.08,0.09,0.11,0.12,0.12,0.1,0.11,0.1,0.12,0.13,0.07,0.07,0.11,0.07,0.14,0.08,0.11,8.05,-0.68,7.36,3.65,2.59,8.21,4.64,8.21,11.88,Upstairs
7,0.12,0.09,0.11,0.13,0.08,0.09,0.11,0.09,0.12,0.08,0.11,0.1,0.12,0.1,0.1,0.08,0.09,0.1,0.12,0.1,0.08,0.08,0.08,0.14,0.12,0.1,0.13,0.09,0.07,0.11,7.77,-0.54,6.91,3.67,2.27,7.64,4.53,7.64,11.18,Upstairs
7,0.06,0.13,0.1,0.11,0.14,0.1,0.1,0.12,0.12,0.05,0.09,0.06,0.13,0.14,0.11,0.11,0.08,0.14,0.08,0.09,0.11,0.09,0.07,0.08,0.11,0.15,0.13,0.09,0.08,0.12,7.8,-0.64,6.74,3.06,2.24,7.3,3.9,7.3,10.98,Upstairs
7,0.07,0.09,0.1,0.09,0.06,0.07,0.08,0.09,0.07,0.07,0.06,0.11,0.07,0.1,0.11,0.07,0.09,0.07,0.06,0.04,0.04,0.06,0.04,0.07,0.07,0.09,0.07,0.09,0.16,0.1,5.66,0.13,5.31,2.64,1.82,7.51,4.29,7.51,8.35,Upstairs
7,0.2,0.18,0.09,0.1,0.11,0.06,0.09,0.05,0.08,0.07,0.06,0.07,0.08,0.1,0.08,0.1,0.14,0.12,0.14,0.11,0.13,0.09,0.09,0.09,0.05,0.06,0.08,0.11,0.15,0.14,9.27,-0.35,4.45,3.95,2.51,5.81,4.74,5.81,11.36,Downstairs
7,0.04,0.08,0.11,0.11,0.09,0.11,0.1,0.13,0.11,0.12,0.14,0.14,0.1,0.08,0.09,0.07,0.08,0.08,0.12,0.11,0.13,0.11,0.1,0.12,0.1,0.07,0.08,0.12,0.1,0.09,7.91,-0.74,6.11,4.52,2.25,7.57,5.35,7.57,11.21,Downstairs
7,0.06,0.05,0.07,0.13,0.1,0.14,0.12,0.11,0.12,0.11,0.1,0.1,0.11,0.13,0.13,0.13,0.08,0.1,0.05,0.08,0.04,0.1,0.11,0.09,0.14,0.18,0.15,0.07,0.06,0.06,7.72,-0.65,6.07,3.63,1.73,7.37,4.71,7.37,10.75,Downstairs
7,0.01,0.03,0.05,0.07,0.14,0.09,0.25,0.11,0.17,0.09,0.02,0.02,0.04,0.05,0.14,0.19,0.25,0.14,0.08,0.09,0.0,0.02,0.03,0.06,0.1,0.12,0.2,0.23,0.15,0.1,5.67,-0.52,7.95,0.2,0.26,7.95,0.33,7.95,9.79,Standing
7,0.17,0.1,0.1,0.07,0.05,0.06,0.07,0.07,0.11,0.22,0.09,0.06,0.08,0.06,0.14,0.08,0.06,0.12,0.1,0.24,0.0,0.0,0.02,0.06,0.11,0.16,0.12,0.18,0.18,0.2,5.69,-0.42,8.01,0.37,0.34,8.02,0.46,8.02,9.86,Standing
7,0.08,0.09,0.11,0.04,0.06,0.04,0.13,0.17,0.13,0.18,0.08,0.08,0.08,0.05,0.1,0.07,0.14,0.11,0.12,0.19,0.0,0.08,0.14,0.14,0.11,0.09,0.09,0.08,0.12,0.16,5.69,-0.55,7.97,0.36,0.47,7.98,0.48,7.98,9.84,Standing
7,0.08,0.08,0.11,0.13,0.16,0.06,0.11,0.11,0.14,0.05,0.09,0.15,0.15,0.07,0.14,0.06,0.08,0.07,0.11,0.11,0.15,0.13,0.1,0.09,0.11,0.07,0.07,0.08,0.12,0.1,5.53,-0.79,8.05,0.33,0.43,8.05,0.41,8.05,9.82,Standing
7,0.08,0.09,0.12,0.12,0.14,0.06,0.12,0.1,0.13,0.06,0.12,0.13,0.1,0.13,0.07,0.1,0.12,0.09,0.09,0.06,0.08,0.19,0.14,0.12,0.12,0.12,0.08,0.03,0.07,0.07,5.49,-0.85,8.05,0.31,0.35,8.06,0.43,8.06,9.81,Standing
7,0.1,0.1,0.11,0.1,0.12,0.06,0.16,0.09,0.12,0.07,0.13,0.06,0.17,0.08,0.13,0.11,0.11,0.09,0.06,0.08,0.23,0.1,0.15,0.07,0.09,0.09,0.05,0.09,0.04,0.1,5.49,-0.86,8.08,0.3,0.51,8.08,0.39,8.08,9.84,Standing
7,0.11,0.1,0.13,0.13,0.09,0.08,0.07,0.05,0.09,0.18,0.15,0.08,0.11,0.07,0.1,0.09,0.07,0.08,0.13,0.14,0.12,0.08,0.11,0.09,0.1,0.14,0.09,0.11,0.11,0.08,5.56,-0.76,8.03,0.36,0.38,8.04,0.46,8.04,9.83,Standing
7,0.07,0.07,0.14,0.1,0.11,0.09,0.14,0.09,0.13,0.08,0.1,0.17,0.09,0.08,0.13,0.08,0.13,0.15,0.05,0.04,0.13,0.21,0.13,0.06,0.11,0.09,0.05,0.1,0.1,0.04,5.48,-0.89,8.04,0.27,0.36,8.05,0.35,8.05,9.79,Standing
7,0.13,0.1,0.11,0.05,0.08,0.12,0.12,0.13,0.15,0.04,0.16,0.16,0.1,0.08,0.08,0.08,0.11,0.11,0.09,0.05,0.11,0.25,0.11,0.11,0.06,0.08,0.03,0.08,0.07,0.12,5.45,-0.84,8.09,0.31,0.43,8.09,0.37,8.09,9.81,Standing
7,0.15,0.07,0.1,0.07,0.11,0.04,0.11,0.11,0.14,0.13,0.05,0.18,0.11,0.11,0.11,0.07,0.15,0.09,0.09,0.07,0.13,0.24,0.12,0.06,0.03,0.05,0.09,0.1,0.08,0.12,5.53,-0.81,8.05,0.27,0.47,8.06,0.33,8.06,9.82,Standing
7,0.08,0.06,0.07,0.1,0.16,0.03,0.16,0.11,0.15,0.09,0.11,0.05,0.11,0.08,0.16,0.09,0.1,0.13,0.08,0.12,0.04,0.06,0.08,0.1,0.13,0.16,0.18,0.12,0.09,0.06,5.59,-0.66,8.01,0.34,0.32,8.02,0.47,8.02,9.81,Standing
7,0.07,0.03,0.07,0.09,0.07,0.05,0.06,0.07,0.11,0.13,0.05,0.02,0.04,0.07,0.09,0.08,0.07,0.08,0.11,0.14,0.0,0.01,0.01,0.04,0.09,0.14,0.13,0.12,0.12,0.1,4.17,-0.34,5.82,1.13,0.27,7.98,1.61,7.98,7.18,Standing
7,0.01,0.0,0.0,0.0,0.0,0.0,0.0,0.0,0.02,0.93,0.21,0.14,0.17,0.11,0.09,0.08,0.0,0.03,0.05,0.15,0.01,0.0,0.0,0.01,0.01,0.0,0.01,0.01,0.02,0.9,-3.46,7.36,5.68,0.17,0.13,5.69,0.25,5.69,9.93,Sitting
7,0.01,0.0,0.0,0.0,0.0,0.01,0.01,0.06,0.8,0.12,0.02,0.04,0.45,0.21,0.18,0.07,0.0,0.03,0.01,0.02,0.0,0.01,0.0,0.0,0.0,0.01,0.01,0.14,0.69,0.15,-3.42,6.98,6.2,0.06,0.07,6.2,0.12,6.2,9.95,Sitting
7,0.04,0.04,0.0,0.06,0.04,0.02,0.01,0.19,0.38,0.24,0.19,0.16,0.15,0.1,0.12,0.1,0.0,0.05,0.06,0.08,0.09,0.06,0.02,0.06,0.01,0.05,0.03,0.08,0.39,0.22,-3.45,6.89,6.27,0.16,0.19,6.28,0.22,6.28,9.94,Sitting
7,0.05,0.15,0.0,0.39,0.41,0.01,0.0,0.0,0.0,0.0,0.47,0.53,0.01,0.0,0.0,0.0,0.0,0.0,0.0,0.0,0.5,0.51,0.0,0.0,0.0,0.0,0.0,0.0,0.0,0.0,-3.62,6.49,6.65,0.04,0.04,6.66,0.06,6.66,9.98,Sitting
7,0.13,0.11,0.0,0.13,0.34,0.09,0.04,0.12,0.03,0.03,0.29,0.3,0.09,0.05,0.02,0.05,0.0,0.06,0.06,0.09,0.28,0.34,0.09,0.07,0.07,0.05,0.04,0.05,0.02,0.01,-3.5,6.58,6.61,0.17,0.13,6.61,0.23,6.61,9.97,Sitting
7,0.04,0.05,0.0,0.09,0.33,0.22,0.08,0.13,0.07,0.01,0.01,0.01,0.06,0.1,0.16,0.28,0.0,0.13,0.11,0.15,0.01,0.04,0.09,0.14,0.21,0.18,0.14,0.07,0.12,0.03,-3.31,6.76,6.54,0.08,0.09,6.55,0.13,6.55,9.97,Sitting
7,0.03,0.0,0.0,0.0,0.12,0.24,0.35,0.26,0.01,0.01,0.01,0.01,0.01,0.04,0.07,0.2,0.0,0.28,0.29,0.12,0.01,0.01,0.01,0.01,0.05,0.22,0.38,0.3,0.03,0.01,-3.3,6.79,6.52,0.05,0.04,6.52,0.09,6.52,9.97,Sitting
7,0.0,0.0,0.0,0.0,0.05,0.11,0.41,0.45,0.0,0.0,0.0,0.0,0.0,0.04,0.11,0.32,0.0,0.32,0.19,0.03,0.0,0.0,0.0,0.01,0.02,0.07,0.33,0.58,0.01,0.0,-3.31,6.81,6.5,0.03,0.03,6.5,0.05,6.5,9.98,Sitting
7,0.12,0.06,0.0,0.04,0.14,0.1,0.17,0.38,0.01,0.01,0.03,0.01,0.02,0.04,0.06,0.25,0.0,0.21,0.15,0.23,0.01,0.04,0.05,0.08,0.07,0.08,0.14,0.49,0.05,0.02,-3.27,6.79,6.55,0.1,0.08,6.55,0.17,6.55,9.99,Sitting
7,0.14,0.07,0.0,0.15,0.39,0.12,0.07,0.07,0.01,0.0,0.0,0.01,0.03,0.07,0.08,0.19,0.0,0.17,0.17,0.3,0.0,0.03,0.05,0.12,0.13,0.23,0.21,0.22,0.03,0.0,-3.28,6.75,6.62,0.07,0.06,6.62,0.09,6.62,10.01,Sitting
7,0.31,0.17,0.0,0.27,0.23,0.01,0.01,0.01,0.0,0.0,0.01,0.01,0.04,0.05,0.07,0.13,0.0,0.19,0.23,0.29,0.04,0.1,0.11,0.2,0.29,0.18,0.06,0.04,0.0,0.0,-3.28,6.68,6.69,0.07,0.06,6.7,0.1,6.7,10.01,Sitting
7,0.19,0.3,0.0,0.28,0.2,0.02,0.02,0.01,0.0,0.0,0.0,0.0,0.01,0.04,0.09,0.18,0.0,0.32,0.22,0.16,0.0,0.09,0.13,0.34,0.29,0.09,0.06,0.01,0.0,0.0,-3.29,6.68,6.68,0.05,0.04,6.68,0.06,6.68,10.0,Sitting
7,0.14,0.14,0.0,0.19,0.13,0.03,0.01,0.01,0.0,0.0,0.01,0.01,0.01,0.01,0.03,0.08,0.0,0.17,0.18,0.18,0.02,0.05,0.06,0.21,0.16,0.1,0.04,0.02,0.0,0.0,-2.11,4.31,4.31,0.75,1.53,6.68,1.16,6.68,6.45,Sitting
19,0.45,0.08,0.08,0.11,0.11,0.1,0.06,0.02,0.0,0.0,0.0,0.01,0.11,0.19,0.14,0.07,0.08,0.04,0.09,0.24,0.17,0.08,0.09,0.11,0.09,0.12,0.08,0.11,0.07,0.1,5.96,-0.7,7.86,7.52,2.87,9.94,8.41,9.94,12.37,Jogging
19,0.47,0.05,0.08,0.09,0.11,0.09,0.08,0.04,0.01,0.0,0.0,0.04,0.16,0.13,0.08,0.08,0.04,0.04,0.07,0.22,0.3,0.12,0.07,0.03,0.06,0.05,0.12,0.05,0.06,0.15,6.91,-1.64,8.9,8.92,4.01,10.97,9.68,10.97,14.81,Jogging
19,0.09,0.09,0.1,0.18,0.1,0.12,0.11,0.13,0.07,0.0,0.02,0.07,0.12,0.14,0.08,0.06,0.03,0.08,0.11,0.2,0.1,0.17,0.15,0.11,0.08,0.1,0.07,0.08,0.08,0.07,5.91,-0.75,7.29,8.5,2.64,9.68,9.61,9.68,13.01,Jogging
19,0.04,0.15,0.11,0.09,0.1,0.09,0.11,0.06,0.1,0.0,0.1,0.09,0.04,0.09,0.12,0.06,0.08,0.1,0.2,0.13,0.16,0.12,0.13,0.07,0.08,0.07,0.07,0.12,0.09,0.11,3.09,-0.79,8.96,7.69,3.0,11.66,9.47,11.66,13.86,Jogging
19,0.04,0.12,0.1,0.14,0.06,0.1,0.1,0.13,0.09,0.0,0.08,0.17,0.09,0.12,0.1,0.12,0.09,0.1,0.1,0.05,0.06,0.11,0.1,0.08,0.11,0.08,0.13,0.08,0.13,0.13,-0.29,0.4,9.2,6.28,2.79,11.74,7.85,11.74,12.6,Jogging
19,0.07,0.09,0.11,0.1,0.09,0.1,0.1,0.14,0.1,0.0,0.1,0.15,0.06,0.11,0.12,0.09,0.12,0.1,0.12,0.05,0.04,0.09,0.04,0.08,0.13,0.12,0.13,0.13,0.16,0.11,0.15,0.44,9.28,6.41,2.39,11.75,8.15,11.75,12.59,Jogging
19,0.06,0.09,0.12,0.11,0.1,0.09,0.11,0.07,0.1,0.0,0.13,0.11,0.07,0.11,0.09,0.14,0.11,0.11,0.1,0.05,0.08,0.07,0.1,0.07,0.13,0.08,0.08,0.14,0.16,0.1,-0.16,0.15,9.28,6.58,2.65,11.95,8.38,11.95,12.82,Jogging
19,0.08,0.09,0.1,0.1,0.1,0.07,0.14,0.11,0.09,0.0,0.14,0.13,0.1,0.08,0.11,0.11,0.09,0.11,0.11,0.04,0.07,0.13,0.07,0.12,0.11,0.15,0.12,0.05,0.12,0.09,-0.79,-0.18,9.32,6.76,2.42,11.76,8.36,11.76,12.81,Jogging
19,0.06,0.15,0.11,0.09,0.08,0.09,0.1,0.06,0.11,0.0,0.14,0.08,0.1,0.08,0.1,0.13,0.11,0.15,0.06,0.08,0.07,0.14,0.09,0.08,0.15,0.08,0.08,0.16,0.08,0.09,-0.1,-0.16,9.47,6.82,2.61,12.01,8.62,12.01,13.23,Jogging
19,0.07,0.09,0.1,0.07,0.06,0.1,0.12,0.14,0.1,0.0,0.19,0.08,0.06,0.05,0.1,0.13,0.13,0.1,0.14,0.04,0.16,0.08,0.1,0.14,0.08,0.05,0.13,0.05,0.12,0.11,-0.53,-0.52,10.49,7.59,3.08,12.72,9.22,12.72,14.56,Jogging
19,0.07,0.13,0.1,0.05,0.12,0.12,0.1,0.09,0.11,0.0,0.14,0.13,0.09,0.09,0.07,0.13,0.13,0.12,0.1,0.02,0.07,0.13,0.13,0.11,0.1,0.1,0.1,0.09,0.08,0.11,-1.04,-0.24,9.07,6.73,2.74,11.53,8.14,11.53,12.75,Jogging
19,0.03,0.07,0.13,0.14,0.15,0.09,0.1,0.15,0.09,0.0,0.08,0.12,0.15,0.11,0.15,0.08,0.11,0.1,0.07,0.06,0.05,0.06,0.1,0.12,0.09,0.13,0.08,0.15,0.11,0.12,-0.12,0.73,7.9,5.74,2.93,10.54,7.43,10.54,11.4,Jogging
19,0.03,0.12,0.1,0.09,0.13,0.11,0.07,0.1,0.15,0.0,0.11,0.1,0.1,0.09,0.09,0.09,0.1,0.14,0.12,0.09,0.05,0.06,0.11,0.11,0.15,0.12,0.11,0.12,0.1,0.09,0.85,0.01,9.0,7.08,2.32,11.71,8.84,11.71,12.83,Jogging
19,0.05,0.1,0.11,0.1,0.12,0.11,0.1,0.16,0.1,0.0,0.11,0.14,0.12,0.13,0.09,0.08,0.11,0.13,0.08,0.02,0.09,0.07,0.12,0.14,0.09,0.11,0.09,0.1,0.1,0.1,-1.02,-0.09,8.64,6.08,2.73,11.11,7.56,11.11,11.98,Jogging
19,0.03,0.12,0.11,0.1,0.1,0.11,0.09,0.13,0.08,0.0,0.14,0.12,0.1,0.07,0.09,0.1,0.15,0.12,0.08,0.04,0.09,0.1,0.14,0.12,0.08,0.15,0.07,0.1,0.1,0.07,-0.78,-0.57,9.11,6.78,2.27,11.7,8.28,11.7,12.77,Jogging
19,0.05,0.09,0.09,0.09,0.11,0.12,0.1,0.11,0.1,0.0,0.16,0.1,0.12,0.06,0.08,0.16,0.12,0.09,0.1,0.05,0.06,0.09,0.12,0.12,0.1,0.1,0.13,0.13,0.07,0.09,-0.93,-0.17,9.49,7.15,2.26,12.05,8.68,12.05,13.15,Jogging
19,0.0,0.02,0.06,0.04,0.04,0.05,0.12,0.04,0.05,0.0,0.03,0.03,0.09,0.03,0.07,0.05,0.07,0.05,0.04,0.01,0.05,0.04,0.05,0.03,0.08,0.06,0.05,0.05,0.02,0.03,0.04,-0.37,4.16,2.26,0.96,11.57,6.63,11.57,5.27,Jogging
19,0.3,0.16,0.19,0.09,0.08,0.12,0.07,0.02,0.0,0.0,0.01,0.07,0.04,0.06,0.02,0.07,0.12,0.22,0.23,0.19,0.09,0.08,0.11,0.14,0.1,0.14,0.08,0.06,0.14,0.07,9.54,-0.32,3.12,3.12,1.75,4.09,3.89,4.09,10.59,Walking
19,0.38,0.19,0.11,0.07,0.06,0.08,0.08,0.04,0.01,0.0,0.03,0.09,0.05,0.07,0.06,0.04,0.12,0.18,0.19,0.18,0.12,0.12,0.16,0.11,0.12,0.07,0.04,0.07,0.1,0.11,9.32,-0.47,3.31,3.62,2.02,4.44,4.45,4.44,10.68,Walking
19,0.33,0.2,0.14,0.11,0.08,0.08,0.04,0.04,0.0,0.0,0.05,0.09,0.05,0.06,0.03,0.05,0.12,0.11,0.23,0.24,0.12,0.17,0.09,0.1,0.13,0.07,0.11,0.08,0.07,0.09,9.44,-0.45,3.13,3.85,1.93,4.15,4.52,4.15,10.7,Walking
19,0.28,0.2,0.12,0.09,0.08,0.08,0.08,0.06,0.03,0.01,0.07,0.08,0.05,0.05,0.05,0.03,0.12,0.19,0.18,0.2,0.1,0.13,0.11,0.1,0.05,0.09,0.15,0.13,0.11,0.06,9.12,-0.37,3.82,3.68,1.79,5.22,4.52,5.22,10.8,Walking
19,0.2,0.11,0.19,0.11,0.08,0.06,0.09,0.09,0.07,0.02,0.11,0.08,0.04,0.05,0.07,0.07,0.14,0.17,0.09,0.2,0.12,0.13,0.08,0.07,0.08,0.12,0.08,0.13,0.1,0.12,8.56,-0.06,4.89,3.88,2.15,6.45,4.81,6.45,10.89,Walking
19,0.15,0.09,0.18,0.11,0.1,0.05,0.13,0.08,0.07,0.07,0.12,0.08,0.06,0.05,0.05,0.09,0.18,0.13,0.08,0.18,0.13,0.12,0.09,0.11,0.08,0.13,0.09,0.09,0.08,0.1,8.09,-0.37,5.72,3.59,2.02,7.31,4.51,7.31,10.95,Walking
19,0.1,0.08,0.09,0.13,0.1,0.08,0.11,0.12,0.12,0.11,0.1,0.08,0.08,0.08,0.11,0.16,0.12,0.11,0.09,0.1,0.1,0.1,0.15,0.13,0.1,0.11,0.06,0.08,0.09,0.11,7.19,-0.28,7.13,2.87,2.08,8.74,3.75,8.74,11.17,Walking
19,0.05,0.12,0.1,0.12,0.13,0.07,0.1,0.11,0.15,0.08,0.09,0.07,0.09,0.1,0.11,0.15,0.12,0.11,0.08,0.11,0.1,0.12,0.08,0.12,0.12,0.12,0.07,0.12,0.06,0.11,7.12,-0.13,6.91,2.82,2.12,8.52,3.62,8.52,11.0,Walking
19,0.08,0.1,0.11,0.1,0.1,0.07,0.14,0.07,0.16,0.1,0.12,0.09,0.09,0.12,0.11,0.14,0.12,0.05,0.08,0.1,0.1,0.11,0.15,0.1,0.1,0.08,0.09,0.09,0.09,0.11,6.7,-0.14,7.1,2.87,2.18,8.76,3.85,8.76,10.82,Walking
19,0.07,0.06,0.1,0.1,0.13,0.09,0.13,0.1,0.13,0.11,0.08,0.11,0.12,0.13,0.12,0.13,0.08,0.08,0.09,0.07,0.05,0.13,0.12,0.19,0.11,0.07,0.07,0.07,0.11,0.1,6.54,-0.04,7.36,2.54,2.1,8.86,3.31,8.86,10.84,Walking
19,0.04,0.09,0.08,0.11,0.11,0.13,0.11,0.12,0.15,0.08,0.1,0.09,0.1,0.11,0.12,0.14,0.1,0.12,0.07,0.08,0.05,0.09,0.14,0.13,0.12,0.08,0.06,0.12,0.12,0.11,6.69,0.06,7.47,2.58,2.07,8.94,3.43,8.94,10.98,Walking
19,0.03,0.06,0.1,0.09,0.12,0.18,0.14,0.16,0.06,0.08,0.07,0.05,0.12,0.17,0.14,0.16,0.08,0.09,0.09,0.06,0.06,0.1,0.14,0.12,0.07,0.1,0.06,0.14,0.12,0.11,6.55,-0.05,7.49,2.25,1.97,8.77,3.0,8.77,10.89,Walking
19,0.05,0.04,0.14,0.08,0.12,0.13,0.12,0.1,0.13,0.12,0.07,0.09,0.12,0.17,0.13,0.13,0.11,0.06,0.07,0.08,0.08,0.12,0.09,0.11,0.07,0.13,0.13,0.06,0.1,0.14,6.47,0.28,7.6,2.46,2.61,9.06,3.31,9.06,11.15,Walking
19,0.06,0.09,0.09,0.08,0.13,0.12,0.1,0.12,0.11,0.12,0.1,0.14,0.14,0.11,0.1,0.11,0.09,0.05,0.09,0.1,0.09,0.09,0.09,0.07,0.09,0.12,0.17,0.08,0.12,0.1,6.47,0.12,7.45,2.84,2.2,9.01,3.67,9.01,10.9,Walking
19,0.05,0.07,0.07,0.13,0.11,0.09,0.11,0.14,0.13,0.11,0.11,0.09,0.14,0.12,0.11,0.06,0.11,0.09,0.13,0.06,0.07,0.08,0.07,0.06,0.12,0.13,0.14,0.16,0.11,0.08,6.58,0.08,7.74,2.81,1.95,9.19,3.5,9.19,11.05,Walking
19,0.04,0.1,0.08,0.11,0.1,0.11,0.08,0.14,0.14,0.13,0.1,0.14,0.1,0.08,0.07,0.16,0.13,0.09,0.08,0.08,0.14,0.08,0.06,0.08,0.12,0.09,0.15,0.1,0.09,0.09,6.59,-0.27,7.72,2.77,1.9,9.26,3.67,9.26,11.13,Walking
19,0.04,0.09,0.1,0.11,0.1,0.12,0.12,0.12,0.1,0.13,0.13,0.1,0.1,0.1,0.12,0.13,0.08,0.08,0.08,0.09,0.1,0.09,0.08,0.13,0.08,0.11,0.1,0.1,0.1,0.12,6.48,0.2,7.59,2.82,2.45,9.19,3.65,9.19,11.07,Walking
19,0.04,0.1,0.07,0.1,0.15,0.1,0.08,0.12,0.13,0.14,0.12,0.12,0.11,0.07,0.15,0.11,0.07,0.09,0.09,0.09,0.08,0.12,0.08,0.09,0.08,0.12,0.12,0.1,0.11,0.11,6.63,0.12,7.7,2.87,2.26,9.33,3.71,9.33,11.25,Walking
19,0.05,0.11,0.06,0.11,0.12,0.1,0.08,0.15,0.1,0.14,0.12,0.07,0.15,0.12,0.1,0.14,0.09,0.07,0.11,0.06,0.09,0.08,0.08,0.08,0.09,0.15,0.09,0.15,0.1,0.1,6.33,0.0,7.73,2.58,1.99,9.36,3.44,9.36,11.0,Walking
19,0.06,0.1,0.07,0.14,0.12,0.09,0.11,0.1,0.12,0.12,0.09,0.09,0.19,0.12,0.09,0.16,0.09,0.08,0.06,0.07,0.1,0.08,0.08,0.1,0.12,0.13,0.11,0.11,0.09,0.11,6.25,-0.09,7.37,2.42,1.99,9.02,3.32,9.02,10.71,Walking
19,0.05,0.12,0.1,0.1,0.08,0.12,0.12,0.1,0.1,0.13,0.11,0.09,0.12,0.09,0.11,0.1,0.11,0.13,0.09,0.07,0.12,0.09,0.08,0.08,0.08,0.09,0.08,0.19,0.12,0.11,6.66,0.08,7.23,2.71,2.18,8.86,3.37,8.86,10.94,Walking
19,0.03,0.11,0.11,0.1,0.1,0.11,0.09,0.11,0.12,0.14,0.13,0.11,0.11,0.11,0.15,0.11,0.08,0.07,0.06,0.09,0.1,0.07,0.08,0.11,0.09,0.14,0.14,0.08,0.12,0.08,6.22,0.01,7.46,2.61,2.09,9.09,3.43,9.09,10.79,Walking
19,0.05,0.1,0.09,0.1,0.08,0.12,0.13,0.11,0.11,0.13,0.14,0.14,0.09,0.09,0.17,0.09,0.08,0.05,0.11,0.06,0.1,0.09,0.09,0.1,0.08,0.15,0.13,0.11,0.08,0.1,6.25,-0.21,7.65,2.67,1.78,9.31,3.51,9.31,10.84,Walking
19,0.03,0.08,0.09,0.08,0.11,0.15,0.1,0.1,0.14,0.14,0.12,0.11,0.12,0.14,0.13,0.09,0.09,0.05,0.11,0.06,0.11,0.06,0.11,0.11,0.11,0.09,0.09,0.09,0.12,0.13,6.27,0.19,7.95,2.63,2.41,9.44,3.47,9.44,11.18,Walking
19,0.05,0.09,0.06,0.12,0.08,0.14,0.06,0.14,0.12,0.17,0.16,0.11,0.13,0.06,0.1,0.13,0.1,0.1,0.08,0.06,0.1,0.09,0.11,0.1,0.09,0.13,0.09,0.09,0.12,0.11,6.25,-0.02,8.06,2.79,2.14,9.65,3.65,9.65,11.2,Walking
19,0.08,0.09,0.05,0.1,0.11,0.09,0.11,0.11,0.13,0.13,0.1,0.14,0.14,0.11,0.1,0.06,0.12,0.12,0.06,0.08,0.1,0.1,0.09,0.1,0.07,0.13,0.1,0.12,0.09,0.12,6.42,-0.04,7.78,2.72,2.11,9.39,3.39,9.39,11.06,Walking
19,0.1,0.07,0.06,0.1,0.09,0.1,0.12,0.08,0.14,0.17,0.15,0.14,0.1,0.09,0.13,0.09,0.07,0.06,0.12,0.07,0.14,0.1,0.07,0.07,0.07,0.07,0.17,0.13,0.12,0.09,6.25,-0.07,8.0,2.85,2.17,9.66,3.61,9.66,11.18,Walking
19,0.06,0.1,0.11,0.09,0.09,0.08,0.1,0.1,0.1,0.19,0.14,0.17,0.11,0.11,0.09,0.1,0.07,0.08,0.07,0.08,0.13,0.1,0.1,0.08,0.09,0.1,0.1,0.13,0.08,0.11,6.13,-0.07,7.68,2.82,2.19,9.46,3.65,9.46,10.94,Walking
19,0.02,0.07,0.07,0.07,0.09,0.11,0.12,0.07,0.09,0.09,0.08,0.07,0.1,0.12,0.13,0.02,0.12,0.08,0.05,0.04,0.04,0.08,0.07,0.08,0.09,0.08,0.08,0.1,0.11,0.06,4.81,-0.09,5.96,1.8,1.33,9.18,3.3,9.18,8.32,Walking
19,0.0,0.13,0.06,0.13,0.13,0.09,0.16,0.07,0.06,0.19,0.0,0.02,0.07,0.04,0.11,0.22,0.13,0.09,0.08,0.19,0.05,0.11,0.08,0.13,0.13,0.13,0.13,0.1,0.07,0.1,6.35,-0.94,8.02,8.25,2.66,10.04,9.04,10.04,13.09,Jogging
19,0.0,0.1,0.12,0.15,0.11,0.08,0.11,0.09,0.12,0.12,0.0,0.01,0.11,0.07,0.11,0.17,0.12,0.14,0.12,0.12,0.07,0.04,0.09,0.12,0.11,0.18,0.14,0.1,0.08,0.09,5.41,-0.78,8.14,7.58,2.73,10.29,8.54,10.29,12.73,Jogging
19,0.0,0.2,0.12,0.09,0.14,0.09,0.08,0.13,0.09,0.08,0.03,0.12,0.12,0.11,0.1,0.09,0.11,0.13,0.1,0.12,0.07,0.06,0.13,0.09,0.1,0.13,0.16,0.09,0.11,0.08,2.86,-0.84,9.24,7.62,2.69,11.51,8.74,11.51,13.4,Jogging
19,0.0,0.23,0.09,0.06,0.12,0.09,0.07,0.11,0.15,0.1,0.1,0.11,0.08,0.1,0.09,0.12,0.1,0.17,0.1,0.06,0.04,0.07,0.07,0.11,0.11,0.14,0.18,0.07,0.1,0.13,1.61,-0.32,8.96,6.96,2.82,11.4,8.08,11.4,12.72,Jogging
19,0.0,0.24,0.09,0.08,0.09,0.11,0.09,0.12,0.1,0.1,0.08,0.1,0.13,0.09,0.11,0.13,0.08,0.1,0.13,0.08,0.03,0.09,0.08,0.14,0.1,0.14,0.13,0.09,0.1,0.11,1.46,-0.43,9.16,7.17,2.87,11.58,8.52,11.58,13.05,Jogging
19,0.0,0.26,0.1,0.11,0.07,0.07,0.11,0.08,0.11,0.12,0.1,0.14,0.11,0.09,0.09,0.08,0.12,0.11,0.08,0.11,0.09,0.12,0.09,0.11,0.09,0.11,0.09,0.06,0.09,0.17,1.43,-0.58,9.79,7.72,3.61,12.06,9.02,12.06,14.22,Jogging
19,0.0,0.21,0.1,0.11,0.1,0.1,0.08,0.09,0.12,0.1,0.07,0.12,0.12,0.08,0.11,0.08,0.13,0.11,0.13,0.07,0.12,0.09,0.1,0.11,0.11,0.08,0.12,0.06,0.11,0.12,2.05,-1.05,9.23,7.33,3.31,11.51,8.57,11.51,13.51,Jogging
19,0.0,0.2,0.12,0.11,0.1,0.1,0.11,0.09,0.1,0.1,0.08,0.13,0.1,0.13,0.08,0.08,0.14,0.09,0.1,0.11,0.08,0.09,0.11,0.15,0.11,0.11,0.07,0.09,0.11,0.09,1.89,-1.16,9.14,7.53,2.87,11.38,8.8,11.38,13.37,Jogging
19,0.0,0.25,0.06,0.11,0.12,0.03,0.1,0.09,0.14,0.1,0.11,0.1,0.11,0.09,0.12,0.07,0.1,0.08,0.15,0.09,0.07,0.1,0.09,0.11,0.13,0.08,0.13,0.1,0.13,0.09,1.54,-0.92,9.35,7.88,2.9,11.71,9.18,11.71,13.65,Jogging
19,0.0,0.24,0.1,0.07,0.09,0.11,0.07,0.11,0.13,0.1,0.09,0.09,0.1,0.1,0.14,0.1,0.09,0.14,0.12,0.06,0.05,0.08,0.09,0.1,0.12,0.12,0.16,0.09,0.13,0.07,1.48,-0.77,9.24,7.21,2.62,11.65,8.5,11.65,13.03,Jogging
19,0.0,0.23,0.11,0.07,0.12,0.09,0.08,0.09,0.14,0.09,0.09,0.08,0.15,0.12,0.13,0.08,0.14,0.09,0.08,0.07,0.05,0.1,0.12,0.11,0.13,0.12,0.12,0.09,0.08,0.11,0.66,-0.81,9.32,6.7,2.9,11.68,8.23,11.68,13.09,Jogging
19,0.0,0.22,0.11,0.08,0.09,0.12,0.12,0.1,0.12,0.08,0.09,0.13,0.1,0.14,0.1,0.08,0.09,0.11,0.07,0.1,0.08,0.08,0.07,0.13,0.14,0.1,0.1,0.11,0.1,0.12,1.04,-0.67,8.97,7.39,3.09,11.42,8.76,11.42,13.22,Jogging
19,0.0,0.21,0.09,0.1,0.11,0.12,0.1,0.1,0.1,0.1,0.11,0.09,0.08,0.13,0.11,0.13,0.09,0.12,0.07,0.09,0.04,0.08,0.07,0.15,0.13,0.16,0.09,0.13,0.07,0.11,0.84,-0.61,9.03,6.7,2.72,11.33,8.19,11.33,12.68,Jogging
19,0.0,0.18,0.09,0.15,0.12,0.13,0.07,0.11,0.08,0.08,0.07,0.09,0.12,0.12,0.09,0.13,0.11,0.1,0.11,0.07,0.06,0.13,0.11,0.14,0.12,0.1,0.07,0.14,0.09,0.06,1.69,-1.31,8.86,7.07,2.66,11.04,8.43,11.04,12.84,Jogging
19,0.0,0.23,0.09,0.13,0.1,0.09,0.08,0.13,0.11,0.07,0.07,0.11,0.11,0.14,0.09,0.13,0.08,0.13,0.1,0.08,0.09,0.12,0.12,0.12,0.11,0.08,0.09,0.1,0.11,0.08,1.67,-1.21,9.09,7.3,3.07,11.51,8.51,11.51,13.34,Jogging
19,0.0,0.21,0.13,0.09,0.13,0.11,0.09,0.08,0.09,0.09,0.12,0.1,0.1,0.1,0.08,0.13,0.11,0.09,0.12,0.07,0.08,0.14,0.13,0.06,0.13,0.09,0.08,0.11,0.14,0.07,1.16,-1.2,9.51,7.28,2.98,11.7,8.75,11.7,13.56,Jogging
19,0.0,0.19,0.13,0.09,0.1,0.11,0.09,0.09,0.1,0.12,0.15,0.07,0.13,0.09,0.11,0.07,0.11,0.11,0.1,0.08,0.09,0.11,0.11,0.07,0.08,0.1,0.1,0.11,0.12,0.13,1.08,-0.61,9.14,7.79,3.41,11.33,9.2,11.33,13.59,Jogging
19,0.0,0.2,0.11,0.09,0.1,0.1,0.12,0.1,0.07,0.13,0.17,0.1,0.1,0.08,0.1,0.06,0.08,0.1,0.12,0.12,0.18,0.14,0.05,0.09,0.06,0.08,0.05,0.1,0.14,0.13,1.49,-1.15,9.07,8.51,4.21,11.32,9.82,11.32,14.46,Jogging
19,0.0,0.18,0.12,0.12,0.09,0.11,0.11,0.09,0.11,0.09,0.05,0.14,0.08,0.11,0.11,0.11,0.1,0.11,0.12,0.09,0.1,0.11,0.15,0.08,0.13,0.1,0.09,0.08,0.09,0.11,2.24,-1.22,8.96,7.5,3.16,11.26,8.76,11.26,13.34,Jogging
19,0.0,0.18,0.15,0.11,0.07,0.15,0.11,0.12,0.08,0.05,0.07,0.15,0.1,0.09,0.08,0.14,0.09,0.12,0.1,0.09,0.06,0.14,0.14,0.13,0.07,0.14,0.08,0.07,0.09,0.1,1.67,-1.19,9.08,7.37,2.96,11.45,8.73,11.45,13.32,Jogging
19,0.0,0.22,0.09,0.09,0.08,0.14,0.13,0.11,0.08,0.09,0.07,0.14,0.12,0.1,0.1,0.09,0.12,0.07,0.1,0.09,0.11,0.13,0.11,0.15,0.08,0.09,0.09,0.08,0.1,0.08,1.55,-1.43,8.79,7.59,3.13,11.29,8.97,11.29,13.41,Jogging
19,0.0,0.21,0.09,0.09,0.1,0.09,0.12,0.1,0.13,0.09,0.14,0.13,0.08,0.12,0.1,0.06,0.09,0.09,0.08,0.11,0.16,0.1,0.15,0.1,0.09,0.04,0.07,0.07,0.12,0.12,1.22,-1.38,8.79,8.13,3.72,11.17,9.54,11.17,13.93,Jogging
19,0.0,0.19,0.08,0.13,0.12,0.1,0.1,0.09,0.11,0.1,0.11,0.11,0.09,0.11,0.11,0.08,0.09,0.08,0.13,0.08,0.17,0.11,0.11,0.07,0.05,0.1,0.08,0.12,0.11,0.12,2.02,-1.27,8.99,8.14,3.86,11.17,9.4,11.17,14.0,Jogging
19,0.0,0.21,0.07,0.07,0.11,0.11,0.14,0.11,0.08,0.13,0.14,0.11,0.1,0.07,0.13,0.09,0.08,0.12,0.08,0.1,0.18,0.13,0.07,0.09,0.05,0.09,0.06,0.14,0.11,0.09,1.48,-1.55,8.24,8.12,3.88,10.69,9.52,10.69,13.68,Jogging
19,0.0,0.22,0.09,0.1,0.08,0.09,0.1,0.12,0.11,0.1,0.1,0.11,0.11,0.11,0.07,0.1,0.13,0.09,0.09,0.08,0.11,0.1,0.13,0.1,0.09,0.09,0.14,0.09,0.09,0.08,1.55,-1.29,8.84,7.39,3.0,11.31,8.8,11.31,13.37,Jogging
19,0.0,0.17,0.11,0.11,0.09,0.09,0.15,0.07,0.09,0.15,0.2,0.07,0.1,0.07,0.1,0.06,0.08,0.09,0.13,0.1,0.24,0.07,0.07,0.06,0.09,0.07,0.07,0.13,0.1,0.12,1.07,-1.71,8.55,8.78,4.41,10.84,10.17,10.84,14.61,Jogging
19,0.0,0.2,0.11,0.09,0.09,0.11,0.1,0.09,0.14,0.09,0.18,0.07,0.09,0.11,0.11,0.09,0.08,0.08,0.1,0.1,0.18,0.1,0.06,0.08,0.12,0.07,0.09,0.16,0.06,0.11,0.95,-1.43,8.85,8.0,3.65,11.21,9.49,11.21,13.75,Jogging
19,0.0,0.22,0.08,0.13,0.07,0.09,0.1,0.11,0.09,0.13,0.19,0.07,0.08,0.09,0.1,0.09,0.1,0.09,0.1,0.1,0.13,0.08,0.1,0.08,0.09,0.07,0.11,0.16,0.09,0.12,0.88,-0.8,9.11,8.04,3.55,11.47,9.64,11.47,14.0,Jogging
19,0.0,0.19,0.09,0.1,0.12,0.12,0.09,0.13,0.07,0.1,0.08,0.1,0.15,0.09,0.12,0.12,0.09,0.06,0.12,0.07,0.05,0.11,0.09,0.13,0.14,0.13,0.09,0.12,0.08,0.08,1.3,-1.06,8.61,7.29,2.59,10.94,8.77,10.94,12.9,Jogging
19,0.0,0.21,0.1,0.1,0.1,0.09,0.12,0.14,0.08,0.09,0.09,0.14,0.12,0.09,0.09,0.1,0.12,0.09,0.08,0.09,0.13,0.14,0.12,0.08,0.06,0.08,0.11,0.11,0.1,0.09,1.49,-1.21,8.77,7.65,3.51,11.24,9.07,11.24,13.47,Jogging
19,0.0,0.17,0.13,0.12,0.09,0.11,0.09,0.08,0.12,0.11,0.2,0.09,0.07,0.1,0.07,0.11,0.09,0.09,0.09,0.1,0.18,0.13,0.08,0.08,0.09,0.06,0.09,0.1,0.13,0.08,0.77,-1.63,8.8,8.02,3.7,10.99,9.61,10.99,14.05,Jogging
19,0.0,0.11,0.07,0.07,0.07,0.09,0.04,0.04,0.05,0.04,0.09,0.02,0.03,0.07,0.09,0.1,0.06,0.02,0.04,0.04,0.03,0.04,0.05,0.03,0.06,0.05,0.09,0.07,0.09,0.05,-0.01,-0.04,5.11,3.39,1.7,11.49,8.33,11.49,7.1,Jogging
19,0.09,0.11,0.12,0.11,0.14,0.17,0.12,0.07,0.04,0.05,0.09,0.09,0.1,0.12,0.2,0.1,0.08,0.08,0.09,0.07,0.1,0.13,0.1,0.14,0.13,0.1,0.08,0.08,0.08,0.09,8.78,-0.35,4.41,3.91,1.87,4.91,4.89,4.91,10.71,Walking
19,0.12,0.12,0.08,0.13,0.13,0.09,0.1,0.05,0.09,0.09,0.12,0.11,0.1,0.11,0.1,0.09,0.11,0.08,0.13,0.08,0.11,0.07,0.11,0.14,0.13,0.11,0.1,0.05,0.12,0.08,8.83,-0.21,4.63,4.7,1.85,5.34,5.51,5.34,11.01,Walking
19,0.03,0.06,0.08,0.11,0.11,0.09,0.11,0.13,0.16,0.13,0.07,0.14,0.1,0.11,0.1,0.08,0.12,0.11,0.12,0.08,0.1,0.13,0.17,0.12,0.12,0.08,0.07,0.06,0.07,0.11,9.34,-0.16,3.41,4.53,2.27,3.94,5.22,3.94,10.87,Walking
19,0.06,0.09,0.1,0.11,0.11,0.11,0.1,0.08,0.1,0.16,0.09,0.12,0.1,0.13,0.03,0.1,0.13,0.17,0.06,0.11,0.06,0.1,0.12,0.1,0.07,0.07,0.11,0.15,0.15,0.1,9.43,0.21,3.78,4.58,2.03,4.34,5.3,4.34,11.01,Walking
19,0.03,0.08,0.08,0.08,0.12,0.09,0.11,0.09,0.13,0.22,0.03,0.11,0.12,0.15,0.1,0.12,0.14,0.12,0.09,0.06,0.06,0.05,0.09,0.14,0.1,0.08,0.12,0.17,0.11,0.1,9.44,0.23,3.23,3.81,1.8,3.86,4.53,3.86,10.74,Walking
19,0.02,0.09,0.11,0.08,0.15,0.11,0.07,0.1,0.11,0.17,0.06,0.12,0.15,0.08,0.09,0.13,0.09,0.08,0.09,0.14,0.04,0.09,0.1,0.08,0.12,0.1,0.08,0.17,0.12,0.11,9.59,0.33,3.71,4.55,1.99,4.21,5.33,4.21,11.12,Walking
19,0.09,0.06,0.11,0.11,0.07,0.08,0.08,0.11,0.15,0.16,0.08,0.14,0.1,0.09,0.1,0.11,0.09,0.09,0.1,0.12,0.06,0.12,0.09,0.11,0.1,0.1,0.11,0.14,0.1,0.1,9.34,0.16,3.84,4.61,2.16,4.65,5.46,4.65,11.08,Walking
19,0.04,0.07,0.11,0.08,0.13,0.08,0.1,0.11,0.16,0.15,0.05,0.12,0.12,0.12,0.11,0.12,0.09,0.11,0.1,0.1,0.06,0.08,0.08,0.12,0.1,0.1,0.14,0.12,0.13,0.1,9.4,0.29,3.42,4.23,2.03,4.02,5.02,4.02,10.89,Walking
19,0.06,0.07,0.12,0.11,0.1,0.09,0.13,0.11,0.12,0.12,0.09,0.14,0.08,0.08,0.13,0.07,0.1,0.09,0.11,0.12,0.06,0.08,0.15,0.1,0.12,0.12,0.09,0.09,0.11,0.1,9.48,0.15,3.82,4.78,2.13,4.3,5.59,4.3,11.11,Walking
19,0.05,0.06,0.14,0.09,0.09,0.12,0.13,0.12,0.12,0.11,0.04,0.14,0.13,0.11,0.1,0.1,0.08,0.11,0.14,0.09,0.09,0.09,0.1,0.06,0.12,0.09,0.13,0.14,0.11,0.09,9.48,0.04,3.63,4.49,1.92,4.18,5.23,4.18,10.96,Walking
19,0.07,0.11,0.08,0.13,0.08,0.08,0.11,0.13,0.12,0.12,0.08,0.12,0.09,0.11,0.11,0.09,0.1,0.12,0.14,0.07,0.13,0.11,0.07,0.08,0.09,0.13,0.1,0.12,0.1,0.09,9.41,0.06,3.85,4.52,2.22,4.48,5.27,4.48,11.1,Walking
19,0.11,0.11,0.11,0.08,0.09,0.08,0.09,0.13,0.12,0.11,0.1,0.13,0.12,0.07,0.07,0.08,0.12,0.15,0.1,0.1,0.12,0.1,0.09,0.11,0.09,0.08,0.12,0.12,0.1,0.1,9.25,-0.06,4.16,4.86,2.06,4.85,5.62,4.85,11.12,Walking
19,0.07,0.13,0.09,0.13,0.09,0.11,0.09,0.1,0.11,0.1,0.13,0.09,0.1,0.09,0.1,0.09,0.07,0.12,0.14,0.1,0.12,0.07,0.09,0.09,0.14,0.09,0.14,0.1,0.09,0.09,9.31,-0.1,4.07,4.96,1.96,4.71,5.75,4.71,11.2,Walking
19,0.06,0.1,0.11,0.12,0.1,0.12,0.08,0.14,0.11,0.09,0.09,0.11,0.1,0.12,0.1,0.1,0.11,0.13,0.11,0.06,0.09,0.07,0.1,0.07,0.11,0.11,0.11,0.12,0.16,0.09,9.02,0.15,3.91,4.36,2.02,4.51,5.1,4.51,10.75,Walking
19,0.07,0.08,0.13,0.14,0.07,0.11,0.1,0.11,0.13,0.08,0.08,0.11,0.09,0.13,0.12,0.1,0.11,0.12,0.08,0.09,0.05,0.06,0.11,0.15,0.11,0.1,0.15,0.13,0.07,0.09,9.1,0.09,3.93,4.22,1.83,4.53,5.02,4.53,10.77,Walking
19,0.08,0.11,0.13,0.09,0.08,0.12,0.11,0.15,0.05,0.1,0.07,0.15,0.09,0.07,0.09,0.14,0.09,0.12,0.11,0.09,0.04,0.12,0.09,0.05,0.13,0.09,0.18,0.12,0.12,0.09,9.4,0.19,4.16,4.42,1.8,4.73,5.2,4.73,11.05,Walking
19,0.07,0.03,0.09,0.11,0.14,0.14,0.19,0.11,0.07,0.08,0.08,0.1,0.11,0.14,0.15,0.08,0.09,0.1,0.09,0.08,0.05,0.08,0.13,0.12,0.1,0.12,0.12,0.1,0.1,0.11,8.98,0.19,3.7,4.15,2.04,4.23,4.98,4.23,10.56,Walking
19,0.15,0.15,0.11,0.1,0.08,0.05,0.04,0.08,0.17,0.1,0.11,0.08,0.09,0.12,0.13,0.09,0.09,0.09,0.1,0.12,0.18,0.11,0.14,0.11,0.06,0.09,0.06,0.09,0.08,0.11,9.2,-0.11,4.46,4.77,2.6,5.25,5.73,5.25,11.67,Walking
19,0.09,0.14,0.11,0.08,0.09,0.06,0.11,0.1,0.11,0.13,0.15,0.08,0.08,0.14,0.06,0.1,0.11,0.07,0.11,0.13,0.1,0.1,0.12,0.08,0.1,0.1,0.12,0.09,0.12,0.09,9.22,0.1,4.22,4.99,2.24,4.93,5.82,4.93,11.25,Walking
19,0.1,0.13,0.09,0.08,0.05,0.12,0.12,0.13,0.13,0.09,0.12,0.1,0.12,0.07,0.09,0.11,0.1,0.09,0.1,0.11,0.11,0.11,0.1,0.13,0.11,0.09,0.1,0.09,0.08,0.1,9.05,-0.15,4.02,4.93,2.14,4.76,5.76,4.76,10.92,Walking
19,0.11,0.14,0.07,0.12,0.09,0.08,0.1,0.09,0.12,0.09,0.14,0.08,0.08,0.1,0.11,0.09,0.12,0.09,0.09,0.12,0.11,0.12,0.08,0.11,0.13,0.1,0.07,0.11,0.1,0.11,9.26,0.26,4.35,4.72,2.56,5.04,5.63,5.04,11.42,Walking
19,0.19,0.08,0.09,0.1,0.09,0.1,0.17,0.07,0.06,0.07,0.14,0.06,0.09,0.06,0.11,0.11,0.18,0.08,0.07,0.12,0.19,0.11,0.07,0.1,0.14,0.09,0.08,0.06,0.08,0.1,9.25,-0.22,4.91,4.67,2.46,5.77,5.64,5.77,11.75,Walking
19,0.16,0.09,0.11,0.06,0.1,0.13,0.1,0.1,0.08,0.09,0.15,0.07,0.1,0.09,0.09,0.11,0.08,0.09,0.08,0.15,0.15,0.1,0.12,0.1,0.09,0.07,0.1,0.09,0.07,0.14,9.15,0.09,4.58,5.18,2.67,5.4,6.13,5.4,11.64,Walking
19,0.19,0.1,0.13,0.09,0.08,0.12,0.13,0.07,0.06,0.06,0.13,0.07,0.14,0.05,0.1,0.14,0.1,0.1,0.09,0.1,0.1,0.14,0.12,0.1,0.14,0.1,0.07,0.09,0.09,0.08,9.15,-0.22,4.84,4.63,2.1,5.48,5.48,5.48,11.43,Walking
19,0.15,0.09,0.1,0.15,0.09,0.11,0.12,0.09,0.06,0.07,0.14,0.06,0.12,0.09,0.09,0.13,0.11,0.1,0.09,0.09,0.06,0.14,0.11,0.1,0.17,0.1,0.1,0.08,0.07,0.1,8.99,0.11,4.63,4.59,2.25,5.29,5.42,5.29,11.16,Walking
19,0.14,0.1,0.09,0.14,0.07,0.15,0.11,0.12,0.03,0.07,0.13,0.07,0.11,0.07,0.09,0.16,0.11,0.08,0.11,0.1,0.1,0.13,0.09,0.08,0.09,0.07,0.14,0.09,0.13,0.11,9.19,0.14,4.62,4.52,2.24,5.26,5.45,5.26,11.31,Walking
19,0.14,0.08,0.11,0.11,0.14,0.15,0.08,0.09,0.05,0.06,0.12,0.09,0.13,0.08,0.13,0.07,0.07,0.11,0.11,0.11,0.09,0.09,0.1,0.1,0.07,0.12,0.11,0.13,0.09,0.11,9.19,0.41,4.7,4.82,2.61,5.31,5.65,5.31,11.47,Walking
19,0.18,0.2,0.08,0.06,0.04,0.08,0.1,0.11,0.1,0.08,0.15,0.07,0.07,0.13,0.07,0.06,0.12,0.11,0.09,0.16,0.27,0.09,0.05,0.08,0.09,0.06,0.08,0.1,0.1,0.1,9.51,-0.34,5.21,5.31,2.82,6.33,6.22,6.33,12.55,Walking
19,0.2,0.11,0.09,0.05,0.07,0.04,0.07,0.05,0.06,0.06,0.09,0.11,0.07,0.11,0.07,0.06,0.07,0.04,0.08,0.08,0.1,0.07,0.05,0.06,0.06,0.04,0.07,0.07,0.11,0.17,6.58,0.75,4.22,3.89,2.41,6.34,6.19,6.34,9.01,Walking
19,0.0,0.13,0.06,0.13,0.13,0.09,0.16,0.07,0.06,0.19,0.0,0.02,0.07,0.04,0.11,0.22,0.13,0.09,0.08,0.19,0.05,0.11,0.08,0.13,0.13,0.13,0.13,0.1,0.07,0.1,6.35,-0.94,8.02,8.25,2.66,10.04,9.04,10.04,13.09,Jogging
19,0.0,0.1,0.12,0.15,0.11,0.08,0.11,0.09,0.12,0.12,0.0,0.01,0.11,0.07,0.11,0.17,0.12,0.14,0.12,0.12,0.07,0.04,0.09,0.12,0.11,0.18,0.14,0.1,0.08,0.09,5.41,-0.78,8.14,7.58,2.73,10.29,8.54,10.29,12.73,Jogging
19,0.0,0.2,0.12,0.09,0.14,0.09,0.08,0.13,0.09,0.08,0.03,0.12,0.12,0.11,0.1,0.09,0.11,0.13,0.1,0.12,0.07,0.06,0.13,0.09,0.1,0.13,0.16,0.09,0.11,0.08,2.86,-0.84,9.24,7.62,2.69,11.51,8.74,11.51,13.4,Jogging
19,0.0,0.23,0.09,0.06,0.12,0.09,0.07,0.11,0.15,0.1,0.1,0.11,0.08,0.1,0.09,0.12,0.1,0.17,0.1,0.06,0.04,0.07,0.07,0.11,0.11,0.14,0.18,0.07,0.1,0.13,1.61,-0.32,8.96,6.96,2.82,11.4,8.08,11.4,12.72,Jogging
19,0.0,0.24,0.09,0.08,0.09,0.11,0.09,0.12,0.1,0.1,0.08,0.1,0.13,0.09,0.11,0.13,0.08,0.1,0.13,0.08,0.03,0.09,0.08,0.14,0.1,0.14,0.13,0.09,0.1,0.11,1.46,-0.43,9.16,7.17,2.87,11.58,8.52,11.58,13.05,Jogging
19,0.0,0.26,0.1,0.11,0.07,0.07,0.11,0.08,0.11,0.12,0.1,0.14,0.11,0.09,0.09,0.08,0.12,0.11,0.08,0.11,0.09,0.12,0.09,0.11,0.09,0.11,0.09,0.06,0.09,0.17,1.43,-0.58,9.79,7.72,3.61,12.06,9.02,12.06,14.22,Jogging
19,0.0,0.21,0.1,0.11,0.1,0.1,0.08,0.09,0.12,0.1,0.07,0.12,0.12,0.08,0.11,0.08,0.13,0.11,0.13,0.07,0.12,0.09,0.1,0.11,0.11,0.08,0.12,0.06,0.11,0.12,2.05,-1.05,9.23,7.33,3.31,11.51,8.57,11.51,13.51,Jogging
19,0.0,0.2,0.12,0.11,0.1,0.1,0.11,0.09,0.1,0.1,0.08,0.13,0.1,0.13,0.08,0.08,0.14,0.09,0.1,0.11,0.08,0.09,0.11,0.15,0.11,0.11,0.07,0.09,0.11,0.09,1.89,-1.16,9.14,7.53,2.87,11.38,8.8,11.38,13.37,Jogging
19,0.0,0.25,0.06,0.11,0.12,0.03,0.1,0.09,0.14,0.1,0.11,0.1,0.11,0.09,0.12,0.07,0.1,0.08,0.15,0.09,0.07,0.1,0.09,0.11,0.13,0.08,0.13,0.1,0.13,0.09,1.54,-0.92,9.35,7.88,2.9,11.71,9.18,11.71,13.65,Jogging
19,0.0,0.24,0.1,0.07,0.09,0.11,0.07,0.11,0.13,0.1,0.09,0.09,0.1,0.1,0.14,0.1,0.09,0.14,0.12,0.06,0.05,0.08,0.09,0.1,0.12,0.12,0.16,0.09,0.13,0.07,1.48,-0.77,9.24,7.21,2.62,11.65,8.5,11.65,13.03,Jogging
19,0.0,0.23,0.11,0.07,0.12,0.09,0.08,0.09,0.14,0.09,0.09,0.08,0.15,0.12,0.13,0.08,0.14,0.09,0.08,0.07,0.05,0.1,0.12,0.11,0.13,0.12,0.12,0.09,0.08,0.11,0.66,-0.81,9.32,6.7,2.9,11.68,8.23,11.68,13.09,Jogging
19,0.0,0.22,0.11,0.08,0.09,0.12,0.12,0.1,0.12,0.08,0.09,0.13,0.1,0.14,0.1,0.08,0.09,0.11,0.07,0.1,0.08,0.08,0.07,0.13,0.14,0.1,0.1,0.11,0.1,0.12,1.04,-0.67,8.97,7.39,3.09,11.42,8.76,11.42,13.22,Jogging
19,0.0,0.21,0.09,0.1,0.11,0.12,0.1,0.1,0.1,0.1,0.11,0.09,0.08,0.13,0.11,0.13,0.09,0.12,0.07,0.09,0.04,0.08,0.07,0.15,0.13,0.16,0.09,0.13,0.07,0.11,0.84,-0.61,9.03,6.7,2.72,11.33,8.19,11.33,12.68,Jogging
19,0.0,0.18,0.09,0.15,0.12,0.13,0.07,0.11,0.08,0.08,0.07,0.09,0.12,0.12,0.09,0.13,0.11,0.1,0.11,0.07,0.06,0.13,0.11,0.14,0.12,0.1,0.07,0.14,0.09,0.06,1.69,-1.31,8.86,7.07,2.66,11.04,8.43,11.04,12.84,Jogging
19,0.0,0.23,0.09,0.13,0.1,0.09,0.08,0.13,0.11,0.07,0.07,0.11,0.11,0.14,0.09,0.13,0.08,0.13,0.1,0.08,0.09,0.12,0.12,0.12,0.11,0.08,0.09,0.1,0.11,0.08,1.67,-1.21,9.09,7.3,3.07,11.51,8.51,11.51,13.34,Jogging
19,0.0,0.21,0.13,0.09,0.13,0.11,0.09,0.08,0.09,0.09,0.12,0.1,0.1,0.1,0.08,0.13,0.11,0.09,0.12,0.07,0.08,0.14,0.13,0.06,0.13,0.09,0.08,0.11,0.14,0.07,1.16,-1.2,9.51,7.28,2.98,11.7,8.75,11.7,13.56,Jogging
19,0.0,0.19,0.13,0.09,0.1,0.11,0.09,0.09,0.1,0.12,0.15,0.07,0.13,0.09,0.11,0.07,0.11,0.11,0.1,0.08,0.09,0.11,0.11,0.07,0.08,0.1,0.1,0.11,0.12,0.13,1.08,-0.61,9.14,7.79,3.41,11.33,9.2,11.33,13.59,Jogging
19,0.0,0.2,0.11,0.09,0.1,0.1,0.12,0.1,0.07,0.13,0.17,0.1,0.1,0.08,0.1,0.06,0.08,0.1,0.12,0.12,0.18,0.14,0.05,0.09,0.06,0.08,0.05,0.1,0.14,0.13,1.49,-1.15,9.07,8.51,4.21,11.32,9.82,11.32,14.46,Jogging
19,0.0,0.18,0.12,0.12,0.09,0.11,0.11,0.09,0.11,0.09,0.05,0.14,0.08,0.11,0.11,0.11,0.1,0.11,0.12,0.09,0.1,0.11,0.15,0.08,0.13,0.1,0.09,0.08,0.09,0.11,2.24,-1.22,8.96,7.5,3.16,11.26,8.76,11.26,13.34,Jogging
19,0.0,0.18,0.15,0.11,0.07,0.15,0.11,0.12,0.08,0.05,0.07,0.15,0.1,0.09,0.08,0.14,0.09,0.12,0.1,0.09,0.06,0.14,0.14,0.13,0.07,0.14,0.08,0.07,0.09,0.1,1.67,-1.19,9.08,7.37,2.96,11.45,8.73,11.45,13.32,Jogging
19,0.0,0.22,0.09,0.09,0.08,0.14,0.13,0.11,0.08,0.09,0.07,0.14,0.12,0.1,0.1,0.09,0.12,0.07,0.1,0.09,0.11,0.13,0.11,0.15,0.08,0.09,0.09,0.08,0.1,0.08,1.55,-1.43,8.79,7.59,3.13,11.29,8.97,11.29,13.41,Jogging
19,0.0,0.21,0.09,0.09,0.1,0.09,0.12,0.1,0.13,0.09,0.14,0.13,0.08,0.12,0.1,0.06,0.09,0.09,0.08,0.11,0.16,0.1,0.15,0.1,0.09,0.04,0.07,0.07,0.12,0.12,1.22,-1.38,8.79,8.13,3.72,11.17,9.54,11.17,13.93,Jogging
19,0.0,0.19,0.08,0.13,0.12,0.1,0.1,0.09,0.11,0.1,0.11,0.11,0.09,0.11,0.11,0.08,0.09,0.08,0.13,0.08,0.17,0.11,0.11,0.07,0.05,0.1,0.08,0.12,0.11,0.12,2.02,-1.27,8.99,8.14,3.86,11.17,9.4,11.17,14.0,Jogging
19,0.0,0.21,0.07,0.07,0.11,0.11,0.14,0.11,0.08,0.13,0.14,0.11,0.1,0.07,0.13,0.09,0.08,0.12,0.08,0.1,0.18,0.13,0.07,0.09,0.05,0.09,0.06,0.14,0.11,0.09,1.48,-1.55,8.24,8.12,3.88,10.69,9.52,10.69,13.68,Jogging
19,0.0,0.22,0.09,0.1,0.08,0.09,0.1,0.12,0.11,0.1,0.1,0.11,0.11,0.11,0.07,0.1,0.13,0.09,0.09,0.08,0.11,0.1,0.13,0.1,0.09,0.09,0.14,0.09,0.09,0.08,1.55,-1.29,8.84,7.39,3.0,11.31,8.8,11.31,13.37,Jogging
19,0.0,0.17,0.11,0.11,0.09,0.09,0.15,0.07,0.09,0.15,0.2,0.07,0.1,0.07,0.1,0.06,0.08,0.09,0.13,0.1,0.24,0.07,0.07,0.06,0.09,0.07,0.07,0.13,0.1,0.12,1.07,-1.71,8.55,8.78,4.41,10.84,10.17,10.84,14.61,Jogging
19,0.0,0.2,0.11,0.09,0.09,0.11,0.1,0.09,0.14,0.09,0.18,0.07,0.09,0.11,0.11,0.09,0.08,0.08,0.1,0.1,0.18,0.1,0.06,0.08,0.12,0.07,0.09,0.16,0.06,0.11,0.95,-1.43,8.85,8.0,3.65,11.21,9.49,11.21,13.75,Jogging
19,0.0,0.22,0.08,0.13,0.07,0.09,0.1,0.11,0.09,0.13,0.19,0.07,0.08,0.09,0.1,0.09,0.1,0.09,0.1,0.1,0.13,0.08,0.1,0.08,0.09,0.07,0.11,0.16,0.09,0.12,0.88,-0.8,9.11,8.04,3.55,11.47,9.64,11.47,14.0,Jogging
19,0.0,0.19,0.09,0.1,0.12,0.12,0.09,0.13,0.07,0.1,0.08,0.1,0.15,0.09,0.12,0.12,0.09,0.06,0.12,0.07,0.05,0.11,0.09,0.13,0.14,0.13,0.09,0.12,0.08,0.08,1.3,-1.06,8.61,7.29,2.59,10.94,8.77,10.94,12.9,Jogging
19,0.0,0.21,0.1,0.1,0.1,0.09,0.12,0.14,0.08,0.09,0.09,0.14,0.12,0.09,0.09,0.1,0.12,0.09,0.08,0.09,0.13,0.14,0.12,0.08,0.06,0.08,0.11,0.11,0.1,0.09,1.49,-1.21,8.77,7.65,3.51,11.24,9.07,11.24,13.47,Jogging
19,0.0,0.17,0.13,0.12,0.09,0.11,0.09,0.08,0.12,0.11,0.2,0.09,0.07,0.1,0.07,0.11,0.09,0.09,0.09,0.1,0.18,0.13,0.08,0.08,0.09,0.06,0.09,0.1,0.13,0.08,0.77,-1.63,8.8,8.02,3.7,10.99,9.61,10.99,14.05,Jogging
19,0.0,0.11,0.07,0.07,0.07,0.09,0.04,0.04,0.05,0.04,0.09,0.02,0.03,0.07,0.09,0.1,0.06,0.02,0.04,0.04,0.03,0.04,0.05,0.03,0.06,0.05,0.09,0.07,0.09,0.05,-0.01,-0.04,5.11,3.39,1.7,11.49,8.33,11.49,7.1,Jogging
19,0.09,0.11,0.12,0.11,0.14,0.17,0.12,0.07,0.04,0.05,0.09,0.09,0.1,0.12,0.2,0.1,0.08,0.08,0.09,0.07,0.1,0.13,0.1,0.14,0.13,0.1,0.08,0.08,0.08,0.09,8.78,-0.35,4.41,3.91,1.87,4.91,4.89,4.91,10.71,Walking
19,0.12,0.12,0.08,0.13,0.13,0.09,0.1,0.05,0.09,0.09,0.12,0.11,0.1,0.11,0.1,0.09,0.11,0.08,0.13,0.08,0.11,0.07,0.11,0.14,0.13,0.11,0.1,0.05,0.12,0.08,8.83,-0.21,4.63,4.7,1.85,5.34,5.51,5.34,11.01,Walking
19,0.03,0.06,0.08,0.11,0.11,0.09,0.11,0.13,0.16,0.13,0.07,0.14,0.1,0.11,0.1,0.08,0.12,0.11,0.12,0.08,0.1,0.13,0.17,0.12,0.12,0.08,0.07,0.06,0.07,0.11,9.34,-0.16,3.41,4.53,2.27,3.94,5.22,3.94,10.87,Walking
19,0.06,0.09,0.1,0.11,0.11,0.11,0.1,0.08,0.1,0.16,0.09,0.12,0.1,0.13,0.03,0.1,0.13,0.17,0.06,0.11,0.06,0.1,0.12,0.1,0.07,0.07,0.11,0.15,0.15,0.1,9.43,0.21,3.78,4.58,2.03,4.34,5.3,4.34,11.01,Walking
19,0.03,0.08,0.08,0.08,0.12,0.09,0.11,0.09,0.13,0.22,0.03,0.11,0.12,0.15,0.1,0.12,0.14,0.12,0.09,0.06,0.06,0.05,0.09,0.14,0.1,0.08,0.12,0.17,0.11,0.1,9.44,0.23,3.23,3.81,1.8,3.86,4.53,3.86,10.74,Walking
19,0.02,0.09,0.11,0.08,0.15,0.11,0.07,0.1,0.11,0.17,0.06,0.12,0.15,0.08,0.09,0.13,0.09,0.08,0.09,0.14,0.04,0.09,0.1,0.08,0.12,0.1,0.08,0.17,0.12,0.11,9.59,0.33,3.71,4.55,1.99,4.21,5.33,4.21,11.12,Walking
19,0.09,0.06,0.11,0.11,0.07,0.08,0.08,0.11,0.15,0.16,0.08,0.14,0.1,0.09,0.1,0.11,0.09,0.09,0.1,0.12,0.06,0.12,0.09,0.11,0.1,0.1,0.11,0.14,0.1,0.1,9.34,0.16,3.84,4.61,2.16,4.65,5.46,4.65,11.08,Walking
19,0.04,0.07,0.11,0.08,0.13,0.08,0.1,0.11,0.16,0.15,0.05,0.12,0.12,0.12,0.11,0.12,0.09,0.11,0.1,0.1,0.06,0.08,0.08,0.12,0.1,0.1,0.14,0.12,0.13,0.1,9.4,0.29,3.42,4.23,2.03,4.02,5.02,4.02,10.89,Walking
19,0.06,0.07,0.12,0.11,0.1,0.09,0.13,0.11,0.12,0.12,0.09,0.14,0.08,0.08,0.13,0.07,0.1,0.09,0.11,0.12,0.06,0.08,0.15,0.1,0.12,0.12,0.09,0.09,0.11,0.1,9.48,0.15,3.82,4.78,2.13,4.3,5.59,4.3,11.11,Walking
19,0.05,0.06,0.14,0.09,0.09,0.12,0.13,0.12,0.12,0.11,0.04,0.14,0.13,0.11,0.1,0.1,0.08,0.11,0.14,0.09,0.09,0.09,0.1,0.06,0.12,0.09,0.13,0.14,0.11,0.09,9.48,0.04,3.63,4.49,1.92,4.18,5.23,4.18,10.96,Walking
19,0.07,0.11,0.08,0.13,0.08,0.08,0.11,0.13,0.12,0.12,0.08,0.12,0.09,0.11,0.11,0.09,0.1,0.12,0.14,0.07,0.13,0.11,0.07,0.08,0.09,0.13,0.1,0.12,0.1,0.09,9.41,0.06,3.85,4.52,2.22,4.48,5.27,4.48,11.1,Walking
19,0.11,0.11,0.11,0.08,0.09,0.08,0.09,0.13,0.12,0.11,0.1,0.13,0.12,0.07,0.07,0.08,0.12,0.15,0.1,0.1,0.12,0.1,0.09,0.11,0.09,0.08,0.12,0.12,0.1,0.1,9.25,-0.06,4.16,4.86,2.06,4.85,5.62,4.85,11.12,Walking
19,0.07,0.13,0.09,0.13,0.09,0.11,0.09,0.1,0.11,0.1,0.13,0.09,0.1,0.09,0.1,0.09,0.07,0.12,0.14,0.1,0.12,0.07,0.09,0.09,0.14,0.09,0.14,0.1,0.09,0.09,9.31,-0.1,4.07,4.96,1.96,4.71,5.75,4.71,11.2,Walking
19,0.06,0.1,0.11,0.12,0.1,0.12,0.08,0.14,0.11,0.09,0.09,0.11,0.1,0.12,0.1,0.1,0.11,0.13,0.11,0.06,0.09,0.07,0.1,0.07,0.11,0.11,0.11,0.12,0.16,0.09,9.02,0.15,3.91,4.36,2.02,4.51,5.1,4.51,10.75,Walking
19,0.07,0.08,0.13,0.14,0.07,0.11,0.1,0.11,0.13,0.08,0.08,0.11,0.09,0.13,0.12,0.1,0.11,0.12,0.08,0.09,0.05,0.06,0.11,0.15,0.11,0.1,0.15,0.13,0.07,0.09,9.1,0.09,3.93,4.22,1.83,4.53,5.02,4.53,10.77,Walking
19,0.08,0.11,0.13,0.09,0.08,0.12,0.11,0.15,0.05,0.1,0.07,0.15,0.09,0.07,0.09,0.14,0.09,0.12,0.11,0.09,0.04,0.12,0.09,0.05,0.13,0.09,0.18,0.12,0.12,0.09,9.4,0.19,4.16,4.42,1.8,4.73,5.2,4.73,11.05,Walking
19,0.07,0.03,0.09,0.11,0.14,0.14,0.19,0.11,0.07,0.08,0.08,0.1,0.11,0.14,0.15,0.08,0.09,0.1,0.09,0.08,0.05,0.08,0.13,0.12,0.1,0.12,0.12,0.1,0.1,0.11,8.98,0.19,3.7,4.15,2.04,4.23,4.98,4.23,10.56,Walking
19,0.15,0.15,0.11,0.1,0.08,0.05,0.04,0.08,0.17,0.1,0.11,0.08,0.09,0.12,0.13,0.09,0.09,0.09,0.1,0.12,0.18,0.11,0.14,0.11,0.06,0.09,0.06,0.09,0.08,0.11,9.2,-0.11,4.46,4.77,2.6,5.25,5.73,5.25,11.67,Walking
19,0.09,0.14,0.11,0.08,0.09,0.06,0.11,0.1,0.11,0.13,0.15,0.08,0.08,0.14,0.06,0.1,0.11,0.07,0.11,0.13,0.1,0.1,0.12,0.08,0.1,0.1,0.12,0.09,0.12,0.09,9.22,0.1,4.22,4.99,2.24,4.93,5.82,4.93,11.25,Walking
19,0.1,0.13,0.09,0.08,0.05,0.12,0.12,0.13,0.13,0.09,0.12,0.1,0.12,0.07,0.09,0.11,0.1,0.09,0.1,0.11,0.11,0.11,0.1,0.13,0.11,0.09,0.1,0.09,0.08,0.1,9.05,-0.15,4.02,4.93,2.14,4.76,5.76,4.76,10.92,Walking
19,0.11,0.14,0.07,0.12,0.09,0.08,0.1,0.09,0.12,0.09,0.14,0.08,0.08,0.1,0.11,0.09,0.12,0.09,0.09,0.12,0.11,0.12,0.08,0.11,0.13,0.1,0.07,0.11,0.1,0.11,9.26,0.26,4.35,4.72,2.56,5.04,5.63,5.04,11.42,Walking
19,0.19,0.08,0.09,0.1,0.09,0.1,0.17,0.07,0.06,0.07,0.14,0.06,0.09,0.06,0.11,0.11,0.18,0.08,0.07,0.12,0.19,0.11,0.07,0.1,0.14,0.09,0.08,0.06,0.08,0.1,9.25,-0.22,4.91,4.67,2.46,5.77,5.64,5.77,11.75,Walking
19,0.16,0.09,0.11,0.06,0.1,0.13,0.1,0.1,0.08,0.09,0.15,0.07,0.1,0.09,0.09,0.11,0.08,0.09,0.08,0.15,0.15,0.1,0.12,0.1,0.09,0.07,0.1,0.09,0.07,0.14,9.15,0.09,4.58,5.18,2.67,5.4,6.13,5.4,11.64,Walking
19,0.19,0.1,0.13,0.09,0.08,0.12,0.13,0.07,0.06,0.06,0.13,0.07,0.14,0.05,0.1,0.14,0.1,0.1,0.09,0.1,0.1,0.14,0.12,0.1,0.14,0.1,0.07,0.09,0.09,0.08,9.15,-0.22,4.84,4.63,2.1,5.48,5.48,5.48,11.43,Walking
19,0.15,0.09,0.1,0.15,0.09,0.11,0.12,0.09,0.06,0.07,0.14,0.06,0.12,0.09,0.09,0.13,0.11,0.1,0.09,0.09,0.06,0.14,0.11,0.1,0.17,0.1,0.1,0.08,0.07,0.1,8.99,0.11,4.63,4.59,2.25,5.29,5.42,5.29,11.16,Walking
19,0.14,0.1,0.09,0.14,0.07,0.15,0.11,0.12,0.03,0.07,0.13,0.07,0.11,0.07,0.09,0.16,0.11,0.08,0.11,0.1,0.1,0.13,0.09,0.08,0.09,0.07,0.14,0.09,0.13,0.11,9.19,0.14,4.62,4.52,2.24,5.26,5.45,5.26,11.31,Walking
19,0.14,0.08,0.11,0.11,0.14,0.15,0.08,0.09,0.05,0.06,0.12,0.09,0.13,0.08,0.13,0.07,0.07,0.11,0.11,0.11,0.09,0.09,0.1,0.1,0.07,0.12,0.11,0.13,0.09,0.11,9.19,0.41,4.7,4.82,2.61,5.31,5.65,5.31,11.47,Walking
19,0.18,0.2,0.08,0.06,0.04,0.08,0.1,0.11,0.1,0.08,0.15,0.07,0.07,0.13,0.07,0.06,0.12,0.11,0.09,0.16,0.27,0.09,0.05,0.08,0.09,0.06,0.08,0.1,0.1,0.1,9.51,-0.34,5.21,5.31,2.82,6.33,6.22,6.33,12.55,Walking
19,0.2,0.11,0.09,0.05,0.07,0.04,0.07,0.05,0.06,0.06,0.09,0.11,0.07,0.11,0.07,0.06,0.07,0.04,0.08,0.08,0.1,0.07,0.05,0.06,0.06,0.04,0.07,0.07,0.11,0.17,6.58,0.75,4.22,3.89,2.41,6.34,6.19,6.34,9.01,Walking
19,0.1,0.08,0.09,0.07,0.06,0.1,0.06,0.07,0.09,0.3,0.02,0.04,0.11,0.05,0.04,0.03,0.05,0.11,0.21,0.38,0.08,0.09,0.07,0.1,0.12,0.12,0.12,0.09,0.11,0.13,6.0,-0.21,8.03,4.96,1.87,10.02,6.07,10.02,11.34,Upstairs
19,0.12,0.12,0.13,0.09,0.11,0.07,0.09,0.13,0.11,0.06,0.15,0.12,0.08,0.1,0.1,0.13,0.1,0.12,0.08,0.04,0.13,0.13,0.1,0.09,0.09,0.06,0.08,0.07,0.17,0.11,0.24,-0.52,10.3,2.51,2.3,11.49,3.14,11.49,11.29,Upstairs
19,0.12,0.1,0.1,0.09,0.1,0.15,0.1,0.08,0.12,0.07,0.12,0.16,0.07,0.1,0.11,0.12,0.12,0.08,0.09,0.05,0.1,0.1,0.15,0.09,0.07,0.11,0.1,0.11,0.08,0.12,0.43,-0.41,10.07,2.49,2.02,11.22,3.17,11.22,10.99,Upstairs
19,0.1,0.09,0.1,0.12,0.09,0.1,0.14,0.12,0.12,0.05,0.13,0.1,0.11,0.14,0.12,0.1,0.13,0.13,0.05,0.02,0.11,0.14,0.07,0.1,0.1,0.09,0.11,0.12,0.1,0.09,0.21,-0.53,9.82,2.19,2.15,10.9,2.78,10.9,10.66,Upstairs
19,0.05,0.09,0.07,0.13,0.11,0.08,0.09,0.08,0.06,0.02,0.07,0.07,0.11,0.1,0.12,0.11,0.08,0.07,0.05,0.01,0.06,0.04,0.08,0.11,0.09,0.13,0.09,0.11,0.03,0.04,0.17,-0.45,7.78,1.42,1.13,11.13,2.5,11.13,8.24,Upstairs
19,0.09,0.08,0.1,0.07,0.13,0.17,0.1,0.14,0.12,0.04,0.08,0.07,0.08,0.12,0.12,0.1,0.11,0.15,0.11,0.07,0.06,0.09,0.08,0.08,0.13,0.11,0.15,0.1,0.14,0.1,9.34,0.18,3.13,3.96,2.52,4.16,4.77,4.16,10.73,Downstairs
19,0.13,0.1,0.11,0.15,0.09,0.06,0.13,0.08,0.07,0.07,0.09,0.12,0.12,0.08,0.1,0.12,0.09,0.09,0.1,0.09,0.09,0.08,0.12,0.12,0.09,0.13,0.07,0.11,0.09,0.11,8.89,-0.19,4.16,4.37,2.72,5.3,5.25,5.3,10.97,Downstairs
19,0.12,0.12,0.1,0.1,0.1,0.08,0.1,0.09,0.09,0.11,0.13,0.11,0.11,0.1,0.08,0.08,0.1,0.08,0.1,0.12,0.14,0.11,0.1,0.12,0.09,0.08,0.09,0.11,0.09,0.06,9.01,-0.71,4.07,4.91,2.88,5.12,5.83,5.12,11.3,Downstairs
19,0.01,0.05,0.04,0.03,0.02,0.03,0.04,0.03,0.07,0.13,0.04,0.06,0.04,0.04,0.06,0.04,0.05,0.03,0.04,0.06,0.06,0.04,0.07,0.02,0.03,0.04,0.05,0.03,0.03,0.08,3.93,-0.03,1.82,2.51,1.45,4.97,7.38,4.97,4.96,Downstairs
19,0.08,0.07,0.08,0.07,0.09,0.08,0.13,0.09,0.12,0.19,0.07,0.11,0.09,0.1,0.1,0.1,0.1,0.08,0.13,0.13,0.12,0.11,0.07,0.11,0.09,0.1,0.06,0.12,0.11,0.11,7.35,-0.17,6.51,3.44,2.21,7.65,4.24,7.65,10.76,Upstairs
19,0.16,0.11,0.06,0.09,0.05,0.08,0.12,0.12,0.12,0.12,0.12,0.14,0.07,0.11,0.07,0.08,0.08,0.1,0.12,0.13,0.11,0.09,0.1,0.09,0.09,0.1,0.1,0.11,0.12,0.12,6.79,-0.25,7.75,3.85,1.99,8.84,4.71,8.84,11.09,Upstairs
19,0.11,0.1,0.11,0.1,0.09,0.1,0.1,0.1,0.12,0.1,0.09,0.1,0.15,0.06,0.1,0.1,0.1,0.1,0.12,0.11,0.1,0.08,0.13,0.13,0.08,0.07,0.11,0.11,0.08,0.11,7.08,-0.11,7.66,3.48,2.1,8.54,4.29,8.54,11.18,Upstairs
19,0.09,0.12,0.1,0.14,0.11,0.11,0.07,0.14,0.08,0.06,0.12,0.12,0.06,0.07,0.13,0.11,0.09,0.1,0.09,0.12,0.09,0.12,0.11,0.06,0.09,0.13,0.09,0.1,0.14,0.08,6.72,-0.36,7.85,3.56,1.79,8.61,4.54,8.61,11.08,Upstairs
19,0.08,0.08,0.13,0.09,0.12,0.14,0.1,0.1,0.12,0.07,0.09,0.05,0.11,0.13,0.11,0.12,0.13,0.14,0.08,0.06,0.09,0.1,0.09,0.11,0.13,0.14,0.1,0.09,0.11,0.07,6.74,-0.47,7.43,2.85,1.59,8.15,3.7,8.15,10.62,Upstairs
19,0.11,0.11,0.12,0.08,0.12,0.11,0.11,0.09,0.07,0.09,0.13,0.06,0.11,0.15,0.1,0.11,0.11,0.09,0.08,0.08,0.08,0.09,0.11,0.09,0.16,0.09,0.12,0.13,0.08,0.08,6.49,-0.4,7.76,3.45,1.59,8.67,4.57,8.67,10.86,Upstairs
19,0.01,0.04,0.04,0.07,0.03,0.03,0.02,0.0,0.01,0.01,0.02,0.05,0.04,0.03,0.02,0.02,0.03,0.03,0.02,0.01,0.03,0.03,0.02,0.02,0.01,0.02,0.03,0.01,0.02,0.06,1.42,0.13,2.08,1.13,0.71,8.86,5.71,8.86,2.78,Upstairs
19,0.09,0.1,0.1,0.09,0.12,0.11,0.12,0.09,0.09,0.11,0.07,0.07,0.11,0.13,0.09,0.13,0.1,0.11,0.11,0.09,0.06,0.08,0.1,0.09,0.11,0.11,0.13,0.15,0.07,0.11,6.11,-0.51,7.58,4.54,2.82,9.18,5.89,9.18,11.85,Downstairs
19,0.12,0.12,0.08,0.11,0.08,0.11,0.09,0.11,0.11,0.09,0.1,0.11,0.1,0.07,0.12,0.09,0.11,0.1,0.09,0.12,0.13,0.09,0.12,0.11,0.09,0.08,0.09,0.06,0.15,0.09,5.58,-0.99,7.5,4.96,3.48,9.25,6.44,9.25,12.03,Downstairs
19,0.09,0.08,0.12,0.09,0.11,0.09,0.09,0.12,0.1,0.11,0.12,0.11,0.1,0.11,0.1,0.09,0.09,0.09,0.1,0.1,0.1,0.13,0.09,0.09,0.1,0.11,0.1,0.09,0.1,0.1,5.46,-0.89,7.77,5.13,3.3,9.39,6.59,9.39,12.05,Downstairs
19,0.01,0.01,0.01,0.01,0.01,0.01,0.01,0.0,0.02,0.01,0.02,0.01,0.01,0.0,0.02,0.01,0.01,0.01,0.01,0.01,0.01,0.01,0.01,0.02,0.0,0.01,0.01,0.02,0.01,0.01,0.36,-0.02,0.59,0.46,0.25,9.26,7.14,9.26,0.88,Downstairs
19,0.04,0.06,0.04,0.06,0.05,0.05,0.07,0.1,0.19,0.34,0.09,0.11,0.06,0.07,0.06,0.05,0.05,0.09,0.14,0.27,0.11,0.09,0.12,0.13,0.13,0.15,0.08,0.07,0.09,0.05,8.99,-0.83,4.71,5.92,2.1,6.18,6.75,6.18,11.44,Upstairs
19,0.1,0.16,0.11,0.09,0.11,0.16,0.15,0.1,0.04,0.01,0.05,0.12,0.09,0.11,0.11,0.11,0.13,0.11,0.12,0.07,0.09,0.13,0.08,0.09,0.15,0.1,0.13,0.12,0.07,0.05,6.42,-0.54,8.11,3.59,2.2,9.03,4.49,9.03,11.22,Upstairs
19,0.18,0.06,0.16,0.08,0.09,0.08,0.11,0.13,0.08,0.06,0.08,0.11,0.1,0.08,0.09,0.11,0.13,0.14,0.1,0.09,0.17,0.12,0.09,0.1,0.09,0.08,0.07,0.13,0.1,0.06,6.5,-0.69,8.09,4.02,2.99,9.47,5.05,9.47,11.78,Upstairs
19,0.12,0.1,0.1,0.13,0.15,0.15,0.11,0.09,0.05,0.02,0.06,0.08,0.1,0.09,0.09,0.14,0.16,0.13,0.12,0.05,0.11,0.1,0.12,0.12,0.1,0.12,0.12,0.11,0.06,0.07,6.54,-0.61,8.04,3.43,2.3,8.96,4.31,8.96,11.28,Upstairs
19,0.11,0.15,0.13,0.15,0.11,0.08,0.12,0.13,0.04,0.01,0.06,0.1,0.16,0.16,0.13,0.08,0.11,0.09,0.08,0.06,0.08,0.1,0.13,0.12,0.1,0.1,0.15,0.1,0.13,0.02,5.79,-0.58,8.27,3.45,1.95,9.16,4.4,9.16,10.82,Upstairs
19,0.01,0.02,0.02,0.05,0.04,0.03,0.03,0.03,0.15,0.11,0.21,0.05,0.04,0.06,0.07,0.05,0.01,0.0,0.0,0.0,0.0,0.0,0.0,0.0,0.0,0.01,0.02,0.03,0.11,0.31,-0.15,2.83,2.03,2.26,1.73,5.62,5.33,5.62,4.7,Upstairs
19,0.11,0.1,0.11,0.11,0.09,0.12,0.09,0.13,0.09,0.07,0.15,0.09,0.09,0.08,0.06,0.12,0.11,0.1,0.12,0.1,0.06,0.09,0.1,0.09,0.06,0.13,0.09,0.14,0.16,0.11,5.11,0.22,6.95,5.05,3.39,8.65,6.34,8.65,11.23,Downstairs
19,0.13,0.08,0.11,0.09,0.1,0.1,0.09,0.08,0.09,0.14,0.09,0.09,0.09,0.09,0.12,0.1,0.1,0.12,0.13,0.1,0.13,0.08,0.1,0.15,0.08,0.1,0.11,0.09,0.08,0.11,5.77,-0.61,7.55,5.0,3.61,9.45,6.41,9.45,12.24,Downstairs
19,0.07,0.11,0.1,0.11,0.11,0.1,0.11,0.09,0.12,0.1,0.07,0.12,0.11,0.13,0.15,0.09,0.1,0.11,0.06,0.09,0.09,0.14,0.1,0.08,0.14,0.12,0.09,0.08,0.08,0.1,4.66,-0.67,7.48,4.32,3.31,9.08,5.83,9.08,11.14,Downstairs
19,0.02,0.04,0.03,0.03,0.03,0.03,0.03,0.05,0.04,0.03,0.03,0.04,0.05,0.02,0.02,0.05,0.02,0.02,0.03,0.05,0.04,0.05,0.02,0.04,0.03,0.01,0.05,0.03,0.02,0.03,1.7,-0.26,2.25,1.74,1.05,9.01,7.27,9.01,3.55,Downstairs
19,0.22,0.09,0.1,0.07,0.02,0.05,0.09,0.06,0.1,0.16,0.16,0.1,0.11,0.05,0.03,0.04,0.08,0.08,0.12,0.21,0.19,0.14,0.07,0.06,0.08,0.06,0.05,0.11,0.15,0.09,3.27,-0.91,9.13,3.87,2.62,10.81,5.11,10.81,11.5,Upstairs
19,0.08,0.1,0.09,0.11,0.09,0.14,0.16,0.07,0.08,0.1,0.09,0.11,0.08,0.07,0.12,0.12,0.13,0.12,0.1,0.07,0.08,0.09,0.09,0.14,0.1,0.1,0.08,0.14,0.1,0.09,2.61,-0.5,9.21,1.9,1.67,10.06,2.58,10.06,10.26,Upstairs
19,0.08,0.1,0.1,0.12,0.11,0.12,0.08,0.15,0.1,0.06,0.06,0.11,0.1,0.12,0.11,0.15,0.11,0.1,0.11,0.06,0.07,0.09,0.12,0.11,0.12,0.12,0.12,0.07,0.06,0.12,2.64,-0.51,9.0,1.69,1.69,9.77,2.22,9.77,9.98,Upstairs
19,0.03,0.09,0.13,0.12,0.16,0.11,0.09,0.08,0.13,0.07,0.1,0.09,0.11,0.14,0.13,0.13,0.08,0.11,0.08,0.06,0.07,0.1,0.11,0.11,0.1,0.1,0.13,0.11,0.09,0.11,2.34,-0.43,9.26,1.84,1.72,9.92,2.47,9.92,10.17,Upstairs
19,0.04,0.05,0.05,0.03,0.05,0.06,0.03,0.09,0.05,0.06,0.04,0.04,0.06,0.06,0.05,0.05,0.04,0.05,0.07,0.06,0.04,0.04,0.05,0.05,0.04,0.07,0.07,0.05,0.06,0.05,1.43,-0.23,4.74,1.18,0.75,10.52,3.05,10.52,5.26,Upstairs
19,0.0,0.02,0.07,0.09,0.08,0.12,0.15,0.16,0.14,0.19,0.1,0.09,0.11,0.12,0.08,0.09,0.1,0.09,0.12,0.13,0.09,0.08,0.13,0.12,0.12,0.14,0.09,0.08,0.09,0.08,8.8,-0.66,3.16,5.05,2.64,4.08,5.89,4.08,10.61,Downstairs
19,0.13,0.12,0.11,0.13,0.13,0.12,0.08,0.07,0.07,0.07,0.1,0.1,0.09,0.11,0.08,0.16,0.11,0.1,0.08,0.1,0.14,0.08,0.08,0.09,0.1,0.09,0.11,0.1,0.11,0.11,8.3,-0.24,4.54,4.47,3.27,5.65,5.51,5.65,10.97,Downstairs
19,0.17,0.15,0.12,0.08,0.11,0.08,0.08,0.08,0.09,0.06,0.11,0.12,0.11,0.08,0.13,0.05,0.09,0.13,0.11,0.08,0.08,0.14,0.1,0.09,0.08,0.07,0.11,0.13,0.1,0.12,8.03,-0.16,5.36,4.83,3.22,6.8,5.68,6.8,11.31,Downstairs
19,0.01,0.03,0.02,0.01,0.0,0.0,0.0,0.0,0.0,0.0,0.0,0.0,0.01,0.0,0.02,0.02,0.01,0.0,0.01,0.0,0.0,0.0,0.01,0.01,0.0,0.01,0.01,0.01,0.02,0.0,0.43,0.03,0.39,0.4,0.09,7.43,7.84,7.43,0.6,Downstairs
19,0.05,0.03,0.05,0.05,0.06,0.06,0.1,0.18,0.24,0.21,0.09,0.03,0.04,0.07,0.05,0.05,0.15,0.17,0.25,0.13,0.35,0.15,0.11,0.05,0.07,0.01,0.06,0.04,0.15,0.03,8.17,-1.42,4.98,0.22,0.35,5.01,0.36,5.01,9.7,Standing
19,0.1,0.07,0.04,0.09,0.05,0.06,0.09,0.15,0.14,0.23,0.11,0.04,0.08,0.11,0.05,0.04,0.13,0.08,0.14,0.24,0.19,0.16,0.1,0.07,0.04,0.03,0.05,0.07,0.16,0.15,8.18,-1.11,5.05,0.31,0.51,5.09,0.4,5.09,9.73,Standing
19,0.14,0.04,0.03,0.08,0.02,0.06,0.08,0.09,0.18,0.29,0.22,0.03,0.05,0.03,0.02,0.03,0.07,0.11,0.17,0.28,0.08,0.08,0.11,0.08,0.1,0.06,0.05,0.08,0.1,0.28,8.21,-0.85,4.97,0.51,0.64,5.05,0.81,5.05,9.72,Standing
19,0.14,0.12,0.04,0.13,0.08,0.07,0.09,0.12,0.17,0.06,0.17,0.1,0.1,0.1,0.04,0.05,0.13,0.09,0.16,0.08,0.1,0.15,0.2,0.11,0.17,0.06,0.08,0.05,0.05,0.05,8.05,-1.3,5.3,0.33,0.23,5.34,0.59,5.34,9.76,Standing
19,0.08,0.04,0.02,0.08,0.07,0.13,0.16,0.17,0.16,0.12,0.06,0.06,0.05,0.09,0.07,0.05,0.23,0.12,0.21,0.09,0.14,0.13,0.11,0.1,0.05,0.05,0.06,0.14,0.09,0.14,8.16,-1.11,5.12,0.21,0.42,5.14,0.32,5.14,9.72,Standing
19,0.02,0.03,0.06,0.15,0.12,0.19,0.15,0.15,0.11,0.05,0.03,0.07,0.08,0.16,0.08,0.1,0.21,0.12,0.11,0.06,0.03,0.07,0.18,0.18,0.15,0.09,0.13,0.13,0.04,0.02,8.09,-1.25,5.19,0.16,0.16,5.21,0.21,5.21,9.7,Standing
19,0.11,0.12,0.16,0.16,0.09,0.06,0.02,0.06,0.07,0.15,0.13,0.09,0.12,0.16,0.1,0.07,0.07,0.02,0.09,0.15,0.04,0.07,0.13,0.13,0.14,0.03,0.1,0.07,0.06,0.21,8.09,-0.59,5.21,0.34,1.02,5.28,0.55,5.28,9.78,Standing
19,0.05,0.2,0.22,0.36,0.1,0.05,0.04,0.01,0.01,0.0,0.05,0.11,0.27,0.32,0.09,0.09,0.07,0.01,0.01,0.0,0.0,0.03,0.04,0.08,0.1,0.15,0.24,0.29,0.08,0.01,7.93,-1.13,5.48,0.08,0.11,5.49,0.12,5.49,9.71,Standing
19,0.12,0.19,0.17,0.27,0.09,0.07,0.04,0.03,0.02,0.01,0.09,0.15,0.19,0.26,0.08,0.07,0.1,0.04,0.04,0.01,0.03,0.08,0.06,0.1,0.07,0.05,0.1,0.23,0.23,0.08,7.95,-1.06,5.48,0.12,0.25,5.49,0.18,5.49,9.72,Standing
19,0.15,0.09,0.05,0.1,0.1,0.17,0.15,0.11,0.09,0.03,0.11,0.07,0.05,0.12,0.1,0.11,0.23,0.09,0.11,0.04,0.02,0.09,0.1,0.09,0.14,0.07,0.09,0.14,0.15,0.13,8.04,-1.06,5.34,0.18,0.31,5.36,0.25,5.36,9.73,Standing
19,0.0,0.0,0.0,0.08,0.19,0.19,0.14,0.02,0.02,0.02,0.01,0.0,0.0,0.07,0.13,0.12,0.24,0.03,0.04,0.02,0.0,0.0,0.0,0.0,0.12,0.09,0.24,0.08,0.08,0.04,5.14,-0.67,3.34,1.88,0.28,5.26,2.96,5.26,6.17,Standing
19,0.04,0.08,0.0,0.0,0.35,0.0,0.0,0.0,0.45,0.09,0.0,0.02,0.05,0.09,0.28,0.0,0.29,0.16,0.06,0.07,0.07,0.02,0.03,0.04,0.08,0.0,0.18,0.25,0.32,0.03,-0.77,2.31,8.94,0.06,0.08,8.95,0.15,8.95,9.27,Sitting
19,0.01,0.05,0.0,0.0,0.45,0.0,0.0,0.0,0.49,0.02,0.0,0.0,0.0,0.02,0.12,0.0,0.53,0.28,0.06,0.01,0.0,0.0,0.0,0.02,0.05,0.0,0.25,0.32,0.37,0.0,-0.75,2.34,8.94,0.03,0.03,8.94,0.04,8.94,9.27,Sitting
19,0.17,0.07,0.0,0.0,0.25,0.0,0.0,0.0,0.34,0.18,0.03,0.09,0.36,0.24,0.09,0.0,0.09,0.04,0.06,0.03,0.04,0.07,0.05,0.19,0.23,0.0,0.2,0.13,0.1,0.0,-0.86,2.26,8.94,0.08,0.06,8.94,0.12,8.94,9.26,Sitting
19,0.03,0.05,0.0,0.0,0.08,0.0,0.0,0.0,0.46,0.39,0.01,0.06,0.11,0.03,0.05,0.0,0.11,0.29,0.31,0.06,0.24,0.63,0.06,0.03,0.02,0.0,0.01,0.01,0.02,0.0,-0.75,2.09,8.99,0.08,0.07,8.99,0.11,8.99,9.26,Sitting
19,0.01,0.02,0.0,0.0,0.21,0.0,0.0,0.0,0.65,0.12,0.0,0.0,0.01,0.01,0.21,0.0,0.49,0.22,0.08,0.01,0.0,0.11,0.04,0.11,0.21,0.0,0.43,0.12,0.01,0.0,-0.75,2.27,8.96,0.03,0.05,8.96,0.04,8.96,9.27,Sitting
19,0.05,0.06,0.0,0.0,0.26,0.0,0.0,0.0,0.54,0.1,0.0,0.0,0.16,0.18,0.26,0.0,0.23,0.15,0.02,0.01,0.01,0.02,0.06,0.14,0.28,0.0,0.34,0.11,0.04,0.02,-0.8,2.28,8.95,0.05,0.05,8.95,0.06,8.95,9.27,Sitting
19,0.18,0.17,0.0,0.0,0.28,0.0,0.0,0.0,0.33,0.05,0.0,0.0,0.15,0.18,0.14,0.0,0.05,0.03,0.07,0.39,0.0,0.0,0.0,0.03,0.1,0.0,0.13,0.11,0.27,0.37,-0.69,2.48,8.91,0.15,0.16,8.91,0.17,8.91,9.28,Sitting
19,0.11,0.15,0.0,0.0,0.34,0.0,0.0,0.0,0.25,0.17,0.0,0.0,0.03,0.03,0.03,0.0,0.05,0.1,0.29,0.49,0.06,0.04,0.02,0.04,0.05,0.0,0.02,0.02,0.29,0.49,-0.61,2.44,8.95,0.11,0.14,8.95,0.14,8.95,9.3,Sitting
19,0.18,0.07,0.0,0.0,0.22,0.0,0.0,0.0,0.33,0.21,0.04,0.55,0.07,0.05,0.02,0.0,0.04,0.07,0.09,0.09,0.21,0.06,0.06,0.14,0.2,0.0,0.11,0.03,0.09,0.13,-0.92,2.2,8.96,0.19,0.19,8.97,0.23,8.97,9.28,Sitting
19,0.17,0.25,0.0,0.0,0.23,0.0,0.0,0.0,0.1,0.25,0.72,0.17,0.06,0.01,0.03,0.0,0.0,0.0,0.01,0.01,0.32,0.04,0.03,0.1,0.19,0.0,0.17,0.08,0.06,0.02,-1.2,2.05,8.95,0.17,0.33,8.96,0.3,8.96,9.28,Sitting
19,0.05,0.08,0.0,0.0,0.09,0.0,0.0,0.0,0.03,0.03,0.24,0.03,0.0,0.0,0.0,0.0,0.0,0.0,0.0,0.0,0.02,0.01,0.01,0.03,0.08,0.0,0.06,0.02,0.04,0.02,-0.34,0.6,2.36,0.25,0.44,8.9,0.96,8.9,2.46,Sitting
